solid ASCII
  facet normal -7.058803e-01 3.522902e-02 7.074545e-01
    outer loop
      vertex   -2.876615e+01 -3.235955e-01 1.873993e+01
      vertex   -2.806637e+01 -3.591927e-01 1.943993e+01
      vertex   -2.875000e+01 -3.980102e-16 1.873993e+01
    endloop
  endfacet
  facet normal -7.067401e-01 3.220036e-02 7.067401e-01
    outer loop
      vertex   -2.875000e+01 -3.980102e-16 1.873993e+01
      vertex   -2.806637e+01 -3.591927e-01 1.943993e+01
      vertex   -2.805000e+01 4.837355e-16 1.943993e+01
    endloop
  endfacet
  facet normal -7.067401e-01 -3.220036e-02 7.067401e-01
    outer loop
      vertex   -2.875000e+01 -3.980102e-16 1.873993e+01
      vertex   -2.805000e+01 4.837355e-16 1.943993e+01
      vertex   -2.806637e+01 3.591927e-01 1.943993e+01
    endloop
  endfacet
  facet normal -7.014652e-01 9.641417e-02 7.061522e-01
    outer loop
      vertex   -2.806637e+01 -3.591927e-01 1.943993e+01
      vertex   -2.876615e+01 -3.235955e-01 1.873993e+01
      vertex   -2.811533e+01 -7.154090e-01 1.943993e+01
    endloop
  endfacet
  facet normal -6.982351e-01 1.052420e-01 7.080903e-01
    outer loop
      vertex   -2.811533e+01 -7.154090e-01 1.943993e+01
      vertex   -2.876615e+01 -3.235955e-01 1.873993e+01
      vertex   -2.881444e+01 -6.439750e-01 1.873993e+01
    endloop
  endfacet
  facet normal -6.902432e-01 1.599070e-01 7.056870e-01
    outer loop
      vertex   -2.811533e+01 -7.154090e-01 1.943993e+01
      vertex   -2.881444e+01 -6.439750e-01 1.873993e+01
      vertex   -2.819648e+01 -1.065697e+00 1.943993e+01
    endloop
  endfacet
  facet normal -6.838150e-01 1.741207e-01 7.085753e-01
    outer loop
      vertex   -2.819648e+01 -1.065697e+00 1.943993e+01
      vertex   -2.881444e+01 -6.439750e-01 1.873993e+01
      vertex   -2.889439e+01 -9.579543e-01 1.873993e+01
    endloop
  endfacet
  facet normal -6.731654e-01 2.221183e-01 7.053452e-01
    outer loop
      vertex   -2.819648e+01 -1.065697e+00 1.943993e+01
      vertex   -2.889439e+01 -9.579543e-01 1.873993e+01
      vertex   -2.830914e+01 -1.407155e+00 1.943993e+01
    endloop
  endfacet
  facet normal -6.627637e-01 2.412262e-01 7.089106e-01
    outer loop
      vertex   -2.830914e+01 -1.407155e+00 1.943993e+01
      vertex   -2.889439e+01 -9.579543e-01 1.873993e+01
      vertex   -2.900520e+01 -1.262413e+00 1.873993e+01
    endloop
  endfacet
  facet normal -6.503767e-01 2.824985e-01 7.051274e-01
    outer loop
      vertex   -2.830914e+01 -1.407155e+00 1.943993e+01
      vertex   -2.900520e+01 -1.262413e+00 1.873993e+01
      vertex   -2.845240e+01 -1.736952e+00 1.943993e+01
    endloop
  endfacet
  facet normal -6.352833e-01 3.059363e-01 7.090966e-01
    outer loop
      vertex   -2.845240e+01 -1.736952e+00 1.943993e+01
      vertex   -2.900520e+01 -1.262413e+00 1.873993e+01
      vertex   -2.914578e+01 -1.554325e+00 1.873993e+01
    endloop
  endfacet
  facet normal -6.220746e-01 3.405145e-01 7.050341e-01
    outer loop
      vertex   -2.845240e+01 -1.736952e+00 1.943993e+01
      vertex   -2.914578e+01 -1.554325e+00 1.873993e+01
      vertex   -2.862504e+01 -2.052357e+00 1.943993e+01
    endloop
  endfacet
  facet normal -6.016331e-01 3.676504e-01 7.091338e-01
    outer loop
      vertex   -2.862504e+01 -2.052357e+00 1.943993e+01
      vertex   -2.914578e+01 -1.554325e+00 1.873993e+01
      vertex   -2.931472e+01 -1.830790e+00 1.873993e+01
    endloop
  endfacet
  facet normal -5.885069e-01 3.956547e-01 7.050652e-01
    outer loop
      vertex   -2.862504e+01 -2.052357e+00 1.943993e+01
      vertex   -2.931472e+01 -1.830790e+00 1.873993e+01
      vertex   -2.882566e+01 -2.350755e+00 1.943993e+01
    endloop
  endfacet
  facet normal -5.621268e-01 4.257945e-01 7.090222e-01
    outer loop
      vertex   -2.882566e+01 -2.350755e+00 1.943993e+01
      vertex   -2.931472e+01 -1.830790e+00 1.873993e+01
      vertex   -2.951036e+01 -2.089060e+00 1.873993e+01
    endloop
  endfacet
  facet normal -5.499698e-01 4.474336e-01 7.052208e-01
    outer loop
      vertex   -2.882566e+01 -2.350755e+00 1.943993e+01
      vertex   -2.951036e+01 -2.089060e+00 1.873993e+01
      vertex   -2.905257e+01 -2.629673e+00 1.943993e+01
    endloop
  endfacet
  facet normal -5.171300e-01 4.798265e-01 7.087617e-01
    outer loop
      vertex   -2.905257e+01 -2.629673e+00 1.943993e+01
      vertex   -2.951036e+01 -2.089060e+00 1.873993e+01
      vertex   -2.973073e+01 -2.326567e+00 1.873993e+01
    endloop
  endfacet
  facet normal -5.068048e-01 4.953966e-01 7.055006e-01
    outer loop
      vertex   -2.905257e+01 -2.629673e+00 1.943993e+01
      vertex   -2.973073e+01 -2.326567e+00 1.873993e+01
      vertex   -2.930392e+01 -2.886802e+00 1.943993e+01
    endloop
  endfacet
  facet normal -4.670574e-01 5.292404e-01 7.083516e-01
    outer loop
      vertex   -2.930392e+01 -2.886802e+00 1.943993e+01
      vertex   -2.973073e+01 -2.326567e+00 1.873993e+01
      vertex   -2.997366e+01 -2.540952e+00 1.873993e+01
    endloop
  endfacet
  facet normal -4.593954e-01 5.391244e-01 7.059042e-01
    outer loop
      vertex   -2.930392e+01 -2.886802e+00 1.943993e+01
      vertex   -2.997366e+01 -2.540952e+00 1.873993e+01
      vertex   -2.957760e+01 -3.120010e+00 1.943993e+01
    endloop
  endfacet
  facet normal -4.123691e-01 5.735705e-01 7.077913e-01
    outer loop
      vertex   -2.957760e+01 -3.120010e+00 1.943993e+01
      vertex   -2.997366e+01 -2.540952e+00 1.873993e+01
      vertex   -3.023672e+01 -2.730084e+00 1.873993e+01
    endloop
  endfacet
  facet normal -4.081640e-01 5.782366e-01 7.064309e-01
    outer loop
      vertex   -2.957760e+01 -3.120010e+00 1.943993e+01
      vertex   -3.023672e+01 -2.730084e+00 1.873993e+01
      vertex   -2.987135e+01 -3.327364e+00 1.943993e+01
    endloop
  endfacet
  facet normal -3.535669e-01 6.123958e-01 7.070798e-01
    outer loop
      vertex   -2.987135e+01 -3.327364e+00 1.943993e+01
      vertex   -3.023672e+01 -2.730084e+00 1.873993e+01
      vertex   -3.051732e+01 -2.892083e+00 1.873993e+01
    endloop
  endfacet
  facet normal -3.535669e-01 6.123958e-01 7.070798e-01
    outer loop
      vertex   -2.987135e+01 -3.327364e+00 1.943993e+01
      vertex   -3.051732e+01 -2.892083e+00 1.873993e+01
      vertex   -3.018274e+01 -3.507147e+00 1.943993e+01
    endloop
  endfacet
  facet normal -2.966856e-01 6.425987e-01 7.064309e-01
    outer loop
      vertex   -3.018274e+01 -3.507147e+00 1.943993e+01
      vertex   -3.051732e+01 -2.892083e+00 1.873993e+01
      vertex   -3.050919e+01 -3.657868e+00 1.943993e+01
    endloop
  endfacet
  facet normal -2.905421e-01 6.439074e-01 7.077913e-01
    outer loop
      vertex   -3.050919e+01 -3.657868e+00 1.943993e+01
      vertex   -3.051732e+01 -2.892083e+00 1.873993e+01
      vertex   -3.081264e+01 -3.025340e+00 1.873993e+01
    endloop
  endfacet
  facet normal -2.371977e-01 6.674103e-01 7.059042e-01
    outer loop
      vertex   -3.050919e+01 -3.657868e+00 1.943993e+01
      vertex   -3.081264e+01 -3.025340e+00 1.873993e+01
      vertex   -3.084800e+01 -3.778279e+00 1.943993e+01
    endloop
  endfacet
  facet normal -2.248069e-01 6.691038e-01 7.083516e-01
    outer loop
      vertex   -3.084800e+01 -3.778279e+00 1.943993e+01
      vertex   -3.081264e+01 -3.025340e+00 1.873993e+01
      vertex   -3.111977e+01 -3.128529e+00 1.873993e+01
    endloop
  endfacet
  facet normal -1.756237e-01 6.866041e-01 7.055006e-01
    outer loop
      vertex   -3.084800e+01 -3.778279e+00 1.943993e+01
      vertex   -3.111977e+01 -3.128529e+00 1.873993e+01
      vertex   -3.119635e+01 -3.867382e+00 1.943993e+01
    endloop
  endfacet
  facet normal -1.569770e-01 6.877610e-01 7.087617e-01
    outer loop
      vertex   -3.119635e+01 -3.867382e+00 1.943993e+01
      vertex   -3.111977e+01 -3.128529e+00 1.873993e+01
      vertex   -3.143564e+01 -3.200625e+00 1.873993e+01
    endloop
  endfacet
  facet normal -1.125040e-01 7.000046e-01 7.052208e-01
    outer loop
      vertex   -3.119635e+01 -3.867382e+00 1.943993e+01
      vertex   -3.143564e+01 -3.200625e+00 1.873993e+01
      vertex   -3.155136e+01 -3.924439e+00 1.943993e+01
    endloop
  endfacet
  facet normal -8.768545e-02 6.997133e-01 7.090222e-01
    outer loop
      vertex   -3.155136e+01 -3.924439e+00 1.943993e+01
      vertex   -3.143564e+01 -3.200625e+00 1.873993e+01
      vertex   -3.175713e+01 -3.240912e+00 1.873993e+01
    endloop
  endfacet
  facet normal -4.839360e-02 7.074893e-01 7.050652e-01
    outer loop
      vertex   -3.155136e+01 -3.924439e+00 1.943993e+01
      vertex   -3.175713e+01 -3.240912e+00 1.873993e+01
      vertex   -3.191009e+01 -3.948976e+00 1.943993e+01
    endloop
  endfacet
  facet normal -1.757798e-02 7.048547e-01 7.091338e-01
    outer loop
      vertex   -3.191009e+01 -3.948976e+00 1.943993e+01
      vertex   -3.175713e+01 -3.240912e+00 1.873993e+01
      vertex   -3.208102e+01 -3.248990e+00 1.873993e+01
    endloop
  endfacet
  facet normal 1.614306e-02 7.089897e-01 7.050341e-01
    outer loop
      vertex   -3.191009e+01 -3.948976e+00 1.943993e+01
      vertex   -3.208102e+01 -3.248990e+00 1.873993e+01
      vertex   -3.226956e+01 -3.940792e+00 1.943993e+01
    endloop
  endfacet
  facet normal 5.269303e-02 7.031397e-01 7.090966e-01
    outer loop
      vertex   -3.226956e+01 -3.940792e+00 1.943993e+01
      vertex   -3.208102e+01 -3.248990e+00 1.873993e+01
      vertex   -3.240412e+01 -3.224777e+00 1.873993e+01
    endloop
  endfacet
  facet normal 8.053751e-02 7.044920e-01 7.051274e-01
    outer loop
      vertex   -3.226956e+01 -3.940792e+00 1.943993e+01
      vertex   -3.240412e+01 -3.224777e+00 1.873993e+01
      vertex   -3.262680e+01 -3.899952e+00 1.943993e+01
    endloop
  endfacet
  facet normal 1.224738e-01 6.945833e-01 7.089106e-01
    outer loop
      vertex   -3.262680e+01 -3.899952e+00 1.943993e+01
      vertex   -3.240412e+01 -3.224777e+00 1.873993e+01
      vertex   -3.272319e+01 -3.168516e+00 1.873993e+01
    endloop
  endfacet
  facet normal 1.442226e-01 6.940374e-01 7.053452e-01
    outer loop
      vertex   -3.262680e+01 -3.899952e+00 1.943993e+01
      vertex   -3.272319e+01 -3.168516e+00 1.873993e+01
      vertex   -3.297884e+01 -3.826796e+00 1.943993e+01
    endloop
  endfacet
  facet normal 1.911146e-01 6.792615e-01 7.085753e-01
    outer loop
      vertex   -3.297884e+01 -3.826796e+00 1.943993e+01
      vertex   -3.272319e+01 -3.168516e+00 1.873993e+01
      vertex   -3.303508e+01 -3.080764e+00 1.873993e+01
    endloop
  endfacet
  facet normal 2.066381e-01 6.777216e-01 7.056870e-01
    outer loop
      vertex   -3.297884e+01 -3.826796e+00 1.943993e+01
      vertex   -3.303508e+01 -3.080764e+00 1.873993e+01
      vertex   -3.332277e+01 -3.721931e+00 1.943993e+01
    endloop
  endfacet
  facet normal 2.579753e-01 6.573103e-01 7.080903e-01
    outer loop
      vertex   -3.332277e+01 -3.721931e+00 1.943993e+01
      vertex   -3.303508e+01 -3.080764e+00 1.873993e+01
      vertex   -3.333668e+01 -2.962394e+00 1.873993e+01
    endloop
  endfacet
  facet normal 2.672355e-01 6.556937e-01 7.061522e-01
    outer loop
      vertex   -3.332277e+01 -3.721931e+00 1.943993e+01
      vertex   -3.333668e+01 -2.962394e+00 1.873993e+01
      vertex   -3.365575e+01 -3.586224e+00 1.943993e+01
    endloop
  endfacet
  facet normal 3.224309e-01 6.289248e-01 7.074545e-01
    outer loop
      vertex   -3.365575e+01 -3.586224e+00 1.943993e+01
      vertex   -3.333668e+01 -2.962394e+00 1.873993e+01
      vertex   -3.362500e+01 -2.814583e+00 1.873993e+01
    endloop
  endfacet
  facet normal 3.254837e-01 6.281551e-01 7.067401e-01
    outer loop
      vertex   -3.365575e+01 -3.586224e+00 1.943993e+01
      vertex   -3.362500e+01 -2.814583e+00 1.873993e+01
      vertex   -3.397500e+01 -3.420800e+00 1.943993e+01
    endloop
  endfacet
  facet normal 3.812564e-01 5.959547e-01 7.067401e-01
    outer loop
      vertex   -3.397500e+01 -3.420800e+00 1.943993e+01
      vertex   -3.362500e+01 -2.814583e+00 1.873993e+01
      vertex   -3.427789e+01 -3.227031e+00 1.943993e+01
    endloop
  endfacet
  facet normal 3.834494e-01 5.936958e-01 7.074545e-01
    outer loop
      vertex   -3.427789e+01 -3.227031e+00 1.943993e+01
      vertex   -3.362500e+01 -2.814583e+00 1.873993e+01
      vertex   -3.389717e+01 -2.638799e+00 1.873993e+01
    endloop
  endfacet
  facet normal 4.342297e-01 5.592796e-01 7.061522e-01
    outer loop
      vertex   -3.427789e+01 -3.227031e+00 1.943993e+01
      vertex   -3.389717e+01 -2.638799e+00 1.873993e+01
      vertex   -3.456190e+01 -3.006522e+00 1.943993e+01
    endloop
  endfacet
  facet normal 4.402598e-01 5.520683e-01 7.080903e-01
    outer loop
      vertex   -3.456190e+01 -3.006522e+00 1.943993e+01
      vertex   -3.389717e+01 -2.638799e+00 1.873993e+01
      vertex   -3.415048e+01 -2.436789e+00 1.873993e+01
    endloop
  endfacet
  facet normal 4.836051e-01 5.178146e-01 7.056870e-01
    outer loop
      vertex   -3.456190e+01 -3.006522e+00 1.943993e+01
      vertex   -3.415048e+01 -2.436789e+00 1.873993e+01
      vertex   -3.482468e+01 -2.761099e+00 1.943993e+01
    endloop
  endfacet
  facet normal 4.927004e-01 5.051408e-01 7.085753e-01
    outer loop
      vertex   -3.482468e+01 -2.761099e+00 1.943993e+01
      vertex   -3.415048e+01 -2.436789e+00 1.873993e+01
      vertex   -3.438242e+01 -2.210561e+00 1.873993e+01
    endloop
  endfacet
  facet normal 5.289427e-01 4.719192e-01 7.053452e-01
    outer loop
      vertex   -3.482468e+01 -2.761099e+00 1.943993e+01
      vertex   -3.438242e+01 -2.210561e+00 1.873993e+01
      vertex   -3.506406e+01 -2.492797e+00 1.943993e+01
    endloop
  endfacet
  facet normal 5.402899e-01 4.533570e-01 7.089106e-01
    outer loop
      vertex   -3.506406e+01 -2.492797e+00 1.943993e+01
      vertex   -3.438242e+01 -2.210561e+00 1.873993e+01
      vertex   -3.459068e+01 -1.962364e+00 1.873993e+01
    endloop
  endfacet
  facet normal 5.698392e-01 4.219935e-01 7.051274e-01
    outer loop
      vertex   -3.506406e+01 -2.492797e+00 1.943993e+01
      vertex   -3.459068e+01 -1.962364e+00 1.873993e+01
      vertex   -3.527805e+01 -2.203839e+00 1.943993e+01
    endloop
  endfacet
  facet normal 5.825903e-01 3.972033e-01 7.090966e-01
    outer loop
      vertex   -3.527805e+01 -2.203839e+00 1.943993e+01
      vertex   -3.459068e+01 -1.962364e+00 1.873993e+01
      vertex   -3.477320e+01 -1.694664e+00 1.873993e+01
    endloop
  endfacet
  facet normal 6.059316e-01 3.684751e-01 7.050341e-01
    outer loop
      vertex   -3.527805e+01 -2.203839e+00 1.943993e+01
      vertex   -3.477320e+01 -1.694664e+00 1.873993e+01
      vertex   -3.546487e+01 -1.896620e+00 1.943993e+01
    endloop
  endfacet
  facet normal 6.192111e-01 3.372044e-01 7.091338e-01
    outer loop
      vertex   -3.546487e+01 -1.896620e+00 1.943993e+01
      vertex   -3.477320e+01 -1.694664e+00 1.873993e+01
      vertex   -3.492815e+01 -1.410122e+00 1.873993e+01
    endloop
  endfacet
  facet normal 6.369005e-01 3.118346e-01 7.050652e-01
    outer loop
      vertex   -3.546487e+01 -1.896620e+00 1.943993e+01
      vertex   -3.492815e+01 -1.410122e+00 1.873993e+01
      vertex   -3.562298e+01 -1.573684e+00 1.943993e+01
    endloop
  endfacet
  facet normal 6.498122e-01 2.739188e-01 7.090222e-01
    outer loop
      vertex   -3.562298e+01 -1.573684e+00 1.943993e+01
      vertex   -3.492815e+01 -1.410122e+00 1.873993e+01
      vertex   -3.505400e+01 -1.111565e+00 1.873993e+01
    endloop
  endfacet
  facet normal 6.624738e-01 2.525710e-01 7.052208e-01
    outer loop
      vertex   -3.562298e+01 -1.573684e+00 1.943993e+01
      vertex   -3.505400e+01 -1.111565e+00 1.873993e+01
      vertex   -3.575108e+01 -1.237709e+00 1.943993e+01
    endloop
  endfacet
  facet normal 6.741070e-01 2.079345e-01 7.087617e-01
    outer loop
      vertex   -3.575108e+01 -1.237709e+00 1.943993e+01
      vertex   -3.505400e+01 -1.111565e+00 1.873993e+01
      vertex   -3.514950e+01 -8.019615e-01 1.873993e+01
    endloop
  endfacet
  facet normal 6.824284e-01 1.912075e-01 7.055006e-01
    outer loop
      vertex   -3.575108e+01 -1.237709e+00 1.943993e+01
      vertex   -3.514950e+01 -8.019615e-01 1.873993e+01
      vertex   -3.584809e+01 -8.914770e-01 1.943993e+01
    endloop
  endfacet
  facet normal 6.918643e-01 1.398634e-01 7.083516e-01
    outer loop
      vertex   -3.584809e+01 -8.914770e-01 1.943993e+01
      vertex   -3.514950e+01 -8.019615e-01 1.873993e+01
      vertex   -3.521370e+01 -4.843874e-01 1.873993e+01
    endloop
  endfacet
  facet normal 6.965931e-01 1.282859e-01 7.059042e-01
    outer loop
      vertex   -3.584809e+01 -8.914770e-01 1.943993e+01
      vertex   -3.521370e+01 -4.843874e-01 1.873993e+01
      vertex   -3.591321e+01 -5.378583e-01 1.943993e+01
    endloop
  endfacet
  facet normal 7.029112e-01 7.033688e-02 7.077913e-01
    outer loop
      vertex   -3.591321e+01 -5.378583e-01 1.943993e+01
      vertex   -3.521370e+01 -4.843874e-01 1.873993e+01
      vertex   -3.524596e+01 -1.619991e-01 1.873993e+01
    endloop
  endfacet
  facet normal 7.048496e-01 6.436206e-02 7.064309e-01
    outer loop
      vertex   -3.591321e+01 -5.378583e-01 1.943993e+01
      vertex   -3.524596e+01 -1.619991e-01 1.873993e+01
      vertex   -3.594591e+01 -1.797827e-01 1.943993e+01
    endloop
  endfacet
  facet normal 7.071338e-01 -7.627267e-17 7.070798e-01
    outer loop
      vertex   -3.594591e+01 -1.797827e-01 1.943993e+01
      vertex   -3.524596e+01 -1.619991e-01 1.873993e+01
      vertex   -3.524596e+01 1.619991e-01 1.873993e+01
    endloop
  endfacet
  facet normal 7.071338e-01 -0.000000e+00 7.070798e-01
    outer loop
      vertex   -3.594591e+01 -1.797827e-01 1.943993e+01
      vertex   -3.524596e+01 1.619991e-01 1.873993e+01
      vertex   -3.594591e+01 1.797827e-01 1.943993e+01
    endloop
  endfacet
  facet normal 7.048496e-01 -6.436206e-02 7.064309e-01
    outer loop
      vertex   -3.594591e+01 1.797827e-01 1.943993e+01
      vertex   -3.524596e+01 1.619991e-01 1.873993e+01
      vertex   -3.591321e+01 5.378583e-01 1.943993e+01
    endloop
  endfacet
  facet normal 7.029112e-01 -7.033688e-02 7.077913e-01
    outer loop
      vertex   -3.591321e+01 5.378583e-01 1.943993e+01
      vertex   -3.524596e+01 1.619991e-01 1.873993e+01
      vertex   -3.521370e+01 4.843874e-01 1.873993e+01
    endloop
  endfacet
  facet normal 6.965931e-01 -1.282859e-01 7.059042e-01
    outer loop
      vertex   -3.591321e+01 5.378583e-01 1.943993e+01
      vertex   -3.521370e+01 4.843874e-01 1.873993e+01
      vertex   -3.584809e+01 8.914770e-01 1.943993e+01
    endloop
  endfacet
  facet normal 6.918643e-01 -1.398634e-01 7.083516e-01
    outer loop
      vertex   -3.584809e+01 8.914770e-01 1.943993e+01
      vertex   -3.521370e+01 4.843874e-01 1.873993e+01
      vertex   -3.514950e+01 8.019615e-01 1.873993e+01
    endloop
  endfacet
  facet normal 6.824284e-01 -1.912075e-01 7.055006e-01
    outer loop
      vertex   -3.584809e+01 8.914770e-01 1.943993e+01
      vertex   -3.514950e+01 8.019615e-01 1.873993e+01
      vertex   -3.575108e+01 1.237709e+00 1.943993e+01
    endloop
  endfacet
  facet normal 6.741070e-01 -2.079345e-01 7.087617e-01
    outer loop
      vertex   -3.575108e+01 1.237709e+00 1.943993e+01
      vertex   -3.514950e+01 8.019615e-01 1.873993e+01
      vertex   -3.505400e+01 1.111565e+00 1.873993e+01
    endloop
  endfacet
  facet normal 6.624738e-01 -2.525710e-01 7.052208e-01
    outer loop
      vertex   -3.575108e+01 1.237709e+00 1.943993e+01
      vertex   -3.505400e+01 1.111565e+00 1.873993e+01
      vertex   -3.562298e+01 1.573684e+00 1.943993e+01
    endloop
  endfacet
  facet normal 6.498122e-01 -2.739188e-01 7.090222e-01
    outer loop
      vertex   -3.562298e+01 1.573684e+00 1.943993e+01
      vertex   -3.505400e+01 1.111565e+00 1.873993e+01
      vertex   -3.492815e+01 1.410122e+00 1.873993e+01
    endloop
  endfacet
  facet normal 6.369005e-01 -3.118346e-01 7.050652e-01
    outer loop
      vertex   -3.562298e+01 1.573684e+00 1.943993e+01
      vertex   -3.492815e+01 1.410122e+00 1.873993e+01
      vertex   -3.546487e+01 1.896620e+00 1.943993e+01
    endloop
  endfacet
  facet normal 6.192111e-01 -3.372044e-01 7.091338e-01
    outer loop
      vertex   -3.546487e+01 1.896620e+00 1.943993e+01
      vertex   -3.492815e+01 1.410122e+00 1.873993e+01
      vertex   -3.477320e+01 1.694664e+00 1.873993e+01
    endloop
  endfacet
  facet normal 6.059316e-01 -3.684751e-01 7.050341e-01
    outer loop
      vertex   -3.546487e+01 1.896620e+00 1.943993e+01
      vertex   -3.477320e+01 1.694664e+00 1.873993e+01
      vertex   -3.527805e+01 2.203839e+00 1.943993e+01
    endloop
  endfacet
  facet normal 5.825903e-01 -3.972033e-01 7.090966e-01
    outer loop
      vertex   -3.527805e+01 2.203839e+00 1.943993e+01
      vertex   -3.477320e+01 1.694664e+00 1.873993e+01
      vertex   -3.459068e+01 1.962364e+00 1.873993e+01
    endloop
  endfacet
  facet normal 5.698392e-01 -4.219935e-01 7.051274e-01
    outer loop
      vertex   -3.527805e+01 2.203839e+00 1.943993e+01
      vertex   -3.459068e+01 1.962364e+00 1.873993e+01
      vertex   -3.506406e+01 2.492797e+00 1.943993e+01
    endloop
  endfacet
  facet normal 5.402899e-01 -4.533570e-01 7.089106e-01
    outer loop
      vertex   -3.506406e+01 2.492797e+00 1.943993e+01
      vertex   -3.459068e+01 1.962364e+00 1.873993e+01
      vertex   -3.438242e+01 2.210561e+00 1.873993e+01
    endloop
  endfacet
  facet normal 5.289427e-01 -4.719192e-01 7.053452e-01
    outer loop
      vertex   -3.506406e+01 2.492797e+00 1.943993e+01
      vertex   -3.438242e+01 2.210561e+00 1.873993e+01
      vertex   -3.482468e+01 2.761099e+00 1.943993e+01
    endloop
  endfacet
  facet normal 4.927004e-01 -5.051408e-01 7.085753e-01
    outer loop
      vertex   -3.482468e+01 2.761099e+00 1.943993e+01
      vertex   -3.438242e+01 2.210561e+00 1.873993e+01
      vertex   -3.415048e+01 2.436789e+00 1.873993e+01
    endloop
  endfacet
  facet normal 4.836051e-01 -5.178146e-01 7.056870e-01
    outer loop
      vertex   -3.482468e+01 2.761099e+00 1.943993e+01
      vertex   -3.415048e+01 2.436789e+00 1.873993e+01
      vertex   -3.456190e+01 3.006522e+00 1.943993e+01
    endloop
  endfacet
  facet normal 4.402598e-01 -5.520683e-01 7.080903e-01
    outer loop
      vertex   -3.456190e+01 3.006522e+00 1.943993e+01
      vertex   -3.415048e+01 2.436789e+00 1.873993e+01
      vertex   -3.389717e+01 2.638799e+00 1.873993e+01
    endloop
  endfacet
  facet normal 4.342297e-01 -5.592796e-01 7.061522e-01
    outer loop
      vertex   -3.456190e+01 3.006522e+00 1.943993e+01
      vertex   -3.389717e+01 2.638799e+00 1.873993e+01
      vertex   -3.427789e+01 3.227031e+00 1.943993e+01
    endloop
  endfacet
  facet normal 3.834494e-01 -5.936958e-01 7.074545e-01
    outer loop
      vertex   -3.427789e+01 3.227031e+00 1.943993e+01
      vertex   -3.389717e+01 2.638799e+00 1.873993e+01
      vertex   -3.362500e+01 2.814583e+00 1.873993e+01
    endloop
  endfacet
  facet normal 3.812564e-01 -5.959547e-01 7.067401e-01
    outer loop
      vertex   -3.427789e+01 3.227031e+00 1.943993e+01
      vertex   -3.362500e+01 2.814583e+00 1.873993e+01
      vertex   -3.397500e+01 3.420800e+00 1.943993e+01
    endloop
  endfacet
  facet normal 3.254837e-01 -6.281551e-01 7.067401e-01
    outer loop
      vertex   -3.397500e+01 3.420800e+00 1.943993e+01
      vertex   -3.362500e+01 2.814583e+00 1.873993e+01
      vertex   -3.365575e+01 3.586224e+00 1.943993e+01
    endloop
  endfacet
  facet normal 3.224309e-01 -6.289248e-01 7.074545e-01
    outer loop
      vertex   -3.365575e+01 3.586224e+00 1.943993e+01
      vertex   -3.362500e+01 2.814583e+00 1.873993e+01
      vertex   -3.333668e+01 2.962394e+00 1.873993e+01
    endloop
  endfacet
  facet normal 2.672355e-01 -6.556937e-01 7.061522e-01
    outer loop
      vertex   -3.365575e+01 3.586224e+00 1.943993e+01
      vertex   -3.333668e+01 2.962394e+00 1.873993e+01
      vertex   -3.332277e+01 3.721931e+00 1.943993e+01
    endloop
  endfacet
  facet normal 2.579753e-01 -6.573103e-01 7.080903e-01
    outer loop
      vertex   -3.332277e+01 3.721931e+00 1.943993e+01
      vertex   -3.333668e+01 2.962394e+00 1.873993e+01
      vertex   -3.303508e+01 3.080764e+00 1.873993e+01
    endloop
  endfacet
  facet normal 2.066381e-01 -6.777216e-01 7.056870e-01
    outer loop
      vertex   -3.332277e+01 3.721931e+00 1.943993e+01
      vertex   -3.303508e+01 3.080764e+00 1.873993e+01
      vertex   -3.297884e+01 3.826796e+00 1.943993e+01
    endloop
  endfacet
  facet normal 1.911146e-01 -6.792615e-01 7.085753e-01
    outer loop
      vertex   -3.297884e+01 3.826796e+00 1.943993e+01
      vertex   -3.303508e+01 3.080764e+00 1.873993e+01
      vertex   -3.272319e+01 3.168516e+00 1.873993e+01
    endloop
  endfacet
  facet normal 1.442226e-01 -6.940374e-01 7.053452e-01
    outer loop
      vertex   -3.297884e+01 3.826796e+00 1.943993e+01
      vertex   -3.272319e+01 3.168516e+00 1.873993e+01
      vertex   -3.262680e+01 3.899952e+00 1.943993e+01
    endloop
  endfacet
  facet normal 1.224738e-01 -6.945833e-01 7.089106e-01
    outer loop
      vertex   -3.262680e+01 3.899952e+00 1.943993e+01
      vertex   -3.272319e+01 3.168516e+00 1.873993e+01
      vertex   -3.240412e+01 3.224777e+00 1.873993e+01
    endloop
  endfacet
  facet normal 8.053751e-02 -7.044920e-01 7.051274e-01
    outer loop
      vertex   -3.262680e+01 3.899952e+00 1.943993e+01
      vertex   -3.240412e+01 3.224777e+00 1.873993e+01
      vertex   -3.226956e+01 3.940792e+00 1.943993e+01
    endloop
  endfacet
  facet normal 5.269303e-02 -7.031397e-01 7.090966e-01
    outer loop
      vertex   -3.226956e+01 3.940792e+00 1.943993e+01
      vertex   -3.240412e+01 3.224777e+00 1.873993e+01
      vertex   -3.208102e+01 3.248990e+00 1.873993e+01
    endloop
  endfacet
  facet normal 1.614306e-02 -7.089897e-01 7.050341e-01
    outer loop
      vertex   -3.226956e+01 3.940792e+00 1.943993e+01
      vertex   -3.208102e+01 3.248990e+00 1.873993e+01
      vertex   -3.191009e+01 3.948976e+00 1.943993e+01
    endloop
  endfacet
  facet normal -1.757798e-02 -7.048547e-01 7.091338e-01
    outer loop
      vertex   -3.191009e+01 3.948976e+00 1.943993e+01
      vertex   -3.208102e+01 3.248990e+00 1.873993e+01
      vertex   -3.175713e+01 3.240912e+00 1.873993e+01
    endloop
  endfacet
  facet normal -4.839360e-02 -7.074893e-01 7.050652e-01
    outer loop
      vertex   -3.191009e+01 3.948976e+00 1.943993e+01
      vertex   -3.175713e+01 3.240912e+00 1.873993e+01
      vertex   -3.155136e+01 3.924439e+00 1.943993e+01
    endloop
  endfacet
  facet normal -8.768545e-02 -6.997133e-01 7.090222e-01
    outer loop
      vertex   -3.155136e+01 3.924439e+00 1.943993e+01
      vertex   -3.175713e+01 3.240912e+00 1.873993e+01
      vertex   -3.143564e+01 3.200625e+00 1.873993e+01
    endloop
  endfacet
  facet normal -1.125040e-01 -7.000046e-01 7.052208e-01
    outer loop
      vertex   -3.155136e+01 3.924439e+00 1.943993e+01
      vertex   -3.143564e+01 3.200625e+00 1.873993e+01
      vertex   -3.119635e+01 3.867382e+00 1.943993e+01
    endloop
  endfacet
  facet normal -1.569770e-01 -6.877610e-01 7.087617e-01
    outer loop
      vertex   -3.119635e+01 3.867382e+00 1.943993e+01
      vertex   -3.143564e+01 3.200625e+00 1.873993e+01
      vertex   -3.111977e+01 3.128529e+00 1.873993e+01
    endloop
  endfacet
  facet normal -1.756237e-01 -6.866041e-01 7.055006e-01
    outer loop
      vertex   -3.119635e+01 3.867382e+00 1.943993e+01
      vertex   -3.111977e+01 3.128529e+00 1.873993e+01
      vertex   -3.084800e+01 3.778279e+00 1.943993e+01
    endloop
  endfacet
  facet normal -2.248069e-01 -6.691038e-01 7.083516e-01
    outer loop
      vertex   -3.084800e+01 3.778279e+00 1.943993e+01
      vertex   -3.111977e+01 3.128529e+00 1.873993e+01
      vertex   -3.081264e+01 3.025340e+00 1.873993e+01
    endloop
  endfacet
  facet normal -2.371977e-01 -6.674103e-01 7.059042e-01
    outer loop
      vertex   -3.084800e+01 3.778279e+00 1.943993e+01
      vertex   -3.081264e+01 3.025340e+00 1.873993e+01
      vertex   -3.050919e+01 3.657868e+00 1.943993e+01
    endloop
  endfacet
  facet normal -2.905421e-01 -6.439074e-01 7.077913e-01
    outer loop
      vertex   -3.050919e+01 3.657868e+00 1.943993e+01
      vertex   -3.081264e+01 3.025340e+00 1.873993e+01
      vertex   -3.051732e+01 2.892083e+00 1.873993e+01
    endloop
  endfacet
  facet normal -2.966856e-01 -6.425987e-01 7.064309e-01
    outer loop
      vertex   -3.050919e+01 3.657868e+00 1.943993e+01
      vertex   -3.051732e+01 2.892083e+00 1.873993e+01
      vertex   -3.018274e+01 3.507147e+00 1.943993e+01
    endloop
  endfacet
  facet normal -3.535669e-01 -6.123958e-01 7.070798e-01
    outer loop
      vertex   -3.018274e+01 3.507147e+00 1.943993e+01
      vertex   -3.051732e+01 2.892083e+00 1.873993e+01
      vertex   -3.023672e+01 2.730084e+00 1.873993e+01
    endloop
  endfacet
  facet normal -3.535669e-01 -6.123958e-01 7.070798e-01
    outer loop
      vertex   -3.018274e+01 3.507147e+00 1.943993e+01
      vertex   -3.023672e+01 2.730084e+00 1.873993e+01
      vertex   -2.987135e+01 3.327364e+00 1.943993e+01
    endloop
  endfacet
  facet normal -4.081640e-01 -5.782366e-01 7.064309e-01
    outer loop
      vertex   -2.987135e+01 3.327364e+00 1.943993e+01
      vertex   -3.023672e+01 2.730084e+00 1.873993e+01
      vertex   -2.957760e+01 3.120010e+00 1.943993e+01
    endloop
  endfacet
  facet normal -4.123691e-01 -5.735705e-01 7.077913e-01
    outer loop
      vertex   -2.957760e+01 3.120010e+00 1.943993e+01
      vertex   -3.023672e+01 2.730084e+00 1.873993e+01
      vertex   -2.997366e+01 2.540952e+00 1.873993e+01
    endloop
  endfacet
  facet normal -4.593954e-01 -5.391244e-01 7.059042e-01
    outer loop
      vertex   -2.957760e+01 3.120010e+00 1.943993e+01
      vertex   -2.997366e+01 2.540952e+00 1.873993e+01
      vertex   -2.930392e+01 2.886802e+00 1.943993e+01
    endloop
  endfacet
  facet normal -4.670574e-01 -5.292404e-01 7.083516e-01
    outer loop
      vertex   -2.930392e+01 2.886802e+00 1.943993e+01
      vertex   -2.997366e+01 2.540952e+00 1.873993e+01
      vertex   -2.973073e+01 2.326567e+00 1.873993e+01
    endloop
  endfacet
  facet normal -5.068048e-01 -4.953966e-01 7.055006e-01
    outer loop
      vertex   -2.930392e+01 2.886802e+00 1.943993e+01
      vertex   -2.973073e+01 2.326567e+00 1.873993e+01
      vertex   -2.905257e+01 2.629673e+00 1.943993e+01
    endloop
  endfacet
  facet normal -5.171300e-01 -4.798265e-01 7.087617e-01
    outer loop
      vertex   -2.905257e+01 2.629673e+00 1.943993e+01
      vertex   -2.973073e+01 2.326567e+00 1.873993e+01
      vertex   -2.951036e+01 2.089060e+00 1.873993e+01
    endloop
  endfacet
  facet normal -5.499698e-01 -4.474336e-01 7.052208e-01
    outer loop
      vertex   -2.905257e+01 2.629673e+00 1.943993e+01
      vertex   -2.951036e+01 2.089060e+00 1.873993e+01
      vertex   -2.882566e+01 2.350755e+00 1.943993e+01
    endloop
  endfacet
  facet normal -5.621268e-01 -4.257945e-01 7.090222e-01
    outer loop
      vertex   -2.882566e+01 2.350755e+00 1.943993e+01
      vertex   -2.951036e+01 2.089060e+00 1.873993e+01
      vertex   -2.931472e+01 1.830790e+00 1.873993e+01
    endloop
  endfacet
  facet normal -5.885069e-01 -3.956547e-01 7.050652e-01
    outer loop
      vertex   -2.882566e+01 2.350755e+00 1.943993e+01
      vertex   -2.931472e+01 1.830790e+00 1.873993e+01
      vertex   -2.862504e+01 2.052357e+00 1.943993e+01
    endloop
  endfacet
  facet normal -6.016331e-01 -3.676504e-01 7.091338e-01
    outer loop
      vertex   -2.862504e+01 2.052357e+00 1.943993e+01
      vertex   -2.931472e+01 1.830790e+00 1.873993e+01
      vertex   -2.914578e+01 1.554325e+00 1.873993e+01
    endloop
  endfacet
  facet normal -6.220746e-01 -3.405145e-01 7.050341e-01
    outer loop
      vertex   -2.862504e+01 2.052357e+00 1.943993e+01
      vertex   -2.914578e+01 1.554325e+00 1.873993e+01
      vertex   -2.845240e+01 1.736952e+00 1.943993e+01
    endloop
  endfacet
  facet normal -6.352833e-01 -3.059363e-01 7.090966e-01
    outer loop
      vertex   -2.845240e+01 1.736952e+00 1.943993e+01
      vertex   -2.914578e+01 1.554325e+00 1.873993e+01
      vertex   -2.900520e+01 1.262413e+00 1.873993e+01
    endloop
  endfacet
  facet normal -6.503767e-01 -2.824985e-01 7.051274e-01
    outer loop
      vertex   -2.845240e+01 1.736952e+00 1.943993e+01
      vertex   -2.900520e+01 1.262413e+00 1.873993e+01
      vertex   -2.830914e+01 1.407155e+00 1.943993e+01
    endloop
  endfacet
  facet normal -6.627637e-01 -2.412262e-01 7.089106e-01
    outer loop
      vertex   -2.830914e+01 1.407155e+00 1.943993e+01
      vertex   -2.900520e+01 1.262413e+00 1.873993e+01
      vertex   -2.889439e+01 9.579543e-01 1.873993e+01
    endloop
  endfacet
  facet normal -6.731654e-01 -2.221183e-01 7.053452e-01
    outer loop
      vertex   -2.830914e+01 1.407155e+00 1.943993e+01
      vertex   -2.889439e+01 9.579543e-01 1.873993e+01
      vertex   -2.819648e+01 1.065697e+00 1.943993e+01
    endloop
  endfacet
  facet normal -6.838150e-01 -1.741207e-01 7.085753e-01
    outer loop
      vertex   -2.819648e+01 1.065697e+00 1.943993e+01
      vertex   -2.889439e+01 9.579543e-01 1.873993e+01
      vertex   -2.881444e+01 6.439750e-01 1.873993e+01
    endloop
  endfacet
  facet normal -6.902432e-01 -1.599070e-01 7.056870e-01
    outer loop
      vertex   -2.819648e+01 1.065697e+00 1.943993e+01
      vertex   -2.881444e+01 6.439750e-01 1.873993e+01
      vertex   -2.811533e+01 7.154090e-01 1.943993e+01
    endloop
  endfacet
  facet normal -6.982351e-01 -1.052420e-01 7.080903e-01
    outer loop
      vertex   -2.811533e+01 7.154090e-01 1.943993e+01
      vertex   -2.881444e+01 6.439750e-01 1.873993e+01
      vertex   -2.876615e+01 3.235955e-01 1.873993e+01
    endloop
  endfacet
  facet normal -7.014652e-01 -9.641417e-02 7.061522e-01
    outer loop
      vertex   -2.811533e+01 7.154090e-01 1.943993e+01
      vertex   -2.876615e+01 3.235955e-01 1.873993e+01
      vertex   -2.806637e+01 3.591927e-01 1.943993e+01
    endloop
  endfacet
  facet normal -7.058803e-01 -3.522902e-02 7.074545e-01
    outer loop
      vertex   -2.806637e+01 3.591927e-01 1.943993e+01
      vertex   -2.876615e+01 3.235955e-01 1.873993e+01
      vertex   -2.875000e+01 -3.980102e-16 1.873993e+01
    endloop
  endfacet
  facet normal 0.000000e+00 0.000000e+00 1.000000e+00
    outer loop
      vertex   -2.430000e+01 -1.445597e+00 1.943993e+01
      vertex   -2.957760e+01 -3.120010e+00 1.943993e+01
      vertex   -3.200000e+01 -5.891194e+00 1.943993e+01
    endloop
  endfacet
  facet normal 0.000000e+00 0.000000e+00 1.000000e+00
    outer loop
      vertex   -3.200000e+01 -5.891194e+00 1.943993e+01
      vertex   -2.957760e+01 -3.120010e+00 1.943993e+01
      vertex   -2.987135e+01 -3.327364e+00 1.943993e+01
    endloop
  endfacet
  facet normal 0.000000e+00 0.000000e+00 1.000000e+00
    outer loop
      vertex   -3.200000e+01 -5.891194e+00 1.943993e+01
      vertex   -2.987135e+01 -3.327364e+00 1.943993e+01
      vertex   -3.018274e+01 -3.507147e+00 1.943993e+01
    endloop
  endfacet
  facet normal 0.000000e+00 0.000000e+00 1.000000e+00
    outer loop
      vertex   -2.430000e+01 7.445597e+00 1.943993e+01
      vertex   -2.830914e+01 1.407155e+00 1.943993e+01
      vertex   -2.430000e+01 -1.445597e+00 1.943993e+01
    endloop
  endfacet
  facet normal 0.000000e+00 0.000000e+00 1.000000e+00
    outer loop
      vertex   -2.430000e+01 -1.445597e+00 1.943993e+01
      vertex   -2.830914e+01 1.407155e+00 1.943993e+01
      vertex   -2.819648e+01 1.065697e+00 1.943993e+01
    endloop
  endfacet
  facet normal 0.000000e+00 0.000000e+00 1.000000e+00
    outer loop
      vertex   -2.430000e+01 -1.445597e+00 1.943993e+01
      vertex   -2.819648e+01 1.065697e+00 1.943993e+01
      vertex   -2.811533e+01 7.154090e-01 1.943993e+01
    endloop
  endfacet
  facet normal 0.000000e+00 0.000000e+00 1.000000e+00
    outer loop
      vertex   -3.200000e+01 1.189119e+01 1.943993e+01
      vertex   -3.050919e+01 3.657868e+00 1.943993e+01
      vertex   -2.430000e+01 7.445597e+00 1.943993e+01
    endloop
  endfacet
  facet normal 0.000000e+00 0.000000e+00 1.000000e+00
    outer loop
      vertex   -2.430000e+01 7.445597e+00 1.943993e+01
      vertex   -3.050919e+01 3.657868e+00 1.943993e+01
      vertex   -3.018274e+01 3.507147e+00 1.943993e+01
    endloop
  endfacet
  facet normal 0.000000e+00 0.000000e+00 1.000000e+00
    outer loop
      vertex   -2.430000e+01 7.445597e+00 1.943993e+01
      vertex   -3.018274e+01 3.507147e+00 1.943993e+01
      vertex   -2.987135e+01 3.327364e+00 1.943993e+01
    endloop
  endfacet
  facet normal -0.000000e+00 0.000000e+00 1.000000e+00
    outer loop
      vertex   -3.970000e+01 7.445597e+00 1.943993e+01
      vertex   -3.365575e+01 3.586224e+00 1.943993e+01
      vertex   -3.200000e+01 1.189119e+01 1.943993e+01
    endloop
  endfacet
  facet normal 0.000000e+00 0.000000e+00 1.000000e+00
    outer loop
      vertex   -3.200000e+01 1.189119e+01 1.943993e+01
      vertex   -3.365575e+01 3.586224e+00 1.943993e+01
      vertex   -3.332277e+01 3.721931e+00 1.943993e+01
    endloop
  endfacet
  facet normal 0.000000e+00 0.000000e+00 1.000000e+00
    outer loop
      vertex   -3.200000e+01 1.189119e+01 1.943993e+01
      vertex   -3.332277e+01 3.721931e+00 1.943993e+01
      vertex   -3.297884e+01 3.826796e+00 1.943993e+01
    endloop
  endfacet
  facet normal 0.000000e+00 0.000000e+00 1.000000e+00
    outer loop
      vertex   -3.970000e+01 -1.445597e+00 1.943993e+01
      vertex   -3.575108e+01 1.237709e+00 1.943993e+01
      vertex   -3.970000e+01 7.445597e+00 1.943993e+01
    endloop
  endfacet
  facet normal 0.000000e+00 0.000000e+00 1.000000e+00
    outer loop
      vertex   -3.970000e+01 7.445597e+00 1.943993e+01
      vertex   -3.575108e+01 1.237709e+00 1.943993e+01
      vertex   -3.562298e+01 1.573684e+00 1.943993e+01
    endloop
  endfacet
  facet normal 0.000000e+00 0.000000e+00 1.000000e+00
    outer loop
      vertex   -3.970000e+01 7.445597e+00 1.943993e+01
      vertex   -3.562298e+01 1.573684e+00 1.943993e+01
      vertex   -3.546487e+01 1.896620e+00 1.943993e+01
    endloop
  endfacet
  facet normal 0.000000e+00 0.000000e+00 1.000000e+00
    outer loop
      vertex   -3.200000e+01 -5.891194e+00 1.943993e+01
      vertex   -3.427789e+01 -3.227031e+00 1.943993e+01
      vertex   -3.970000e+01 -1.445597e+00 1.943993e+01
    endloop
  endfacet
  facet normal 0.000000e+00 0.000000e+00 1.000000e+00
    outer loop
      vertex   -3.970000e+01 -1.445597e+00 1.943993e+01
      vertex   -3.427789e+01 -3.227031e+00 1.943993e+01
      vertex   -3.456190e+01 -3.006522e+00 1.943993e+01
    endloop
  endfacet
  facet normal 0.000000e+00 0.000000e+00 1.000000e+00
    outer loop
      vertex   -3.970000e+01 -1.445597e+00 1.943993e+01
      vertex   -3.456190e+01 -3.006522e+00 1.943993e+01
      vertex   -3.482468e+01 -2.761099e+00 1.943993e+01
    endloop
  endfacet
  facet normal 0.000000e+00 0.000000e+00 1.000000e+00
    outer loop
      vertex   -2.806637e+01 3.591927e-01 1.943993e+01
      vertex   -2.805000e+01 4.837355e-16 1.943993e+01
      vertex   -2.430000e+01 -1.445597e+00 1.943993e+01
    endloop
  endfacet
  facet normal 0.000000e+00 0.000000e+00 1.000000e+00
    outer loop
      vertex   -2.430000e+01 -1.445597e+00 1.943993e+01
      vertex   -2.805000e+01 4.837355e-16 1.943993e+01
      vertex   -2.806637e+01 -3.591927e-01 1.943993e+01
    endloop
  endfacet
  facet normal 0.000000e+00 0.000000e+00 1.000000e+00
    outer loop
      vertex   -2.430000e+01 -1.445597e+00 1.943993e+01
      vertex   -2.806637e+01 -3.591927e-01 1.943993e+01
      vertex   -2.811533e+01 -7.154090e-01 1.943993e+01
    endloop
  endfacet
  facet normal 0.000000e+00 0.000000e+00 1.000000e+00
    outer loop
      vertex   -2.811533e+01 -7.154090e-01 1.943993e+01
      vertex   -2.819648e+01 -1.065697e+00 1.943993e+01
      vertex   -2.430000e+01 -1.445597e+00 1.943993e+01
    endloop
  endfacet
  facet normal 0.000000e+00 0.000000e+00 1.000000e+00
    outer loop
      vertex   -2.430000e+01 -1.445597e+00 1.943993e+01
      vertex   -2.819648e+01 -1.065697e+00 1.943993e+01
      vertex   -2.830914e+01 -1.407155e+00 1.943993e+01
    endloop
  endfacet
  facet normal 0.000000e+00 0.000000e+00 1.000000e+00
    outer loop
      vertex   -2.430000e+01 -1.445597e+00 1.943993e+01
      vertex   -2.830914e+01 -1.407155e+00 1.943993e+01
      vertex   -2.845240e+01 -1.736952e+00 1.943993e+01
    endloop
  endfacet
  facet normal -0.000000e+00 0.000000e+00 1.000000e+00
    outer loop
      vertex   -2.845240e+01 -1.736952e+00 1.943993e+01
      vertex   -2.862504e+01 -2.052357e+00 1.943993e+01
      vertex   -2.430000e+01 -1.445597e+00 1.943993e+01
    endloop
  endfacet
  facet normal 0.000000e+00 0.000000e+00 1.000000e+00
    outer loop
      vertex   -2.430000e+01 -1.445597e+00 1.943993e+01
      vertex   -2.862504e+01 -2.052357e+00 1.943993e+01
      vertex   -2.882566e+01 -2.350755e+00 1.943993e+01
    endloop
  endfacet
  facet normal 0.000000e+00 0.000000e+00 1.000000e+00
    outer loop
      vertex   -2.430000e+01 -1.445597e+00 1.943993e+01
      vertex   -2.882566e+01 -2.350755e+00 1.943993e+01
      vertex   -2.905257e+01 -2.629673e+00 1.943993e+01
    endloop
  endfacet
  facet normal -0.000000e+00 0.000000e+00 1.000000e+00
    outer loop
      vertex   -2.905257e+01 -2.629673e+00 1.943993e+01
      vertex   -2.930392e+01 -2.886802e+00 1.943993e+01
      vertex   -2.430000e+01 -1.445597e+00 1.943993e+01
    endloop
  endfacet
  facet normal 0.000000e+00 0.000000e+00 1.000000e+00
    outer loop
      vertex   -2.430000e+01 -1.445597e+00 1.943993e+01
      vertex   -2.930392e+01 -2.886802e+00 1.943993e+01
      vertex   -2.957760e+01 -3.120010e+00 1.943993e+01
    endloop
  endfacet
  facet normal 0.000000e+00 0.000000e+00 1.000000e+00
    outer loop
      vertex   -3.018274e+01 -3.507147e+00 1.943993e+01
      vertex   -3.050919e+01 -3.657868e+00 1.943993e+01
      vertex   -3.200000e+01 -5.891194e+00 1.943993e+01
    endloop
  endfacet
  facet normal 0.000000e+00 0.000000e+00 1.000000e+00
    outer loop
      vertex   -3.200000e+01 -5.891194e+00 1.943993e+01
      vertex   -3.050919e+01 -3.657868e+00 1.943993e+01
      vertex   -3.084800e+01 -3.778279e+00 1.943993e+01
    endloop
  endfacet
  facet normal 0.000000e+00 0.000000e+00 1.000000e+00
    outer loop
      vertex   -3.200000e+01 -5.891194e+00 1.943993e+01
      vertex   -3.084800e+01 -3.778279e+00 1.943993e+01
      vertex   -3.119635e+01 -3.867382e+00 1.943993e+01
    endloop
  endfacet
  facet normal 0.000000e+00 0.000000e+00 1.000000e+00
    outer loop
      vertex   -3.119635e+01 -3.867382e+00 1.943993e+01
      vertex   -3.155136e+01 -3.924439e+00 1.943993e+01
      vertex   -3.200000e+01 -5.891194e+00 1.943993e+01
    endloop
  endfacet
  facet normal 0.000000e+00 0.000000e+00 1.000000e+00
    outer loop
      vertex   -3.200000e+01 -5.891194e+00 1.943993e+01
      vertex   -3.155136e+01 -3.924439e+00 1.943993e+01
      vertex   -3.191009e+01 -3.948976e+00 1.943993e+01
    endloop
  endfacet
  facet normal 0.000000e+00 -0.000000e+00 1.000000e+00
    outer loop
      vertex   -3.200000e+01 -5.891194e+00 1.943993e+01
      vertex   -3.191009e+01 -3.948976e+00 1.943993e+01
      vertex   -3.226956e+01 -3.940792e+00 1.943993e+01
    endloop
  endfacet
  facet normal 0.000000e+00 0.000000e+00 1.000000e+00
    outer loop
      vertex   -3.226956e+01 -3.940792e+00 1.943993e+01
      vertex   -3.262680e+01 -3.899952e+00 1.943993e+01
      vertex   -3.200000e+01 -5.891194e+00 1.943993e+01
    endloop
  endfacet
  facet normal 0.000000e+00 0.000000e+00 1.000000e+00
    outer loop
      vertex   -3.200000e+01 -5.891194e+00 1.943993e+01
      vertex   -3.262680e+01 -3.899952e+00 1.943993e+01
      vertex   -3.297884e+01 -3.826796e+00 1.943993e+01
    endloop
  endfacet
  facet normal 0.000000e+00 0.000000e+00 1.000000e+00
    outer loop
      vertex   -3.200000e+01 -5.891194e+00 1.943993e+01
      vertex   -3.297884e+01 -3.826796e+00 1.943993e+01
      vertex   -3.332277e+01 -3.721931e+00 1.943993e+01
    endloop
  endfacet
  facet normal 0.000000e+00 0.000000e+00 1.000000e+00
    outer loop
      vertex   -3.332277e+01 -3.721931e+00 1.943993e+01
      vertex   -3.365575e+01 -3.586224e+00 1.943993e+01
      vertex   -3.200000e+01 -5.891194e+00 1.943993e+01
    endloop
  endfacet
  facet normal 0.000000e+00 0.000000e+00 1.000000e+00
    outer loop
      vertex   -3.200000e+01 -5.891194e+00 1.943993e+01
      vertex   -3.365575e+01 -3.586224e+00 1.943993e+01
      vertex   -3.397500e+01 -3.420800e+00 1.943993e+01
    endloop
  endfacet
  facet normal 0.000000e+00 0.000000e+00 1.000000e+00
    outer loop
      vertex   -3.200000e+01 -5.891194e+00 1.943993e+01
      vertex   -3.397500e+01 -3.420800e+00 1.943993e+01
      vertex   -3.427789e+01 -3.227031e+00 1.943993e+01
    endloop
  endfacet
  facet normal 0.000000e+00 0.000000e+00 1.000000e+00
    outer loop
      vertex   -3.482468e+01 -2.761099e+00 1.943993e+01
      vertex   -3.506406e+01 -2.492797e+00 1.943993e+01
      vertex   -3.970000e+01 -1.445597e+00 1.943993e+01
    endloop
  endfacet
  facet normal 0.000000e+00 0.000000e+00 1.000000e+00
    outer loop
      vertex   -3.970000e+01 -1.445597e+00 1.943993e+01
      vertex   -3.506406e+01 -2.492797e+00 1.943993e+01
      vertex   -3.527805e+01 -2.203839e+00 1.943993e+01
    endloop
  endfacet
  facet normal 0.000000e+00 0.000000e+00 1.000000e+00
    outer loop
      vertex   -3.970000e+01 -1.445597e+00 1.943993e+01
      vertex   -3.527805e+01 -2.203839e+00 1.943993e+01
      vertex   -3.546487e+01 -1.896620e+00 1.943993e+01
    endloop
  endfacet
  facet normal 0.000000e+00 0.000000e+00 1.000000e+00
    outer loop
      vertex   -3.546487e+01 -1.896620e+00 1.943993e+01
      vertex   -3.562298e+01 -1.573684e+00 1.943993e+01
      vertex   -3.970000e+01 -1.445597e+00 1.943993e+01
    endloop
  endfacet
  facet normal -0.000000e+00 0.000000e+00 1.000000e+00
    outer loop
      vertex   -3.970000e+01 -1.445597e+00 1.943993e+01
      vertex   -3.562298e+01 -1.573684e+00 1.943993e+01
      vertex   -3.575108e+01 -1.237709e+00 1.943993e+01
    endloop
  endfacet
  facet normal 0.000000e+00 0.000000e+00 1.000000e+00
    outer loop
      vertex   -3.970000e+01 -1.445597e+00 1.943993e+01
      vertex   -3.575108e+01 -1.237709e+00 1.943993e+01
      vertex   -3.584809e+01 -8.914770e-01 1.943993e+01
    endloop
  endfacet
  facet normal 0.000000e+00 0.000000e+00 1.000000e+00
    outer loop
      vertex   -3.584809e+01 -8.914770e-01 1.943993e+01
      vertex   -3.591321e+01 -5.378583e-01 1.943993e+01
      vertex   -3.970000e+01 -1.445597e+00 1.943993e+01
    endloop
  endfacet
  facet normal 0.000000e+00 0.000000e+00 1.000000e+00
    outer loop
      vertex   -3.970000e+01 -1.445597e+00 1.943993e+01
      vertex   -3.591321e+01 -5.378583e-01 1.943993e+01
      vertex   -3.594591e+01 -1.797827e-01 1.943993e+01
    endloop
  endfacet
  facet normal 0.000000e+00 0.000000e+00 1.000000e+00
    outer loop
      vertex   -3.970000e+01 -1.445597e+00 1.943993e+01
      vertex   -3.594591e+01 -1.797827e-01 1.943993e+01
      vertex   -3.594591e+01 1.797827e-01 1.943993e+01
    endloop
  endfacet
  facet normal 0.000000e+00 -0.000000e+00 1.000000e+00
    outer loop
      vertex   -3.594591e+01 1.797827e-01 1.943993e+01
      vertex   -3.591321e+01 5.378583e-01 1.943993e+01
      vertex   -3.970000e+01 -1.445597e+00 1.943993e+01
    endloop
  endfacet
  facet normal 0.000000e+00 0.000000e+00 1.000000e+00
    outer loop
      vertex   -3.970000e+01 -1.445597e+00 1.943993e+01
      vertex   -3.591321e+01 5.378583e-01 1.943993e+01
      vertex   -3.584809e+01 8.914770e-01 1.943993e+01
    endloop
  endfacet
  facet normal 0.000000e+00 0.000000e+00 1.000000e+00
    outer loop
      vertex   -3.970000e+01 -1.445597e+00 1.943993e+01
      vertex   -3.584809e+01 8.914770e-01 1.943993e+01
      vertex   -3.575108e+01 1.237709e+00 1.943993e+01
    endloop
  endfacet
  facet normal 0.000000e+00 -0.000000e+00 1.000000e+00
    outer loop
      vertex   -3.546487e+01 1.896620e+00 1.943993e+01
      vertex   -3.527805e+01 2.203839e+00 1.943993e+01
      vertex   -3.970000e+01 7.445597e+00 1.943993e+01
    endloop
  endfacet
  facet normal 0.000000e+00 0.000000e+00 1.000000e+00
    outer loop
      vertex   -3.970000e+01 7.445597e+00 1.943993e+01
      vertex   -3.527805e+01 2.203839e+00 1.943993e+01
      vertex   -3.506406e+01 2.492797e+00 1.943993e+01
    endloop
  endfacet
  facet normal 0.000000e+00 0.000000e+00 1.000000e+00
    outer loop
      vertex   -3.970000e+01 7.445597e+00 1.943993e+01
      vertex   -3.506406e+01 2.492797e+00 1.943993e+01
      vertex   -3.482468e+01 2.761099e+00 1.943993e+01
    endloop
  endfacet
  facet normal 0.000000e+00 -0.000000e+00 1.000000e+00
    outer loop
      vertex   -3.482468e+01 2.761099e+00 1.943993e+01
      vertex   -3.456190e+01 3.006522e+00 1.943993e+01
      vertex   -3.970000e+01 7.445597e+00 1.943993e+01
    endloop
  endfacet
  facet normal 0.000000e+00 0.000000e+00 1.000000e+00
    outer loop
      vertex   -3.970000e+01 7.445597e+00 1.943993e+01
      vertex   -3.456190e+01 3.006522e+00 1.943993e+01
      vertex   -3.427789e+01 3.227031e+00 1.943993e+01
    endloop
  endfacet
  facet normal 0.000000e+00 0.000000e+00 1.000000e+00
    outer loop
      vertex   -3.970000e+01 7.445597e+00 1.943993e+01
      vertex   -3.427789e+01 3.227031e+00 1.943993e+01
      vertex   -3.397500e+01 3.420800e+00 1.943993e+01
    endloop
  endfacet
  facet normal 0.000000e+00 -0.000000e+00 1.000000e+00
    outer loop
      vertex   -3.397500e+01 3.420800e+00 1.943993e+01
      vertex   -3.365575e+01 3.586224e+00 1.943993e+01
      vertex   -3.970000e+01 7.445597e+00 1.943993e+01
    endloop
  endfacet
  facet normal 0.000000e+00 0.000000e+00 1.000000e+00
    outer loop
      vertex   -3.297884e+01 3.826796e+00 1.943993e+01
      vertex   -3.262680e+01 3.899952e+00 1.943993e+01
      vertex   -3.200000e+01 1.189119e+01 1.943993e+01
    endloop
  endfacet
  facet normal 0.000000e+00 0.000000e+00 1.000000e+00
    outer loop
      vertex   -3.200000e+01 1.189119e+01 1.943993e+01
      vertex   -3.262680e+01 3.899952e+00 1.943993e+01
      vertex   -3.226956e+01 3.940792e+00 1.943993e+01
    endloop
  endfacet
  facet normal 0.000000e+00 0.000000e+00 1.000000e+00
    outer loop
      vertex   -3.200000e+01 1.189119e+01 1.943993e+01
      vertex   -3.226956e+01 3.940792e+00 1.943993e+01
      vertex   -3.191009e+01 3.948976e+00 1.943993e+01
    endloop
  endfacet
  facet normal -0.000000e+00 -0.000000e+00 1.000000e+00
    outer loop
      vertex   -3.191009e+01 3.948976e+00 1.943993e+01
      vertex   -3.155136e+01 3.924439e+00 1.943993e+01
      vertex   -3.200000e+01 1.189119e+01 1.943993e+01
    endloop
  endfacet
  facet normal 0.000000e+00 0.000000e+00 1.000000e+00
    outer loop
      vertex   -3.200000e+01 1.189119e+01 1.943993e+01
      vertex   -3.155136e+01 3.924439e+00 1.943993e+01
      vertex   -3.119635e+01 3.867382e+00 1.943993e+01
    endloop
  endfacet
  facet normal 0.000000e+00 0.000000e+00 1.000000e+00
    outer loop
      vertex   -3.200000e+01 1.189119e+01 1.943993e+01
      vertex   -3.119635e+01 3.867382e+00 1.943993e+01
      vertex   -3.084800e+01 3.778279e+00 1.943993e+01
    endloop
  endfacet
  facet normal -0.000000e+00 -0.000000e+00 1.000000e+00
    outer loop
      vertex   -3.084800e+01 3.778279e+00 1.943993e+01
      vertex   -3.050919e+01 3.657868e+00 1.943993e+01
      vertex   -3.200000e+01 1.189119e+01 1.943993e+01
    endloop
  endfacet
  facet normal -0.000000e+00 0.000000e+00 1.000000e+00
    outer loop
      vertex   -2.987135e+01 3.327364e+00 1.943993e+01
      vertex   -2.957760e+01 3.120010e+00 1.943993e+01
      vertex   -2.430000e+01 7.445597e+00 1.943993e+01
    endloop
  endfacet
  facet normal 0.000000e+00 0.000000e+00 1.000000e+00
    outer loop
      vertex   -2.430000e+01 7.445597e+00 1.943993e+01
      vertex   -2.957760e+01 3.120010e+00 1.943993e+01
      vertex   -2.930392e+01 2.886802e+00 1.943993e+01
    endloop
  endfacet
  facet normal 0.000000e+00 0.000000e+00 1.000000e+00
    outer loop
      vertex   -2.430000e+01 7.445597e+00 1.943993e+01
      vertex   -2.930392e+01 2.886802e+00 1.943993e+01
      vertex   -2.905257e+01 2.629673e+00 1.943993e+01
    endloop
  endfacet
  facet normal -0.000000e+00 0.000000e+00 1.000000e+00
    outer loop
      vertex   -2.905257e+01 2.629673e+00 1.943993e+01
      vertex   -2.882566e+01 2.350755e+00 1.943993e+01
      vertex   -2.430000e+01 7.445597e+00 1.943993e+01
    endloop
  endfacet
  facet normal 0.000000e+00 0.000000e+00 1.000000e+00
    outer loop
      vertex   -2.430000e+01 7.445597e+00 1.943993e+01
      vertex   -2.882566e+01 2.350755e+00 1.943993e+01
      vertex   -2.862504e+01 2.052357e+00 1.943993e+01
    endloop
  endfacet
  facet normal 0.000000e+00 0.000000e+00 1.000000e+00
    outer loop
      vertex   -2.430000e+01 7.445597e+00 1.943993e+01
      vertex   -2.862504e+01 2.052357e+00 1.943993e+01
      vertex   -2.845240e+01 1.736952e+00 1.943993e+01
    endloop
  endfacet
  facet normal -0.000000e+00 0.000000e+00 1.000000e+00
    outer loop
      vertex   -2.845240e+01 1.736952e+00 1.943993e+01
      vertex   -2.830914e+01 1.407155e+00 1.943993e+01
      vertex   -2.430000e+01 7.445597e+00 1.943993e+01
    endloop
  endfacet
  facet normal 0.000000e+00 0.000000e+00 1.000000e+00
    outer loop
      vertex   -2.811533e+01 7.154090e-01 1.943993e+01
      vertex   -2.806637e+01 3.591927e-01 1.943993e+01
      vertex   -2.430000e+01 -1.445597e+00 1.943993e+01
    endloop
  endfacet
  facet normal -9.987569e-01 4.984589e-02 0.000000e+00
    outer loop
      vertex   -2.876615e+01 -3.235955e-01 1.043993e+01
      vertex   -2.876615e+01 -3.235955e-01 1.458993e+01
      vertex   -2.875000e+01 3.980102e-16 1.043993e+01
    endloop
  endfacet
  facet normal -9.987569e-01 4.984589e-02 0.000000e+00
    outer loop
      vertex   -2.875000e+01 3.980102e-16 1.043993e+01
      vertex   -2.876615e+01 -3.235955e-01 1.458993e+01
      vertex   -2.875000e+01 3.980102e-16 1.458993e+01
    endloop
  endfacet
  facet normal -9.987569e-01 -4.984589e-02 0.000000e+00
    outer loop
      vertex   -2.875000e+01 3.980102e-16 1.043993e+01
      vertex   -2.875000e+01 3.980102e-16 1.458993e+01
      vertex   -2.876615e+01 3.235955e-01 1.043993e+01
    endloop
  endfacet
  facet normal -9.987569e-01 -4.984589e-02 -1.733544e-17
    outer loop
      vertex   -2.876615e+01 3.235955e-01 1.043993e+01
      vertex   -2.875000e+01 3.980102e-16 1.458993e+01
      vertex   -2.876615e+01 3.235955e-01 1.458993e+01
    endloop
  endfacet
  facet normal -9.888308e-01 -1.490423e-01 -5.183402e-17
    outer loop
      vertex   -2.876615e+01 3.235955e-01 1.043993e+01
      vertex   -2.876615e+01 3.235955e-01 1.458993e+01
      vertex   -2.881444e+01 6.439750e-01 1.043993e+01
    endloop
  endfacet
  facet normal -9.888308e-01 -1.490423e-01 0.000000e+00
    outer loop
      vertex   -2.881444e+01 6.439750e-01 1.043993e+01
      vertex   -2.876615e+01 3.235955e-01 1.458993e+01
      vertex   -2.881444e+01 6.439750e-01 1.458993e+01
    endloop
  endfacet
  facet normal -9.690773e-01 -2.467574e-01 0.000000e+00
    outer loop
      vertex   -2.881444e+01 6.439750e-01 1.043993e+01
      vertex   -2.881444e+01 6.439750e-01 1.458993e+01
      vertex   -2.889439e+01 9.579543e-01 1.043993e+01
    endloop
  endfacet
  facet normal -9.690773e-01 -2.467574e-01 -8.581746e-17
    outer loop
      vertex   -2.889439e+01 9.579543e-01 1.043993e+01
      vertex   -2.881444e+01 6.439750e-01 1.458993e+01
      vertex   -2.889439e+01 9.579543e-01 1.458993e+01
    endloop
  endfacet
  facet normal -9.396926e-01 -3.420201e-01 -1.189480e-16
    outer loop
      vertex   -2.889439e+01 9.579543e-01 1.043993e+01
      vertex   -2.889439e+01 9.579543e-01 1.458993e+01
      vertex   -2.900520e+01 1.262413e+00 1.043993e+01
    endloop
  endfacet
  facet normal -9.396926e-01 -3.420201e-01 0.000000e+00
    outer loop
      vertex   -2.900520e+01 1.262413e+00 1.043993e+01
      vertex   -2.889439e+01 9.579543e-01 1.458993e+01
      vertex   -2.900520e+01 1.262413e+00 1.458993e+01
    endloop
  endfacet
  facet normal -9.009689e-01 -4.338837e-01 0.000000e+00
    outer loop
      vertex   -2.900520e+01 1.262413e+00 1.043993e+01
      vertex   -2.900520e+01 1.262413e+00 1.458993e+01
      vertex   -2.914578e+01 1.554325e+00 1.043993e+01
    endloop
  endfacet
  facet normal -9.009689e-01 -4.338837e-01 0.000000e+00
    outer loop
      vertex   -2.914578e+01 1.554325e+00 1.043993e+01
      vertex   -2.900520e+01 1.262413e+00 1.458993e+01
      vertex   -2.914578e+01 1.554325e+00 1.458993e+01
    endloop
  endfacet
  facet normal -8.532909e-01 -5.214352e-01 0.000000e+00
    outer loop
      vertex   -2.914578e+01 1.554325e+00 1.043993e+01
      vertex   -2.914578e+01 1.554325e+00 1.458993e+01
      vertex   -2.931472e+01 1.830790e+00 1.043993e+01
    endloop
  endfacet
  facet normal -8.532909e-01 -5.214352e-01 -1.673955e-16
    outer loop
      vertex   -2.931472e+01 1.830790e+00 1.043993e+01
      vertex   -2.914578e+01 1.554325e+00 1.458993e+01
      vertex   -2.931472e+01 1.830790e+00 1.458993e+01
    endloop
  endfacet
  facet normal -7.971325e-01 -6.038044e-01 -1.938383e-16
    outer loop
      vertex   -2.931472e+01 1.830790e+00 1.043993e+01
      vertex   -2.931472e+01 1.830790e+00 1.458993e+01
      vertex   -2.951036e+01 2.089060e+00 1.043993e+01
    endloop
  endfacet
  facet normal -7.971325e-01 -6.038044e-01 0.000000e+00
    outer loop
      vertex   -2.951036e+01 2.089060e+00 1.043993e+01
      vertex   -2.931472e+01 1.830790e+00 1.458993e+01
      vertex   -2.951036e+01 2.089060e+00 1.458993e+01
    endloop
  endfacet
  facet normal -7.330519e-01 -6.801727e-01 0.000000e+00
    outer loop
      vertex   -2.951036e+01 2.089060e+00 1.043993e+01
      vertex   -2.951036e+01 2.089060e+00 1.458993e+01
      vertex   -2.973073e+01 2.326567e+00 1.043993e+01
    endloop
  endfacet
  facet normal -7.330519e-01 -6.801727e-01 -2.183547e-16
    outer loop
      vertex   -2.973073e+01 2.326567e+00 1.043993e+01
      vertex   -2.951036e+01 2.089060e+00 1.458993e+01
      vertex   -2.973073e+01 2.326567e+00 1.458993e+01
    endloop
  endfacet
  facet normal -6.616858e-01 -7.497812e-01 -2.407010e-16
    outer loop
      vertex   -2.973073e+01 2.326567e+00 1.043993e+01
      vertex   -2.973073e+01 2.326567e+00 1.458993e+01
      vertex   -2.997366e+01 2.540952e+00 1.043993e+01
    endloop
  endfacet
  facet normal -6.616858e-01 -7.497812e-01 8.023367e-17
    outer loop
      vertex   -2.997366e+01 2.540952e+00 1.043993e+01
      vertex   -2.973073e+01 2.326567e+00 1.458993e+01
      vertex   -2.997366e+01 2.540952e+00 1.458993e+01
    endloop
  endfacet
  facet normal -5.837437e-01 -8.119380e-01 8.688504e-17
    outer loop
      vertex   -2.997366e+01 2.540952e+00 1.043993e+01
      vertex   -2.997366e+01 2.540952e+00 1.458993e+01
      vertex   -3.023672e+01 2.730084e+00 1.043993e+01
    endloop
  endfacet
  facet normal -5.837437e-01 -8.119380e-01 0.000000e+00
    outer loop
      vertex   -3.023672e+01 2.730084e+00 1.043993e+01
      vertex   -2.997366e+01 2.540952e+00 1.458993e+01
      vertex   -3.023672e+01 2.730084e+00 1.458993e+01
    endloop
  endfacet
  facet normal -5.000000e-01 -8.660254e-01 0.000000e+00
    outer loop
      vertex   -3.023672e+01 2.730084e+00 1.043993e+01
      vertex   -3.023672e+01 2.730084e+00 1.458993e+01
      vertex   -3.051732e+01 2.892083e+00 1.043993e+01
    endloop
  endfacet
  facet normal -5.000000e-01 -8.660254e-01 9.267290e-17
    outer loop
      vertex   -3.051732e+01 2.892083e+00 1.043993e+01
      vertex   -3.023672e+01 2.730084e+00 1.458993e+01
      vertex   -3.051732e+01 2.892083e+00 1.458993e+01
    endloop
  endfacet
  facet normal -4.112871e-01 -9.115059e-01 9.753974e-17
    outer loop
      vertex   -3.051732e+01 2.892083e+00 1.043993e+01
      vertex   -3.051732e+01 2.892083e+00 1.458993e+01
      vertex   -3.081264e+01 3.025340e+00 1.043993e+01
    endloop
  endfacet
  facet normal -4.112871e-01 -9.115059e-01 5.091062e-16
    outer loop
      vertex   -3.081264e+01 3.025340e+00 1.043993e+01
      vertex   -3.051732e+01 2.892083e+00 1.458993e+01
      vertex   -3.081264e+01 3.025340e+00 1.458993e+01
    endloop
  endfacet
  facet normal -3.184867e-01 -9.479273e-01 3.424229e-16
    outer loop
      vertex   -3.081264e+01 3.025340e+00 1.043993e+01
      vertex   -3.081264e+01 3.025340e+00 1.458993e+01
      vertex   -3.111977e+01 3.128529e+00 1.043993e+01
    endloop
  endfacet
  facet normal -3.184867e-01 -9.479273e-01 6.977428e-17
    outer loop
      vertex   -3.111977e+01 3.128529e+00 1.043993e+01
      vertex   -3.081264e+01 3.025340e+00 1.458993e+01
      vertex   -3.111977e+01 3.128529e+00 1.458993e+01
    endloop
  endfacet
  facet normal -2.225209e-01 -9.749279e-01 -1.815826e-17
    outer loop
      vertex   -3.111977e+01 3.128529e+00 1.043993e+01
      vertex   -3.111977e+01 3.128529e+00 1.458993e+01
      vertex   -3.143564e+01 3.200625e+00 1.043993e+01
    endloop
  endfacet
  facet normal -2.225209e-01 -9.749279e-01 -1.815826e-17
    outer loop
      vertex   -3.143564e+01 3.200625e+00 1.043993e+01
      vertex   -3.111977e+01 3.128529e+00 1.458993e+01
      vertex   -3.143564e+01 3.200625e+00 1.458993e+01
    endloop
  endfacet
  facet normal -1.243437e-01 -9.922392e-01 -1.059103e-16
    outer loop
      vertex   -3.143564e+01 3.200625e+00 1.043993e+01
      vertex   -3.143564e+01 3.200625e+00 1.458993e+01
      vertex   -3.175713e+01 3.240912e+00 1.043993e+01
    endloop
  endfacet
  facet normal -1.243437e-01 -9.922392e-01 0.000000e+00
    outer loop
      vertex   -3.175713e+01 3.240912e+00 1.043993e+01
      vertex   -3.143564e+01 3.200625e+00 1.458993e+01
      vertex   -3.175713e+01 3.240912e+00 1.458993e+01
    endloop
  endfacet
  facet normal -2.493069e-02 -9.996892e-01 0.000000e+00
    outer loop
      vertex   -3.175713e+01 3.240912e+00 1.043993e+01
      vertex   -3.175713e+01 3.240912e+00 1.458993e+01
      vertex   -3.208102e+01 3.248990e+00 1.043993e+01
    endloop
  endfacet
  facet normal -2.493069e-02 -9.996892e-01 0.000000e+00
    outer loop
      vertex   -3.208102e+01 3.248990e+00 1.043993e+01
      vertex   -3.175713e+01 3.240912e+00 1.458993e+01
      vertex   -3.208102e+01 3.248990e+00 1.458993e+01
    endloop
  endfacet
  facet normal 7.473009e-02 -9.972038e-01 0.000000e+00
    outer loop
      vertex   -3.208102e+01 3.248990e+00 1.043993e+01
      vertex   -3.208102e+01 3.248990e+00 1.458993e+01
      vertex   -3.240412e+01 3.224777e+00 1.043993e+01
    endloop
  endfacet
  facet normal 7.473009e-02 -9.972038e-01 0.000000e+00
    outer loop
      vertex   -3.240412e+01 3.224777e+00 1.043993e+01
      vertex   -3.208102e+01 3.248990e+00 1.458993e+01
      vertex   -3.240412e+01 3.224777e+00 1.458993e+01
    endloop
  endfacet
  facet normal 1.736482e-01 -9.848078e-01 0.000000e+00
    outer loop
      vertex   -3.240412e+01 3.224777e+00 1.043993e+01
      vertex   -3.240412e+01 3.224777e+00 1.458993e+01
      vertex   -3.272319e+01 3.168516e+00 1.043993e+01
    endloop
  endfacet
  facet normal 1.736482e-01 -9.848078e-01 0.000000e+00
    outer loop
      vertex   -3.272319e+01 3.168516e+00 1.043993e+01
      vertex   -3.240412e+01 3.224777e+00 1.458993e+01
      vertex   -3.272319e+01 3.168516e+00 1.458993e+01
    endloop
  endfacet
  facet normal 2.708405e-01 -9.626242e-01 0.000000e+00
    outer loop
      vertex   -3.272319e+01 3.168516e+00 1.043993e+01
      vertex   -3.272319e+01 3.168516e+00 1.458993e+01
      vertex   -3.303508e+01 3.080764e+00 1.043993e+01
    endloop
  endfacet
  facet normal 2.708405e-01 -9.626242e-01 0.000000e+00
    outer loop
      vertex   -3.303508e+01 3.080764e+00 1.043993e+01
      vertex   -3.272319e+01 3.168516e+00 1.458993e+01
      vertex   -3.303508e+01 3.080764e+00 1.458993e+01
    endloop
  endfacet
  facet normal 3.653410e-01 -9.308737e-01 0.000000e+00
    outer loop
      vertex   -3.303508e+01 3.080764e+00 1.043993e+01
      vertex   -3.303508e+01 3.080764e+00 1.458993e+01
      vertex   -3.333668e+01 2.962394e+00 1.043993e+01
    endloop
  endfacet
  facet normal 3.653410e-01 -9.308737e-01 -1.992246e-16
    outer loop
      vertex   -3.333668e+01 2.962394e+00 1.043993e+01
      vertex   -3.303508e+01 3.080764e+00 1.458993e+01
      vertex   -3.333668e+01 2.962394e+00 1.458993e+01
    endloop
  endfacet
  facet normal 4.562107e-01 -8.898718e-01 -1.904494e-16
    outer loop
      vertex   -3.333668e+01 2.962394e+00 1.043993e+01
      vertex   -3.333668e+01 2.962394e+00 1.458993e+01
      vertex   -3.362500e+01 2.814583e+00 1.043993e+01
    endloop
  endfacet
  facet normal 4.562107e-01 -8.898718e-01 2.856741e-16
    outer loop
      vertex   -3.362500e+01 2.814583e+00 1.043993e+01
      vertex   -3.333668e+01 2.962394e+00 1.458993e+01
      vertex   -3.362500e+01 2.814583e+00 1.458993e+01
    endloop
  endfacet
  facet normal 5.425463e-01 -8.400259e-01 2.696721e-16
    outer loop
      vertex   -3.362500e+01 2.814583e+00 1.043993e+01
      vertex   -3.362500e+01 2.814583e+00 1.458993e+01
      vertex   -3.389717e+01 2.638799e+00 1.043993e+01
    endloop
  endfacet
  facet normal 5.425463e-01 -8.400259e-01 8.989071e-17
    outer loop
      vertex   -3.389717e+01 2.638799e+00 1.043993e+01
      vertex   -3.362500e+01 2.814583e+00 1.458993e+01
      vertex   -3.389717e+01 2.638799e+00 1.458993e+01
    endloop
  endfacet
  facet normal 6.234898e-01 -7.818315e-01 8.366335e-17
    outer loop
      vertex   -3.389717e+01 2.638799e+00 1.043993e+01
      vertex   -3.389717e+01 2.638799e+00 1.458993e+01
      vertex   -3.415048e+01 2.436789e+00 1.043993e+01
    endloop
  endfacet
  facet normal 6.234898e-01 -7.818315e-01 1.673267e-16
    outer loop
      vertex   -3.415048e+01 2.436789e+00 1.043993e+01
      vertex   -3.389717e+01 2.638799e+00 1.458993e+01
      vertex   -3.415048e+01 2.436789e+00 1.458993e+01
    endloop
  endfacet
  facet normal 6.982368e-01 -7.158668e-01 1.532090e-16
    outer loop
      vertex   -3.415048e+01 2.436789e+00 1.043993e+01
      vertex   -3.415048e+01 2.436789e+00 1.458993e+01
      vertex   -3.438242e+01 2.210561e+00 1.043993e+01
    endloop
  endfacet
  facet normal 6.982368e-01 -7.158668e-01 -1.118882e-15
    outer loop
      vertex   -3.438242e+01 2.210561e+00 1.043993e+01
      vertex   -3.415048e+01 2.436789e+00 1.458993e+01
      vertex   -3.438242e+01 2.210561e+00 1.458993e+01
    endloop
  endfacet
  facet normal 7.660444e-01 -6.427876e-01 -1.242800e-15
    outer loop
      vertex   -3.438242e+01 2.210561e+00 1.043993e+01
      vertex   -3.438242e+01 2.210561e+00 1.458993e+01
      vertex   -3.459068e+01 1.962364e+00 1.043993e+01
    endloop
  endfacet
  facet normal 7.660444e-01 -6.427876e-01 6.878435e-17
    outer loop
      vertex   -3.459068e+01 1.962364e+00 1.043993e+01
      vertex   -3.438242e+01 2.210561e+00 1.458993e+01
      vertex   -3.459068e+01 1.962364e+00 1.458993e+01
    endloop
  endfacet
  facet normal 8.262388e-01 -5.633201e-01 6.028057e-17
    outer loop
      vertex   -3.459068e+01 1.962364e+00 1.043993e+01
      vertex   -3.459068e+01 1.962364e+00 1.458993e+01
      vertex   -3.477320e+01 1.694664e+00 1.043993e+01
    endloop
  endfacet
  facet normal 8.262388e-01 -5.633201e-01 1.808417e-16
    outer loop
      vertex   -3.477320e+01 1.694664e+00 1.043993e+01
      vertex   -3.459068e+01 1.962364e+00 1.458993e+01
      vertex   -3.477320e+01 1.694664e+00 1.458993e+01
    endloop
  endfacet
  facet normal 8.782216e-01 -4.782540e-01 1.535331e-16
    outer loop
      vertex   -3.477320e+01 1.694664e+00 1.043993e+01
      vertex   -3.477320e+01 1.694664e+00 1.458993e+01
      vertex   -3.492815e+01 1.410122e+00 1.043993e+01
    endloop
  endfacet
  facet normal 8.782216e-01 -4.782540e-01 2.558885e-17
    outer loop
      vertex   -3.492815e+01 1.410122e+00 1.043993e+01
      vertex   -3.477320e+01 1.694664e+00 1.458993e+01
      vertex   -3.492815e+01 1.410122e+00 1.458993e+01
    endloop
  endfacet
  facet normal 9.214762e-01 -3.884348e-01 2.078310e-17
    outer loop
      vertex   -3.492815e+01 1.410122e+00 1.043993e+01
      vertex   -3.492815e+01 1.410122e+00 1.458993e+01
      vertex   -3.505400e+01 1.111565e+00 1.043993e+01
    endloop
  endfacet
  facet normal 9.214762e-01 -3.884348e-01 8.313239e-17
    outer loop
      vertex   -3.505400e+01 1.111565e+00 1.043993e+01
      vertex   -3.492815e+01 1.410122e+00 1.458993e+01
      vertex   -3.505400e+01 1.111565e+00 1.458993e+01
    endloop
  endfacet
  facet normal 9.555728e-01 -2.947552e-01 6.308318e-17
    outer loop
      vertex   -3.505400e+01 1.111565e+00 1.043993e+01
      vertex   -3.505400e+01 1.111565e+00 1.458993e+01
      vertex   -3.514950e+01 8.019615e-01 1.043993e+01
    endloop
  endfacet
  facet normal 9.555728e-01 -2.947552e-01 6.308318e-17
    outer loop
      vertex   -3.514950e+01 8.019615e-01 1.043993e+01
      vertex   -3.505400e+01 1.111565e+00 1.458993e+01
      vertex   -3.514950e+01 8.019615e-01 1.458993e+01
    endloop
  endfacet
  facet normal 9.801725e-01 -1.981461e-01 4.240702e-17
    outer loop
      vertex   -3.514950e+01 8.019615e-01 1.043993e+01
      vertex   -3.514950e+01 8.019615e-01 1.458993e+01
      vertex   -3.521370e+01 4.843874e-01 1.043993e+01
    endloop
  endfacet
  facet normal 9.801725e-01 -1.981461e-01 3.445570e-17
    outer loop
      vertex   -3.521370e+01 4.843874e-01 1.043993e+01
      vertex   -3.514950e+01 8.019615e-01 1.458993e+01
      vertex   -3.521370e+01 4.843874e-01 1.458993e+01
    endloop
  endfacet
  facet normal 9.950308e-01 -9.956785e-02 1.731389e-17
    outer loop
      vertex   -3.521370e+01 4.843874e-01 1.043993e+01
      vertex   -3.521370e+01 4.843874e-01 1.458993e+01
      vertex   -3.524596e+01 1.619991e-01 1.043993e+01
    endloop
  endfacet
  facet normal 9.950308e-01 -9.956785e-02 1.931164e-17
    outer loop
      vertex   -3.524596e+01 1.619991e-01 1.043993e+01
      vertex   -3.521370e+01 4.843874e-01 1.458993e+01
      vertex   -3.524596e+01 1.619991e-01 1.458993e+01
    endloop
  endfacet
  facet normal 1.000000e+00 0.000000e+00 -0.000000e+00
    outer loop
      vertex   -3.524596e+01 1.619991e-01 1.043993e+01
      vertex   -3.524596e+01 1.619991e-01 1.458993e+01
      vertex   -3.524596e+01 -1.619991e-01 1.043993e+01
    endloop
  endfacet
  facet normal 1.000000e+00 0.000000e+00 0.000000e+00
    outer loop
      vertex   -3.524596e+01 -1.619991e-01 1.043993e+01
      vertex   -3.524596e+01 1.619991e-01 1.458993e+01
      vertex   -3.524596e+01 -1.619991e-01 1.458993e+01
    endloop
  endfacet
  facet normal 9.950308e-01 9.956785e-02 -1.465021e-17
    outer loop
      vertex   -3.524596e+01 -1.619991e-01 1.043993e+01
      vertex   -3.524596e+01 -1.619991e-01 1.458993e+01
      vertex   -3.521370e+01 -4.843874e-01 1.043993e+01
    endloop
  endfacet
  facet normal 9.950308e-01 9.956785e-02 -1.864573e-17
    outer loop
      vertex   -3.521370e+01 -4.843874e-01 1.043993e+01
      vertex   -3.524596e+01 -1.619991e-01 1.458993e+01
      vertex   -3.521370e+01 -4.843874e-01 1.458993e+01
    endloop
  endfacet
  facet normal 9.801725e-01 1.981461e-01 -3.710614e-17
    outer loop
      vertex   -3.521370e+01 -4.843874e-01 1.043993e+01
      vertex   -3.521370e+01 -4.843874e-01 1.458993e+01
      vertex   -3.514950e+01 -8.019615e-01 1.043993e+01
    endloop
  endfacet
  facet normal 9.801725e-01 1.981461e-01 -3.180526e-17
    outer loop
      vertex   -3.514950e+01 -8.019615e-01 1.043993e+01
      vertex   -3.521370e+01 -4.843874e-01 1.458993e+01
      vertex   -3.514950e+01 -8.019615e-01 1.458993e+01
    endloop
  endfacet
  facet normal 9.555728e-01 2.947552e-01 -4.731238e-17
    outer loop
      vertex   -3.514950e+01 -8.019615e-01 1.043993e+01
      vertex   -3.514950e+01 -8.019615e-01 1.458993e+01
      vertex   -3.505400e+01 -1.111565e+00 1.043993e+01
    endloop
  endfacet
  facet normal 9.555728e-01 2.947552e-01 -4.731238e-17
    outer loop
      vertex   -3.505400e+01 -1.111565e+00 1.043993e+01
      vertex   -3.514950e+01 -8.019615e-01 1.458993e+01
      vertex   -3.505400e+01 -1.111565e+00 1.458993e+01
    endloop
  endfacet
  facet normal 9.214762e-01 3.884348e-01 -6.234929e-17
    outer loop
      vertex   -3.505400e+01 -1.111565e+00 1.043993e+01
      vertex   -3.505400e+01 -1.111565e+00 1.458993e+01
      vertex   -3.492815e+01 -1.410122e+00 1.043993e+01
    endloop
  endfacet
  facet normal 9.214762e-01 3.884348e-01 2.078310e-17
    outer loop
      vertex   -3.492815e+01 -1.410122e+00 1.043993e+01
      vertex   -3.505400e+01 -1.111565e+00 1.458993e+01
      vertex   -3.492815e+01 -1.410122e+00 1.458993e+01
    endloop
  endfacet
  facet normal 8.782216e-01 4.782540e-01 2.558885e-17
    outer loop
      vertex   -3.492815e+01 -1.410122e+00 1.043993e+01
      vertex   -3.492815e+01 -1.410122e+00 1.458993e+01
      vertex   -3.477320e+01 -1.694664e+00 1.043993e+01
    endloop
  endfacet
  facet normal 8.782216e-01 4.782540e-01 -0.000000e+00
    outer loop
      vertex   -3.477320e+01 -1.694664e+00 1.043993e+01
      vertex   -3.492815e+01 -1.410122e+00 1.458993e+01
      vertex   -3.477320e+01 -1.694664e+00 1.458993e+01
    endloop
  endfacet
  facet normal 8.262388e-01 5.633201e-01 -0.000000e+00
    outer loop
      vertex   -3.477320e+01 -1.694664e+00 1.043993e+01
      vertex   -3.477320e+01 -1.694664e+00 1.458993e+01
      vertex   -3.459068e+01 -1.962364e+00 1.043993e+01
    endloop
  endfacet
  facet normal 8.262388e-01 5.633201e-01 1.324225e-15
    outer loop
      vertex   -3.459068e+01 -1.962364e+00 1.043993e+01
      vertex   -3.477320e+01 -1.694664e+00 1.458993e+01
      vertex   -3.459068e+01 -1.962364e+00 1.458993e+01
    endloop
  endfacet
  facet normal 7.660444e-01 6.427876e-01 1.208407e-15
    outer loop
      vertex   -3.459068e+01 -1.962364e+00 1.043993e+01
      vertex   -3.459068e+01 -1.962364e+00 1.458993e+01
      vertex   -3.438242e+01 -2.210561e+00 1.043993e+01
    endloop
  endfacet
  facet normal 7.660444e-01 6.427876e-01 -6.878435e-17
    outer loop
      vertex   -3.438242e+01 -2.210561e+00 1.043993e+01
      vertex   -3.459068e+01 -1.962364e+00 1.458993e+01
      vertex   -3.438242e+01 -2.210561e+00 1.458993e+01
    endloop
  endfacet
  facet normal 6.982368e-01 7.158668e-01 -7.660452e-17
    outer loop
      vertex   -3.438242e+01 -2.210561e+00 1.043993e+01
      vertex   -3.438242e+01 -2.210561e+00 1.458993e+01
      vertex   -3.415048e+01 -2.436789e+00 1.043993e+01
    endloop
  endfacet
  facet normal 6.982368e-01 7.158668e-01 -0.000000e+00
    outer loop
      vertex   -3.415048e+01 -2.436789e+00 1.043993e+01
      vertex   -3.438242e+01 -2.210561e+00 1.458993e+01
      vertex   -3.415048e+01 -2.436789e+00 1.458993e+01
    endloop
  endfacet
  facet normal 6.234898e-01 7.818315e-01 -0.000000e+00
    outer loop
      vertex   -3.415048e+01 -2.436789e+00 1.043993e+01
      vertex   -3.415048e+01 -2.436789e+00 1.458993e+01
      vertex   -3.389717e+01 -2.638799e+00 1.043993e+01
    endloop
  endfacet
  facet normal 6.234898e-01 7.818315e-01 -8.366335e-17
    outer loop
      vertex   -3.389717e+01 -2.638799e+00 1.043993e+01
      vertex   -3.415048e+01 -2.436789e+00 1.458993e+01
      vertex   -3.389717e+01 -2.638799e+00 1.458993e+01
    endloop
  endfacet
  facet normal 5.425463e-01 8.400259e-01 -8.989071e-17
    outer loop
      vertex   -3.389717e+01 -2.638799e+00 1.043993e+01
      vertex   -3.389717e+01 -2.638799e+00 1.458993e+01
      vertex   -3.362500e+01 -2.814583e+00 1.043993e+01
    endloop
  endfacet
  facet normal 5.425463e-01 8.400259e-01 -8.989071e-17
    outer loop
      vertex   -3.362500e+01 -2.814583e+00 1.043993e+01
      vertex   -3.389717e+01 -2.638799e+00 1.458993e+01
      vertex   -3.362500e+01 -2.814583e+00 1.458993e+01
    endloop
  endfacet
  facet normal 4.562107e-01 8.898718e-01 -9.522469e-17
    outer loop
      vertex   -3.362500e+01 -2.814583e+00 1.043993e+01
      vertex   -3.362500e+01 -2.814583e+00 1.458993e+01
      vertex   -3.333668e+01 -2.962394e+00 1.043993e+01
    endloop
  endfacet
  facet normal 4.562107e-01 8.898718e-01 -1.904494e-16
    outer loop
      vertex   -3.333668e+01 -2.962394e+00 1.043993e+01
      vertex   -3.362500e+01 -2.814583e+00 1.458993e+01
      vertex   -3.333668e+01 -2.962394e+00 1.458993e+01
    endloop
  endfacet
  facet normal 3.653410e-01 9.308737e-01 -1.992246e-16
    outer loop
      vertex   -3.333668e+01 -2.962394e+00 1.043993e+01
      vertex   -3.333668e+01 -2.962394e+00 1.458993e+01
      vertex   -3.303508e+01 -3.080764e+00 1.043993e+01
    endloop
  endfacet
  facet normal 3.653410e-01 9.308737e-01 -9.961229e-17
    outer loop
      vertex   -3.303508e+01 -3.080764e+00 1.043993e+01
      vertex   -3.333668e+01 -2.962394e+00 1.458993e+01
      vertex   -3.303508e+01 -3.080764e+00 1.458993e+01
    endloop
  endfacet
  facet normal 2.708405e-01 9.626242e-01 -1.030099e-16
    outer loop
      vertex   -3.303508e+01 -3.080764e+00 1.043993e+01
      vertex   -3.303508e+01 -3.080764e+00 1.458993e+01
      vertex   -3.272319e+01 -3.168516e+00 1.043993e+01
    endloop
  endfacet
  facet normal 2.708405e-01 9.626242e-01 -0.000000e+00
    outer loop
      vertex   -3.272319e+01 -3.168516e+00 1.043993e+01
      vertex   -3.303508e+01 -3.080764e+00 1.458993e+01
      vertex   -3.272319e+01 -3.168516e+00 1.458993e+01
    endloop
  endfacet
  facet normal 1.736482e-01 9.848078e-01 -0.000000e+00
    outer loop
      vertex   -3.272319e+01 -3.168516e+00 1.043993e+01
      vertex   -3.272319e+01 -3.168516e+00 1.458993e+01
      vertex   -3.240412e+01 -3.224777e+00 1.043993e+01
    endloop
  endfacet
  facet normal 1.736482e-01 9.848078e-01 -1.053837e-16
    outer loop
      vertex   -3.240412e+01 -3.224777e+00 1.043993e+01
      vertex   -3.272319e+01 -3.168516e+00 1.458993e+01
      vertex   -3.240412e+01 -3.224777e+00 1.458993e+01
    endloop
  endfacet
  facet normal 7.473009e-02 9.972038e-01 -1.067102e-16
    outer loop
      vertex   -3.240412e+01 -3.224777e+00 1.043993e+01
      vertex   -3.240412e+01 -3.224777e+00 1.458993e+01
      vertex   -3.208102e+01 -3.248990e+00 1.043993e+01
    endloop
  endfacet
  facet normal 7.473009e-02 9.972038e-01 -0.000000e+00
    outer loop
      vertex   -3.208102e+01 -3.248990e+00 1.043993e+01
      vertex   -3.240412e+01 -3.224777e+00 1.458993e+01
      vertex   -3.208102e+01 -3.248990e+00 1.458993e+01
    endloop
  endfacet
  facet normal -2.493069e-02 9.996892e-01 0.000000e+00
    outer loop
      vertex   -3.208102e+01 -3.248990e+00 1.043993e+01
      vertex   -3.208102e+01 -3.248990e+00 1.458993e+01
      vertex   -3.175713e+01 -3.240912e+00 1.043993e+01
    endloop
  endfacet
  facet normal -2.493069e-02 9.996892e-01 0.000000e+00
    outer loop
      vertex   -3.175713e+01 -3.240912e+00 1.043993e+01
      vertex   -3.208102e+01 -3.248990e+00 1.458993e+01
      vertex   -3.175713e+01 -3.240912e+00 1.458993e+01
    endloop
  endfacet
  facet normal -1.243437e-01 9.922392e-01 0.000000e+00
    outer loop
      vertex   -3.175713e+01 -3.240912e+00 1.043993e+01
      vertex   -3.175713e+01 -3.240912e+00 1.458993e+01
      vertex   -3.143564e+01 -3.200625e+00 1.043993e+01
    endloop
  endfacet
  facet normal -1.243437e-01 9.922392e-01 0.000000e+00
    outer loop
      vertex   -3.143564e+01 -3.200625e+00 1.043993e+01
      vertex   -3.175713e+01 -3.240912e+00 1.458993e+01
      vertex   -3.143564e+01 -3.200625e+00 1.458993e+01
    endloop
  endfacet
  facet normal -2.225209e-01 9.749279e-01 0.000000e+00
    outer loop
      vertex   -3.143564e+01 -3.200625e+00 1.043993e+01
      vertex   -3.143564e+01 -3.200625e+00 1.458993e+01
      vertex   -3.111977e+01 -3.128529e+00 1.043993e+01
    endloop
  endfacet
  facet normal -2.225209e-01 9.749279e-01 0.000000e+00
    outer loop
      vertex   -3.111977e+01 -3.128529e+00 1.043993e+01
      vertex   -3.143564e+01 -3.200625e+00 1.458993e+01
      vertex   -3.111977e+01 -3.128529e+00 1.458993e+01
    endloop
  endfacet
  facet normal -3.184867e-01 9.479273e-01 0.000000e+00
    outer loop
      vertex   -3.111977e+01 -3.128529e+00 1.043993e+01
      vertex   -3.111977e+01 -3.128529e+00 1.458993e+01
      vertex   -3.081264e+01 -3.025340e+00 1.043993e+01
    endloop
  endfacet
  facet normal -3.184867e-01 9.479273e-01 1.014372e-16
    outer loop
      vertex   -3.081264e+01 -3.025340e+00 1.043993e+01
      vertex   -3.111977e+01 -3.128529e+00 1.458993e+01
      vertex   -3.081264e+01 -3.025340e+00 1.458993e+01
    endloop
  endfacet
  facet normal -4.112871e-01 9.115059e-01 9.753974e-17
    outer loop
      vertex   -3.081264e+01 -3.025340e+00 1.043993e+01
      vertex   -3.081264e+01 -3.025340e+00 1.458993e+01
      vertex   -3.051732e+01 -2.892083e+00 1.043993e+01
    endloop
  endfacet
  facet normal -4.112871e-01 9.115059e-01 9.753974e-17
    outer loop
      vertex   -3.051732e+01 -2.892083e+00 1.043993e+01
      vertex   -3.081264e+01 -3.025340e+00 1.458993e+01
      vertex   -3.051732e+01 -2.892083e+00 1.458993e+01
    endloop
  endfacet
  facet normal -5.000000e-01 8.660254e-01 9.267290e-17
    outer loop
      vertex   -3.051732e+01 -2.892083e+00 1.043993e+01
      vertex   -3.051732e+01 -2.892083e+00 1.458993e+01
      vertex   -3.023672e+01 -2.730084e+00 1.043993e+01
    endloop
  endfacet
  facet normal -5.000000e-01 8.660254e-01 1.853458e-16
    outer loop
      vertex   -3.023672e+01 -2.730084e+00 1.043993e+01
      vertex   -3.051732e+01 -2.892083e+00 1.458993e+01
      vertex   -3.023672e+01 -2.730084e+00 1.458993e+01
    endloop
  endfacet
  facet normal -5.837437e-01 8.119380e-01 1.737701e-16
    outer loop
      vertex   -3.023672e+01 -2.730084e+00 1.043993e+01
      vertex   -3.023672e+01 -2.730084e+00 1.458993e+01
      vertex   -2.997366e+01 -2.540952e+00 1.043993e+01
    endloop
  endfacet
  facet normal -5.837437e-01 8.119380e-01 8.688504e-17
    outer loop
      vertex   -2.997366e+01 -2.540952e+00 1.043993e+01
      vertex   -3.023672e+01 -2.730084e+00 1.458993e+01
      vertex   -2.997366e+01 -2.540952e+00 1.458993e+01
    endloop
  endfacet
  facet normal -6.616858e-01 7.497812e-01 8.023367e-17
    outer loop
      vertex   -2.997366e+01 -2.540952e+00 1.043993e+01
      vertex   -2.997366e+01 -2.540952e+00 1.458993e+01
      vertex   -2.973073e+01 -2.326567e+00 1.043993e+01
    endloop
  endfacet
  facet normal -6.616858e-01 7.497812e-01 0.000000e+00
    outer loop
      vertex   -2.973073e+01 -2.326567e+00 1.043993e+01
      vertex   -2.997366e+01 -2.540952e+00 1.458993e+01
      vertex   -2.973073e+01 -2.326567e+00 1.458993e+01
    endloop
  endfacet
  facet normal -7.330519e-01 6.801727e-01 0.000000e+00
    outer loop
      vertex   -2.973073e+01 -2.326567e+00 1.043993e+01
      vertex   -2.973073e+01 -2.326567e+00 1.458993e+01
      vertex   -2.951036e+01 -2.089060e+00 1.043993e+01
    endloop
  endfacet
  facet normal -7.330519e-01 6.801727e-01 3.639245e-16
    outer loop
      vertex   -2.951036e+01 -2.089060e+00 1.043993e+01
      vertex   -2.973073e+01 -2.326567e+00 1.458993e+01
      vertex   -2.951036e+01 -2.089060e+00 1.458993e+01
    endloop
  endfacet
  facet normal -7.971325e-01 6.038044e-01 3.230639e-16
    outer loop
      vertex   -2.951036e+01 -2.089060e+00 1.043993e+01
      vertex   -2.951036e+01 -2.089060e+00 1.458993e+01
      vertex   -2.931472e+01 -1.830790e+00 1.043993e+01
    endloop
  endfacet
  facet normal -7.971325e-01 6.038044e-01 0.000000e+00
    outer loop
      vertex   -2.931472e+01 -1.830790e+00 1.043993e+01
      vertex   -2.951036e+01 -2.089060e+00 1.458993e+01
      vertex   -2.931472e+01 -1.830790e+00 1.458993e+01
    endloop
  endfacet
  facet normal -8.532909e-01 5.214352e-01 0.000000e+00
    outer loop
      vertex   -2.931472e+01 -1.830790e+00 1.043993e+01
      vertex   -2.931472e+01 -1.830790e+00 1.458993e+01
      vertex   -2.914578e+01 -1.554325e+00 1.043993e+01
    endloop
  endfacet
  facet normal -8.532909e-01 5.214352e-01 3.068917e-16
    outer loop
      vertex   -2.914578e+01 -1.554325e+00 1.043993e+01
      vertex   -2.931472e+01 -1.830790e+00 1.458993e+01
      vertex   -2.914578e+01 -1.554325e+00 1.458993e+01
    endloop
  endfacet
  facet normal -9.009689e-01 4.338837e-01 2.553631e-16
    outer loop
      vertex   -2.914578e+01 -1.554325e+00 1.043993e+01
      vertex   -2.914578e+01 -1.554325e+00 1.458993e+01
      vertex   -2.900520e+01 -1.262413e+00 1.043993e+01
    endloop
  endfacet
  facet normal -9.009689e-01 4.338837e-01 0.000000e+00
    outer loop
      vertex   -2.900520e+01 -1.262413e+00 1.043993e+01
      vertex   -2.914578e+01 -1.554325e+00 1.458993e+01
      vertex   -2.900520e+01 -1.262413e+00 1.458993e+01
    endloop
  endfacet
  facet normal -9.396926e-01 3.420201e-01 0.000000e+00
    outer loop
      vertex   -2.900520e+01 -1.262413e+00 1.043993e+01
      vertex   -2.900520e+01 -1.262413e+00 1.458993e+01
      vertex   -2.889439e+01 -9.579543e-01 1.043993e+01
    endloop
  endfacet
  facet normal -9.396926e-01 3.420201e-01 0.000000e+00
    outer loop
      vertex   -2.889439e+01 -9.579543e-01 1.043993e+01
      vertex   -2.900520e+01 -1.262413e+00 1.458993e+01
      vertex   -2.889439e+01 -9.579543e-01 1.458993e+01
    endloop
  endfacet
  facet normal -9.690773e-01 2.467574e-01 0.000000e+00
    outer loop
      vertex   -2.889439e+01 -9.579543e-01 1.043993e+01
      vertex   -2.889439e+01 -9.579543e-01 1.458993e+01
      vertex   -2.881444e+01 -6.439750e-01 1.043993e+01
    endloop
  endfacet
  facet normal -9.690773e-01 2.467574e-01 0.000000e+00
    outer loop
      vertex   -2.881444e+01 -6.439750e-01 1.043993e+01
      vertex   -2.889439e+01 -9.579543e-01 1.458993e+01
      vertex   -2.881444e+01 -6.439750e-01 1.458993e+01
    endloop
  endfacet
  facet normal -9.888308e-01 1.490423e-01 0.000000e+00
    outer loop
      vertex   -2.881444e+01 -6.439750e-01 1.043993e+01
      vertex   -2.881444e+01 -6.439750e-01 1.458993e+01
      vertex   -2.876615e+01 -3.235955e-01 1.043993e+01
    endloop
  endfacet
  facet normal -9.888308e-01 1.490423e-01 0.000000e+00
    outer loop
      vertex   -2.876615e+01 -3.235955e-01 1.043993e+01
      vertex   -2.881444e+01 -6.439750e-01 1.458993e+01
      vertex   -2.876615e+01 -3.235955e-01 1.458993e+01
    endloop
  endfacet
  facet normal -9.987569e-01 -4.984589e-02 -0.000000e+00
    outer loop
      vertex   -2.876615e+01 3.235955e-01 1.873993e+01
      vertex   -2.876615e+01 3.235955e-01 1.458993e+01
      vertex   -2.875000e+01 -3.980102e-16 1.873993e+01
    endloop
  endfacet
  facet normal -9.987569e-01 -4.984589e-02 -9.561046e-18
    outer loop
      vertex   -2.875000e+01 -3.980102e-16 1.873993e+01
      vertex   -2.876615e+01 3.235955e-01 1.458993e+01
      vertex   -2.875000e+01 3.980102e-16 1.458993e+01
    endloop
  endfacet
  facet normal -9.987569e-01 4.984589e-02 9.561046e-18
    outer loop
      vertex   -2.875000e+01 -3.980102e-16 1.873993e+01
      vertex   -2.875000e+01 3.980102e-16 1.458993e+01
      vertex   -2.876615e+01 -3.235955e-01 1.873993e+01
    endloop
  endfacet
  facet normal -9.987569e-01 4.984589e-02 1.733544e-17
    outer loop
      vertex   -2.876615e+01 -3.235955e-01 1.873993e+01
      vertex   -2.875000e+01 3.980102e-16 1.458993e+01
      vertex   -2.876615e+01 -3.235955e-01 1.458993e+01
    endloop
  endfacet
  facet normal -9.888308e-01 1.490423e-01 5.183402e-17
    outer loop
      vertex   -2.876615e+01 -3.235955e-01 1.873993e+01
      vertex   -2.876615e+01 -3.235955e-01 1.458993e+01
      vertex   -2.881444e+01 -6.439750e-01 1.873993e+01
    endloop
  endfacet
  facet normal -9.888308e-01 1.490423e-01 0.000000e+00
    outer loop
      vertex   -2.881444e+01 -6.439750e-01 1.873993e+01
      vertex   -2.876615e+01 -3.235955e-01 1.458993e+01
      vertex   -2.881444e+01 -6.439750e-01 1.458993e+01
    endloop
  endfacet
  facet normal -9.690773e-01 2.467574e-01 0.000000e+00
    outer loop
      vertex   -2.881444e+01 -6.439750e-01 1.873993e+01
      vertex   -2.881444e+01 -6.439750e-01 1.458993e+01
      vertex   -2.889439e+01 -9.579543e-01 1.873993e+01
    endloop
  endfacet
  facet normal -9.690773e-01 2.467574e-01 8.581746e-17
    outer loop
      vertex   -2.889439e+01 -9.579543e-01 1.873993e+01
      vertex   -2.881444e+01 -6.439750e-01 1.458993e+01
      vertex   -2.889439e+01 -9.579543e-01 1.458993e+01
    endloop
  endfacet
  facet normal -9.396926e-01 3.420201e-01 1.189480e-16
    outer loop
      vertex   -2.889439e+01 -9.579543e-01 1.873993e+01
      vertex   -2.889439e+01 -9.579543e-01 1.458993e+01
      vertex   -2.900520e+01 -1.262413e+00 1.873993e+01
    endloop
  endfacet
  facet normal -9.396926e-01 3.420201e-01 0.000000e+00
    outer loop
      vertex   -2.900520e+01 -1.262413e+00 1.873993e+01
      vertex   -2.889439e+01 -9.579543e-01 1.458993e+01
      vertex   -2.900520e+01 -1.262413e+00 1.458993e+01
    endloop
  endfacet
  facet normal -9.009689e-01 4.338837e-01 0.000000e+00
    outer loop
      vertex   -2.900520e+01 -1.262413e+00 1.873993e+01
      vertex   -2.900520e+01 -1.262413e+00 1.458993e+01
      vertex   -2.914578e+01 -1.554325e+00 1.873993e+01
    endloop
  endfacet
  facet normal -9.009689e-01 4.338837e-01 0.000000e+00
    outer loop
      vertex   -2.914578e+01 -1.554325e+00 1.873993e+01
      vertex   -2.900520e+01 -1.262413e+00 1.458993e+01
      vertex   -2.914578e+01 -1.554325e+00 1.458993e+01
    endloop
  endfacet
  facet normal -8.532909e-01 5.214352e-01 0.000000e+00
    outer loop
      vertex   -2.914578e+01 -1.554325e+00 1.873993e+01
      vertex   -2.914578e+01 -1.554325e+00 1.458993e+01
      vertex   -2.931472e+01 -1.830790e+00 1.873993e+01
    endloop
  endfacet
  facet normal -8.532909e-01 5.214352e-01 1.673955e-16
    outer loop
      vertex   -2.931472e+01 -1.830790e+00 1.873993e+01
      vertex   -2.914578e+01 -1.554325e+00 1.458993e+01
      vertex   -2.931472e+01 -1.830790e+00 1.458993e+01
    endloop
  endfacet
  facet normal -7.971325e-01 6.038044e-01 1.938383e-16
    outer loop
      vertex   -2.931472e+01 -1.830790e+00 1.873993e+01
      vertex   -2.931472e+01 -1.830790e+00 1.458993e+01
      vertex   -2.951036e+01 -2.089060e+00 1.873993e+01
    endloop
  endfacet
  facet normal -7.971325e-01 6.038044e-01 0.000000e+00
    outer loop
      vertex   -2.951036e+01 -2.089060e+00 1.873993e+01
      vertex   -2.931472e+01 -1.830790e+00 1.458993e+01
      vertex   -2.951036e+01 -2.089060e+00 1.458993e+01
    endloop
  endfacet
  facet normal -7.330519e-01 6.801727e-01 0.000000e+00
    outer loop
      vertex   -2.951036e+01 -2.089060e+00 1.873993e+01
      vertex   -2.951036e+01 -2.089060e+00 1.458993e+01
      vertex   -2.973073e+01 -2.326567e+00 1.873993e+01
    endloop
  endfacet
  facet normal -7.330519e-01 6.801727e-01 2.183547e-16
    outer loop
      vertex   -2.973073e+01 -2.326567e+00 1.873993e+01
      vertex   -2.951036e+01 -2.089060e+00 1.458993e+01
      vertex   -2.973073e+01 -2.326567e+00 1.458993e+01
    endloop
  endfacet
  facet normal -6.616858e-01 7.497812e-01 2.407010e-16
    outer loop
      vertex   -2.973073e+01 -2.326567e+00 1.873993e+01
      vertex   -2.973073e+01 -2.326567e+00 1.458993e+01
      vertex   -2.997366e+01 -2.540952e+00 1.873993e+01
    endloop
  endfacet
  facet normal -6.616858e-01 7.497812e-01 -8.023367e-17
    outer loop
      vertex   -2.997366e+01 -2.540952e+00 1.873993e+01
      vertex   -2.973073e+01 -2.326567e+00 1.458993e+01
      vertex   -2.997366e+01 -2.540952e+00 1.458993e+01
    endloop
  endfacet
  facet normal -5.837437e-01 8.119380e-01 -8.688504e-17
    outer loop
      vertex   -2.997366e+01 -2.540952e+00 1.873993e+01
      vertex   -2.997366e+01 -2.540952e+00 1.458993e+01
      vertex   -3.023672e+01 -2.730084e+00 1.873993e+01
    endloop
  endfacet
  facet normal -5.837437e-01 8.119380e-01 0.000000e+00
    outer loop
      vertex   -3.023672e+01 -2.730084e+00 1.873993e+01
      vertex   -2.997366e+01 -2.540952e+00 1.458993e+01
      vertex   -3.023672e+01 -2.730084e+00 1.458993e+01
    endloop
  endfacet
  facet normal -5.000000e-01 8.660254e-01 0.000000e+00
    outer loop
      vertex   -3.023672e+01 -2.730084e+00 1.873993e+01
      vertex   -3.023672e+01 -2.730084e+00 1.458993e+01
      vertex   -3.051732e+01 -2.892083e+00 1.873993e+01
    endloop
  endfacet
  facet normal -5.000000e-01 8.660254e-01 -9.267290e-17
    outer loop
      vertex   -3.051732e+01 -2.892083e+00 1.873993e+01
      vertex   -3.023672e+01 -2.730084e+00 1.458993e+01
      vertex   -3.051732e+01 -2.892083e+00 1.458993e+01
    endloop
  endfacet
  facet normal -4.112871e-01 9.115059e-01 -9.753974e-17
    outer loop
      vertex   -3.051732e+01 -2.892083e+00 1.873993e+01
      vertex   -3.051732e+01 -2.892083e+00 1.458993e+01
      vertex   -3.081264e+01 -3.025340e+00 1.873993e+01
    endloop
  endfacet
  facet normal -4.112871e-01 9.115059e-01 -5.091062e-16
    outer loop
      vertex   -3.081264e+01 -3.025340e+00 1.873993e+01
      vertex   -3.051732e+01 -2.892083e+00 1.458993e+01
      vertex   -3.081264e+01 -3.025340e+00 1.458993e+01
    endloop
  endfacet
  facet normal -3.184867e-01 9.479273e-01 -3.424229e-16
    outer loop
      vertex   -3.081264e+01 -3.025340e+00 1.873993e+01
      vertex   -3.081264e+01 -3.025340e+00 1.458993e+01
      vertex   -3.111977e+01 -3.128529e+00 1.873993e+01
    endloop
  endfacet
  facet normal -3.184867e-01 9.479273e-01 -6.977428e-17
    outer loop
      vertex   -3.111977e+01 -3.128529e+00 1.873993e+01
      vertex   -3.081264e+01 -3.025340e+00 1.458993e+01
      vertex   -3.111977e+01 -3.128529e+00 1.458993e+01
    endloop
  endfacet
  facet normal -2.225209e-01 9.749279e-01 1.815826e-17
    outer loop
      vertex   -3.111977e+01 -3.128529e+00 1.873993e+01
      vertex   -3.111977e+01 -3.128529e+00 1.458993e+01
      vertex   -3.143564e+01 -3.200625e+00 1.873993e+01
    endloop
  endfacet
  facet normal -2.225209e-01 9.749279e-01 1.815826e-17
    outer loop
      vertex   -3.143564e+01 -3.200625e+00 1.873993e+01
      vertex   -3.111977e+01 -3.128529e+00 1.458993e+01
      vertex   -3.143564e+01 -3.200625e+00 1.458993e+01
    endloop
  endfacet
  facet normal -1.243437e-01 9.922392e-01 1.059103e-16
    outer loop
      vertex   -3.143564e+01 -3.200625e+00 1.873993e+01
      vertex   -3.143564e+01 -3.200625e+00 1.458993e+01
      vertex   -3.175713e+01 -3.240912e+00 1.873993e+01
    endloop
  endfacet
  facet normal -1.243437e-01 9.922392e-01 0.000000e+00
    outer loop
      vertex   -3.175713e+01 -3.240912e+00 1.873993e+01
      vertex   -3.143564e+01 -3.200625e+00 1.458993e+01
      vertex   -3.175713e+01 -3.240912e+00 1.458993e+01
    endloop
  endfacet
  facet normal -2.493069e-02 9.996892e-01 0.000000e+00
    outer loop
      vertex   -3.175713e+01 -3.240912e+00 1.873993e+01
      vertex   -3.175713e+01 -3.240912e+00 1.458993e+01
      vertex   -3.208102e+01 -3.248990e+00 1.873993e+01
    endloop
  endfacet
  facet normal -2.493069e-02 9.996892e-01 0.000000e+00
    outer loop
      vertex   -3.208102e+01 -3.248990e+00 1.873993e+01
      vertex   -3.175713e+01 -3.240912e+00 1.458993e+01
      vertex   -3.208102e+01 -3.248990e+00 1.458993e+01
    endloop
  endfacet
  facet normal 7.473009e-02 9.972038e-01 0.000000e+00
    outer loop
      vertex   -3.208102e+01 -3.248990e+00 1.873993e+01
      vertex   -3.208102e+01 -3.248990e+00 1.458993e+01
      vertex   -3.240412e+01 -3.224777e+00 1.873993e+01
    endloop
  endfacet
  facet normal 7.473009e-02 9.972038e-01 0.000000e+00
    outer loop
      vertex   -3.240412e+01 -3.224777e+00 1.873993e+01
      vertex   -3.208102e+01 -3.248990e+00 1.458993e+01
      vertex   -3.240412e+01 -3.224777e+00 1.458993e+01
    endloop
  endfacet
  facet normal 1.736482e-01 9.848078e-01 0.000000e+00
    outer loop
      vertex   -3.240412e+01 -3.224777e+00 1.873993e+01
      vertex   -3.240412e+01 -3.224777e+00 1.458993e+01
      vertex   -3.272319e+01 -3.168516e+00 1.873993e+01
    endloop
  endfacet
  facet normal 1.736482e-01 9.848078e-01 0.000000e+00
    outer loop
      vertex   -3.272319e+01 -3.168516e+00 1.873993e+01
      vertex   -3.240412e+01 -3.224777e+00 1.458993e+01
      vertex   -3.272319e+01 -3.168516e+00 1.458993e+01
    endloop
  endfacet
  facet normal 2.708405e-01 9.626242e-01 0.000000e+00
    outer loop
      vertex   -3.272319e+01 -3.168516e+00 1.873993e+01
      vertex   -3.272319e+01 -3.168516e+00 1.458993e+01
      vertex   -3.303508e+01 -3.080764e+00 1.873993e+01
    endloop
  endfacet
  facet normal 2.708405e-01 9.626242e-01 0.000000e+00
    outer loop
      vertex   -3.303508e+01 -3.080764e+00 1.873993e+01
      vertex   -3.272319e+01 -3.168516e+00 1.458993e+01
      vertex   -3.303508e+01 -3.080764e+00 1.458993e+01
    endloop
  endfacet
  facet normal 3.653410e-01 9.308737e-01 0.000000e+00
    outer loop
      vertex   -3.303508e+01 -3.080764e+00 1.873993e+01
      vertex   -3.303508e+01 -3.080764e+00 1.458993e+01
      vertex   -3.333668e+01 -2.962394e+00 1.873993e+01
    endloop
  endfacet
  facet normal 3.653410e-01 9.308737e-01 1.992246e-16
    outer loop
      vertex   -3.333668e+01 -2.962394e+00 1.873993e+01
      vertex   -3.303508e+01 -3.080764e+00 1.458993e+01
      vertex   -3.333668e+01 -2.962394e+00 1.458993e+01
    endloop
  endfacet
  facet normal 4.562107e-01 8.898718e-01 1.904494e-16
    outer loop
      vertex   -3.333668e+01 -2.962394e+00 1.873993e+01
      vertex   -3.333668e+01 -2.962394e+00 1.458993e+01
      vertex   -3.362500e+01 -2.814583e+00 1.873993e+01
    endloop
  endfacet
  facet normal 4.562107e-01 8.898718e-01 -2.856741e-16
    outer loop
      vertex   -3.362500e+01 -2.814583e+00 1.873993e+01
      vertex   -3.333668e+01 -2.962394e+00 1.458993e+01
      vertex   -3.362500e+01 -2.814583e+00 1.458993e+01
    endloop
  endfacet
  facet normal 5.425463e-01 8.400259e-01 -2.696721e-16
    outer loop
      vertex   -3.362500e+01 -2.814583e+00 1.873993e+01
      vertex   -3.362500e+01 -2.814583e+00 1.458993e+01
      vertex   -3.389717e+01 -2.638799e+00 1.873993e+01
    endloop
  endfacet
  facet normal 5.425463e-01 8.400259e-01 -8.989071e-17
    outer loop
      vertex   -3.389717e+01 -2.638799e+00 1.873993e+01
      vertex   -3.362500e+01 -2.814583e+00 1.458993e+01
      vertex   -3.389717e+01 -2.638799e+00 1.458993e+01
    endloop
  endfacet
  facet normal 6.234898e-01 7.818315e-01 -8.366335e-17
    outer loop
      vertex   -3.389717e+01 -2.638799e+00 1.873993e+01
      vertex   -3.389717e+01 -2.638799e+00 1.458993e+01
      vertex   -3.415048e+01 -2.436789e+00 1.873993e+01
    endloop
  endfacet
  facet normal 6.234898e-01 7.818315e-01 -1.673267e-16
    outer loop
      vertex   -3.415048e+01 -2.436789e+00 1.873993e+01
      vertex   -3.389717e+01 -2.638799e+00 1.458993e+01
      vertex   -3.415048e+01 -2.436789e+00 1.458993e+01
    endloop
  endfacet
  facet normal 6.982368e-01 7.158668e-01 -1.532090e-16
    outer loop
      vertex   -3.415048e+01 -2.436789e+00 1.873993e+01
      vertex   -3.415048e+01 -2.436789e+00 1.458993e+01
      vertex   -3.438242e+01 -2.210561e+00 1.873993e+01
    endloop
  endfacet
  facet normal 6.982368e-01 7.158668e-01 1.118882e-15
    outer loop
      vertex   -3.438242e+01 -2.210561e+00 1.873993e+01
      vertex   -3.415048e+01 -2.436789e+00 1.458993e+01
      vertex   -3.438242e+01 -2.210561e+00 1.458993e+01
    endloop
  endfacet
  facet normal 7.660444e-01 6.427876e-01 1.242800e-15
    outer loop
      vertex   -3.438242e+01 -2.210561e+00 1.873993e+01
      vertex   -3.438242e+01 -2.210561e+00 1.458993e+01
      vertex   -3.459068e+01 -1.962364e+00 1.873993e+01
    endloop
  endfacet
  facet normal 7.660444e-01 6.427876e-01 -6.878435e-17
    outer loop
      vertex   -3.459068e+01 -1.962364e+00 1.873993e+01
      vertex   -3.438242e+01 -2.210561e+00 1.458993e+01
      vertex   -3.459068e+01 -1.962364e+00 1.458993e+01
    endloop
  endfacet
  facet normal 8.262388e-01 5.633201e-01 -6.028057e-17
    outer loop
      vertex   -3.459068e+01 -1.962364e+00 1.873993e+01
      vertex   -3.459068e+01 -1.962364e+00 1.458993e+01
      vertex   -3.477320e+01 -1.694664e+00 1.873993e+01
    endloop
  endfacet
  facet normal 8.262388e-01 5.633201e-01 -1.808417e-16
    outer loop
      vertex   -3.477320e+01 -1.694664e+00 1.873993e+01
      vertex   -3.459068e+01 -1.962364e+00 1.458993e+01
      vertex   -3.477320e+01 -1.694664e+00 1.458993e+01
    endloop
  endfacet
  facet normal 8.782216e-01 4.782540e-01 -1.535331e-16
    outer loop
      vertex   -3.477320e+01 -1.694664e+00 1.873993e+01
      vertex   -3.477320e+01 -1.694664e+00 1.458993e+01
      vertex   -3.492815e+01 -1.410122e+00 1.873993e+01
    endloop
  endfacet
  facet normal 8.782216e-01 4.782540e-01 -2.558885e-17
    outer loop
      vertex   -3.492815e+01 -1.410122e+00 1.873993e+01
      vertex   -3.477320e+01 -1.694664e+00 1.458993e+01
      vertex   -3.492815e+01 -1.410122e+00 1.458993e+01
    endloop
  endfacet
  facet normal 9.214762e-01 3.884348e-01 -2.078310e-17
    outer loop
      vertex   -3.492815e+01 -1.410122e+00 1.873993e+01
      vertex   -3.492815e+01 -1.410122e+00 1.458993e+01
      vertex   -3.505400e+01 -1.111565e+00 1.873993e+01
    endloop
  endfacet
  facet normal 9.214762e-01 3.884348e-01 -8.313239e-17
    outer loop
      vertex   -3.505400e+01 -1.111565e+00 1.873993e+01
      vertex   -3.492815e+01 -1.410122e+00 1.458993e+01
      vertex   -3.505400e+01 -1.111565e+00 1.458993e+01
    endloop
  endfacet
  facet normal 9.555728e-01 2.947552e-01 -6.308318e-17
    outer loop
      vertex   -3.505400e+01 -1.111565e+00 1.873993e+01
      vertex   -3.505400e+01 -1.111565e+00 1.458993e+01
      vertex   -3.514950e+01 -8.019615e-01 1.873993e+01
    endloop
  endfacet
  facet normal 9.555728e-01 2.947552e-01 -6.308318e-17
    outer loop
      vertex   -3.514950e+01 -8.019615e-01 1.873993e+01
      vertex   -3.505400e+01 -1.111565e+00 1.458993e+01
      vertex   -3.514950e+01 -8.019615e-01 1.458993e+01
    endloop
  endfacet
  facet normal 9.801725e-01 1.981461e-01 -4.240702e-17
    outer loop
      vertex   -3.514950e+01 -8.019615e-01 1.873993e+01
      vertex   -3.514950e+01 -8.019615e-01 1.458993e+01
      vertex   -3.521370e+01 -4.843874e-01 1.873993e+01
    endloop
  endfacet
  facet normal 9.801725e-01 1.981461e-01 -3.445570e-17
    outer loop
      vertex   -3.521370e+01 -4.843874e-01 1.873993e+01
      vertex   -3.514950e+01 -8.019615e-01 1.458993e+01
      vertex   -3.521370e+01 -4.843874e-01 1.458993e+01
    endloop
  endfacet
  facet normal 9.950308e-01 9.956785e-02 -1.731389e-17
    outer loop
      vertex   -3.521370e+01 -4.843874e-01 1.873993e+01
      vertex   -3.521370e+01 -4.843874e-01 1.458993e+01
      vertex   -3.524596e+01 -1.619991e-01 1.873993e+01
    endloop
  endfacet
  facet normal 9.950308e-01 9.956785e-02 -1.931164e-17
    outer loop
      vertex   -3.524596e+01 -1.619991e-01 1.873993e+01
      vertex   -3.521370e+01 -4.843874e-01 1.458993e+01
      vertex   -3.524596e+01 -1.619991e-01 1.458993e+01
    endloop
  endfacet
  facet normal 1.000000e+00 -0.000000e+00 0.000000e+00
    outer loop
      vertex   -3.524596e+01 -1.619991e-01 1.873993e+01
      vertex   -3.524596e+01 -1.619991e-01 1.458993e+01
      vertex   -3.524596e+01 1.619991e-01 1.873993e+01
    endloop
  endfacet
  facet normal 1.000000e+00 0.000000e+00 0.000000e+00
    outer loop
      vertex   -3.524596e+01 1.619991e-01 1.873993e+01
      vertex   -3.524596e+01 -1.619991e-01 1.458993e+01
      vertex   -3.524596e+01 1.619991e-01 1.458993e+01
    endloop
  endfacet
  facet normal 9.950308e-01 -9.956785e-02 1.465021e-17
    outer loop
      vertex   -3.524596e+01 1.619991e-01 1.873993e+01
      vertex   -3.524596e+01 1.619991e-01 1.458993e+01
      vertex   -3.521370e+01 4.843874e-01 1.873993e+01
    endloop
  endfacet
  facet normal 9.950308e-01 -9.956785e-02 1.864573e-17
    outer loop
      vertex   -3.521370e+01 4.843874e-01 1.873993e+01
      vertex   -3.524596e+01 1.619991e-01 1.458993e+01
      vertex   -3.521370e+01 4.843874e-01 1.458993e+01
    endloop
  endfacet
  facet normal 9.801725e-01 -1.981461e-01 3.710614e-17
    outer loop
      vertex   -3.521370e+01 4.843874e-01 1.873993e+01
      vertex   -3.521370e+01 4.843874e-01 1.458993e+01
      vertex   -3.514950e+01 8.019615e-01 1.873993e+01
    endloop
  endfacet
  facet normal 9.801725e-01 -1.981461e-01 3.180526e-17
    outer loop
      vertex   -3.514950e+01 8.019615e-01 1.873993e+01
      vertex   -3.521370e+01 4.843874e-01 1.458993e+01
      vertex   -3.514950e+01 8.019615e-01 1.458993e+01
    endloop
  endfacet
  facet normal 9.555728e-01 -2.947552e-01 4.731238e-17
    outer loop
      vertex   -3.514950e+01 8.019615e-01 1.873993e+01
      vertex   -3.514950e+01 8.019615e-01 1.458993e+01
      vertex   -3.505400e+01 1.111565e+00 1.873993e+01
    endloop
  endfacet
  facet normal 9.555728e-01 -2.947552e-01 4.731238e-17
    outer loop
      vertex   -3.505400e+01 1.111565e+00 1.873993e+01
      vertex   -3.514950e+01 8.019615e-01 1.458993e+01
      vertex   -3.505400e+01 1.111565e+00 1.458993e+01
    endloop
  endfacet
  facet normal 9.214762e-01 -3.884348e-01 6.234929e-17
    outer loop
      vertex   -3.505400e+01 1.111565e+00 1.873993e+01
      vertex   -3.505400e+01 1.111565e+00 1.458993e+01
      vertex   -3.492815e+01 1.410122e+00 1.873993e+01
    endloop
  endfacet
  facet normal 9.214762e-01 -3.884348e-01 -2.078310e-17
    outer loop
      vertex   -3.492815e+01 1.410122e+00 1.873993e+01
      vertex   -3.505400e+01 1.111565e+00 1.458993e+01
      vertex   -3.492815e+01 1.410122e+00 1.458993e+01
    endloop
  endfacet
  facet normal 8.782216e-01 -4.782540e-01 -2.558885e-17
    outer loop
      vertex   -3.492815e+01 1.410122e+00 1.873993e+01
      vertex   -3.492815e+01 1.410122e+00 1.458993e+01
      vertex   -3.477320e+01 1.694664e+00 1.873993e+01
    endloop
  endfacet
  facet normal 8.782216e-01 -4.782540e-01 0.000000e+00
    outer loop
      vertex   -3.477320e+01 1.694664e+00 1.873993e+01
      vertex   -3.492815e+01 1.410122e+00 1.458993e+01
      vertex   -3.477320e+01 1.694664e+00 1.458993e+01
    endloop
  endfacet
  facet normal 8.262388e-01 -5.633201e-01 0.000000e+00
    outer loop
      vertex   -3.477320e+01 1.694664e+00 1.873993e+01
      vertex   -3.477320e+01 1.694664e+00 1.458993e+01
      vertex   -3.459068e+01 1.962364e+00 1.873993e+01
    endloop
  endfacet
  facet normal 8.262388e-01 -5.633201e-01 -1.324225e-15
    outer loop
      vertex   -3.459068e+01 1.962364e+00 1.873993e+01
      vertex   -3.477320e+01 1.694664e+00 1.458993e+01
      vertex   -3.459068e+01 1.962364e+00 1.458993e+01
    endloop
  endfacet
  facet normal 7.660444e-01 -6.427876e-01 -1.208407e-15
    outer loop
      vertex   -3.459068e+01 1.962364e+00 1.873993e+01
      vertex   -3.459068e+01 1.962364e+00 1.458993e+01
      vertex   -3.438242e+01 2.210561e+00 1.873993e+01
    endloop
  endfacet
  facet normal 7.660444e-01 -6.427876e-01 6.878435e-17
    outer loop
      vertex   -3.438242e+01 2.210561e+00 1.873993e+01
      vertex   -3.459068e+01 1.962364e+00 1.458993e+01
      vertex   -3.438242e+01 2.210561e+00 1.458993e+01
    endloop
  endfacet
  facet normal 6.982368e-01 -7.158668e-01 7.660452e-17
    outer loop
      vertex   -3.438242e+01 2.210561e+00 1.873993e+01
      vertex   -3.438242e+01 2.210561e+00 1.458993e+01
      vertex   -3.415048e+01 2.436789e+00 1.873993e+01
    endloop
  endfacet
  facet normal 6.982368e-01 -7.158668e-01 0.000000e+00
    outer loop
      vertex   -3.415048e+01 2.436789e+00 1.873993e+01
      vertex   -3.438242e+01 2.210561e+00 1.458993e+01
      vertex   -3.415048e+01 2.436789e+00 1.458993e+01
    endloop
  endfacet
  facet normal 6.234898e-01 -7.818315e-01 0.000000e+00
    outer loop
      vertex   -3.415048e+01 2.436789e+00 1.873993e+01
      vertex   -3.415048e+01 2.436789e+00 1.458993e+01
      vertex   -3.389717e+01 2.638799e+00 1.873993e+01
    endloop
  endfacet
  facet normal 6.234898e-01 -7.818315e-01 8.366335e-17
    outer loop
      vertex   -3.389717e+01 2.638799e+00 1.873993e+01
      vertex   -3.415048e+01 2.436789e+00 1.458993e+01
      vertex   -3.389717e+01 2.638799e+00 1.458993e+01
    endloop
  endfacet
  facet normal 5.425463e-01 -8.400259e-01 8.989071e-17
    outer loop
      vertex   -3.389717e+01 2.638799e+00 1.873993e+01
      vertex   -3.389717e+01 2.638799e+00 1.458993e+01
      vertex   -3.362500e+01 2.814583e+00 1.873993e+01
    endloop
  endfacet
  facet normal 5.425463e-01 -8.400259e-01 8.989071e-17
    outer loop
      vertex   -3.362500e+01 2.814583e+00 1.873993e+01
      vertex   -3.389717e+01 2.638799e+00 1.458993e+01
      vertex   -3.362500e+01 2.814583e+00 1.458993e+01
    endloop
  endfacet
  facet normal 4.562107e-01 -8.898718e-01 9.522469e-17
    outer loop
      vertex   -3.362500e+01 2.814583e+00 1.873993e+01
      vertex   -3.362500e+01 2.814583e+00 1.458993e+01
      vertex   -3.333668e+01 2.962394e+00 1.873993e+01
    endloop
  endfacet
  facet normal 4.562107e-01 -8.898718e-01 1.904494e-16
    outer loop
      vertex   -3.333668e+01 2.962394e+00 1.873993e+01
      vertex   -3.362500e+01 2.814583e+00 1.458993e+01
      vertex   -3.333668e+01 2.962394e+00 1.458993e+01
    endloop
  endfacet
  facet normal 3.653410e-01 -9.308737e-01 1.992246e-16
    outer loop
      vertex   -3.333668e+01 2.962394e+00 1.873993e+01
      vertex   -3.333668e+01 2.962394e+00 1.458993e+01
      vertex   -3.303508e+01 3.080764e+00 1.873993e+01
    endloop
  endfacet
  facet normal 3.653410e-01 -9.308737e-01 9.961229e-17
    outer loop
      vertex   -3.303508e+01 3.080764e+00 1.873993e+01
      vertex   -3.333668e+01 2.962394e+00 1.458993e+01
      vertex   -3.303508e+01 3.080764e+00 1.458993e+01
    endloop
  endfacet
  facet normal 2.708405e-01 -9.626242e-01 1.030099e-16
    outer loop
      vertex   -3.303508e+01 3.080764e+00 1.873993e+01
      vertex   -3.303508e+01 3.080764e+00 1.458993e+01
      vertex   -3.272319e+01 3.168516e+00 1.873993e+01
    endloop
  endfacet
  facet normal 2.708405e-01 -9.626242e-01 0.000000e+00
    outer loop
      vertex   -3.272319e+01 3.168516e+00 1.873993e+01
      vertex   -3.303508e+01 3.080764e+00 1.458993e+01
      vertex   -3.272319e+01 3.168516e+00 1.458993e+01
    endloop
  endfacet
  facet normal 1.736482e-01 -9.848078e-01 0.000000e+00
    outer loop
      vertex   -3.272319e+01 3.168516e+00 1.873993e+01
      vertex   -3.272319e+01 3.168516e+00 1.458993e+01
      vertex   -3.240412e+01 3.224777e+00 1.873993e+01
    endloop
  endfacet
  facet normal 1.736482e-01 -9.848078e-01 1.053837e-16
    outer loop
      vertex   -3.240412e+01 3.224777e+00 1.873993e+01
      vertex   -3.272319e+01 3.168516e+00 1.458993e+01
      vertex   -3.240412e+01 3.224777e+00 1.458993e+01
    endloop
  endfacet
  facet normal 7.473009e-02 -9.972038e-01 1.067102e-16
    outer loop
      vertex   -3.240412e+01 3.224777e+00 1.873993e+01
      vertex   -3.240412e+01 3.224777e+00 1.458993e+01
      vertex   -3.208102e+01 3.248990e+00 1.873993e+01
    endloop
  endfacet
  facet normal 7.473009e-02 -9.972038e-01 0.000000e+00
    outer loop
      vertex   -3.208102e+01 3.248990e+00 1.873993e+01
      vertex   -3.240412e+01 3.224777e+00 1.458993e+01
      vertex   -3.208102e+01 3.248990e+00 1.458993e+01
    endloop
  endfacet
  facet normal -2.493069e-02 -9.996892e-01 -0.000000e+00
    outer loop
      vertex   -3.208102e+01 3.248990e+00 1.873993e+01
      vertex   -3.208102e+01 3.248990e+00 1.458993e+01
      vertex   -3.175713e+01 3.240912e+00 1.873993e+01
    endloop
  endfacet
  facet normal -2.493069e-02 -9.996892e-01 -0.000000e+00
    outer loop
      vertex   -3.175713e+01 3.240912e+00 1.873993e+01
      vertex   -3.208102e+01 3.248990e+00 1.458993e+01
      vertex   -3.175713e+01 3.240912e+00 1.458993e+01
    endloop
  endfacet
  facet normal -1.243437e-01 -9.922392e-01 -0.000000e+00
    outer loop
      vertex   -3.175713e+01 3.240912e+00 1.873993e+01
      vertex   -3.175713e+01 3.240912e+00 1.458993e+01
      vertex   -3.143564e+01 3.200625e+00 1.873993e+01
    endloop
  endfacet
  facet normal -1.243437e-01 -9.922392e-01 -0.000000e+00
    outer loop
      vertex   -3.143564e+01 3.200625e+00 1.873993e+01
      vertex   -3.175713e+01 3.240912e+00 1.458993e+01
      vertex   -3.143564e+01 3.200625e+00 1.458993e+01
    endloop
  endfacet
  facet normal -2.225209e-01 -9.749279e-01 -0.000000e+00
    outer loop
      vertex   -3.143564e+01 3.200625e+00 1.873993e+01
      vertex   -3.143564e+01 3.200625e+00 1.458993e+01
      vertex   -3.111977e+01 3.128529e+00 1.873993e+01
    endloop
  endfacet
  facet normal -2.225209e-01 -9.749279e-01 -0.000000e+00
    outer loop
      vertex   -3.111977e+01 3.128529e+00 1.873993e+01
      vertex   -3.143564e+01 3.200625e+00 1.458993e+01
      vertex   -3.111977e+01 3.128529e+00 1.458993e+01
    endloop
  endfacet
  facet normal -3.184867e-01 -9.479273e-01 -0.000000e+00
    outer loop
      vertex   -3.111977e+01 3.128529e+00 1.873993e+01
      vertex   -3.111977e+01 3.128529e+00 1.458993e+01
      vertex   -3.081264e+01 3.025340e+00 1.873993e+01
    endloop
  endfacet
  facet normal -3.184867e-01 -9.479273e-01 -1.014372e-16
    outer loop
      vertex   -3.081264e+01 3.025340e+00 1.873993e+01
      vertex   -3.111977e+01 3.128529e+00 1.458993e+01
      vertex   -3.081264e+01 3.025340e+00 1.458993e+01
    endloop
  endfacet
  facet normal -4.112871e-01 -9.115059e-01 -9.753974e-17
    outer loop
      vertex   -3.081264e+01 3.025340e+00 1.873993e+01
      vertex   -3.081264e+01 3.025340e+00 1.458993e+01
      vertex   -3.051732e+01 2.892083e+00 1.873993e+01
    endloop
  endfacet
  facet normal -4.112871e-01 -9.115059e-01 -9.753974e-17
    outer loop
      vertex   -3.051732e+01 2.892083e+00 1.873993e+01
      vertex   -3.081264e+01 3.025340e+00 1.458993e+01
      vertex   -3.051732e+01 2.892083e+00 1.458993e+01
    endloop
  endfacet
  facet normal -5.000000e-01 -8.660254e-01 -9.267290e-17
    outer loop
      vertex   -3.051732e+01 2.892083e+00 1.873993e+01
      vertex   -3.051732e+01 2.892083e+00 1.458993e+01
      vertex   -3.023672e+01 2.730084e+00 1.873993e+01
    endloop
  endfacet
  facet normal -5.000000e-01 -8.660254e-01 -1.853458e-16
    outer loop
      vertex   -3.023672e+01 2.730084e+00 1.873993e+01
      vertex   -3.051732e+01 2.892083e+00 1.458993e+01
      vertex   -3.023672e+01 2.730084e+00 1.458993e+01
    endloop
  endfacet
  facet normal -5.837437e-01 -8.119380e-01 -1.737701e-16
    outer loop
      vertex   -3.023672e+01 2.730084e+00 1.873993e+01
      vertex   -3.023672e+01 2.730084e+00 1.458993e+01
      vertex   -2.997366e+01 2.540952e+00 1.873993e+01
    endloop
  endfacet
  facet normal -5.837437e-01 -8.119380e-01 -8.688504e-17
    outer loop
      vertex   -2.997366e+01 2.540952e+00 1.873993e+01
      vertex   -3.023672e+01 2.730084e+00 1.458993e+01
      vertex   -2.997366e+01 2.540952e+00 1.458993e+01
    endloop
  endfacet
  facet normal -6.616858e-01 -7.497812e-01 -8.023367e-17
    outer loop
      vertex   -2.997366e+01 2.540952e+00 1.873993e+01
      vertex   -2.997366e+01 2.540952e+00 1.458993e+01
      vertex   -2.973073e+01 2.326567e+00 1.873993e+01
    endloop
  endfacet
  facet normal -6.616858e-01 -7.497812e-01 -0.000000e+00
    outer loop
      vertex   -2.973073e+01 2.326567e+00 1.873993e+01
      vertex   -2.997366e+01 2.540952e+00 1.458993e+01
      vertex   -2.973073e+01 2.326567e+00 1.458993e+01
    endloop
  endfacet
  facet normal -7.330519e-01 -6.801727e-01 -0.000000e+00
    outer loop
      vertex   -2.973073e+01 2.326567e+00 1.873993e+01
      vertex   -2.973073e+01 2.326567e+00 1.458993e+01
      vertex   -2.951036e+01 2.089060e+00 1.873993e+01
    endloop
  endfacet
  facet normal -7.330519e-01 -6.801727e-01 -3.639245e-16
    outer loop
      vertex   -2.951036e+01 2.089060e+00 1.873993e+01
      vertex   -2.973073e+01 2.326567e+00 1.458993e+01
      vertex   -2.951036e+01 2.089060e+00 1.458993e+01
    endloop
  endfacet
  facet normal -7.971325e-01 -6.038044e-01 -3.230639e-16
    outer loop
      vertex   -2.951036e+01 2.089060e+00 1.873993e+01
      vertex   -2.951036e+01 2.089060e+00 1.458993e+01
      vertex   -2.931472e+01 1.830790e+00 1.873993e+01
    endloop
  endfacet
  facet normal -7.971325e-01 -6.038044e-01 -0.000000e+00
    outer loop
      vertex   -2.931472e+01 1.830790e+00 1.873993e+01
      vertex   -2.951036e+01 2.089060e+00 1.458993e+01
      vertex   -2.931472e+01 1.830790e+00 1.458993e+01
    endloop
  endfacet
  facet normal -8.532909e-01 -5.214352e-01 -0.000000e+00
    outer loop
      vertex   -2.931472e+01 1.830790e+00 1.873993e+01
      vertex   -2.931472e+01 1.830790e+00 1.458993e+01
      vertex   -2.914578e+01 1.554325e+00 1.873993e+01
    endloop
  endfacet
  facet normal -8.532909e-01 -5.214352e-01 -3.068917e-16
    outer loop
      vertex   -2.914578e+01 1.554325e+00 1.873993e+01
      vertex   -2.931472e+01 1.830790e+00 1.458993e+01
      vertex   -2.914578e+01 1.554325e+00 1.458993e+01
    endloop
  endfacet
  facet normal -9.009689e-01 -4.338837e-01 -2.553631e-16
    outer loop
      vertex   -2.914578e+01 1.554325e+00 1.873993e+01
      vertex   -2.914578e+01 1.554325e+00 1.458993e+01
      vertex   -2.900520e+01 1.262413e+00 1.873993e+01
    endloop
  endfacet
  facet normal -9.009689e-01 -4.338837e-01 -0.000000e+00
    outer loop
      vertex   -2.900520e+01 1.262413e+00 1.873993e+01
      vertex   -2.914578e+01 1.554325e+00 1.458993e+01
      vertex   -2.900520e+01 1.262413e+00 1.458993e+01
    endloop
  endfacet
  facet normal -9.396926e-01 -3.420201e-01 -0.000000e+00
    outer loop
      vertex   -2.900520e+01 1.262413e+00 1.873993e+01
      vertex   -2.900520e+01 1.262413e+00 1.458993e+01
      vertex   -2.889439e+01 9.579543e-01 1.873993e+01
    endloop
  endfacet
  facet normal -9.396926e-01 -3.420201e-01 -0.000000e+00
    outer loop
      vertex   -2.889439e+01 9.579543e-01 1.873993e+01
      vertex   -2.900520e+01 1.262413e+00 1.458993e+01
      vertex   -2.889439e+01 9.579543e-01 1.458993e+01
    endloop
  endfacet
  facet normal -9.690773e-01 -2.467574e-01 -0.000000e+00
    outer loop
      vertex   -2.889439e+01 9.579543e-01 1.873993e+01
      vertex   -2.889439e+01 9.579543e-01 1.458993e+01
      vertex   -2.881444e+01 6.439750e-01 1.873993e+01
    endloop
  endfacet
  facet normal -9.690773e-01 -2.467574e-01 -0.000000e+00
    outer loop
      vertex   -2.881444e+01 6.439750e-01 1.873993e+01
      vertex   -2.889439e+01 9.579543e-01 1.458993e+01
      vertex   -2.881444e+01 6.439750e-01 1.458993e+01
    endloop
  endfacet
  facet normal -9.888308e-01 -1.490423e-01 -0.000000e+00
    outer loop
      vertex   -2.881444e+01 6.439750e-01 1.873993e+01
      vertex   -2.881444e+01 6.439750e-01 1.458993e+01
      vertex   -2.876615e+01 3.235955e-01 1.873993e+01
    endloop
  endfacet
  facet normal -9.888308e-01 -1.490423e-01 -0.000000e+00
    outer loop
      vertex   -2.876615e+01 3.235955e-01 1.873993e+01
      vertex   -2.881444e+01 6.439750e-01 1.458993e+01
      vertex   -2.876615e+01 3.235955e-01 1.458993e+01
    endloop
  endfacet
  facet normal -5.379985e-01 8.429458e-01 0.000000e+00
    outer loop
      vertex   -3.294253e+01 4.985323e+00 1.043993e+01
      vertex   -3.312713e+01 4.867506e+00 1.043993e+01
      vertex   -3.294253e+01 4.985323e+00 1.103993e+01
    endloop
  endfacet
  facet normal -5.379985e-01 8.429458e-01 1.395169e-18
    outer loop
      vertex   -3.294253e+01 4.985323e+00 1.103993e+01
      vertex   -3.312713e+01 4.867506e+00 1.043993e+01
      vertex   -3.312713e+01 4.867506e+00 1.103993e+01
    endloop
  endfacet
  facet normal -4.629193e-01 8.864004e-01 0.000000e+00
    outer loop
      vertex   -3.312713e+01 4.867506e+00 1.103993e+01
      vertex   -3.312713e+01 4.867506e+00 1.043993e+01
      vertex   -3.322252e+01 4.817689e+00 1.043993e+01
    endloop
  endfacet
  facet normal -4.629193e-01 8.864004e-01 -4.340929e-19
    outer loop
      vertex   -3.312713e+01 4.867506e+00 1.103993e+01
      vertex   -3.322252e+01 4.817689e+00 1.043993e+01
      vertex   -3.322252e+01 4.817689e+00 1.103993e+01
    endloop
  endfacet
  facet normal -3.655423e-01 9.307947e-01 0.000000e+00
    outer loop
      vertex   -3.322252e+01 4.817689e+00 1.103993e+01
      vertex   -3.322252e+01 4.817689e+00 1.043993e+01
      vertex   -3.332162e+01 4.778773e+00 1.043993e+01
    endloop
  endfacet
  facet normal -3.655423e-01 9.307947e-01 4.587802e-19
    outer loop
      vertex   -3.322252e+01 4.817689e+00 1.103993e+01
      vertex   -3.332162e+01 4.778773e+00 1.043993e+01
      vertex   -3.332162e+01 4.778773e+00 1.103993e+01
    endloop
  endfacet
  facet normal -2.472326e-01 9.689561e-01 0.000000e+00
    outer loop
      vertex   -3.332162e+01 4.778773e+00 1.103993e+01
      vertex   -3.332162e+01 4.778773e+00 1.043993e+01
      vertex   -3.342497e+01 4.752402e+00 1.043993e+01
    endloop
  endfacet
  facet normal -2.472326e-01 9.689561e-01 2.310604e-18
    outer loop
      vertex   -3.332162e+01 4.778773e+00 1.103993e+01
      vertex   -3.342497e+01 4.752402e+00 1.043993e+01
      vertex   -3.342497e+01 4.752402e+00 1.103993e+01
    endloop
  endfacet
  facet normal -1.531036e-01 9.882101e-01 0.000000e+00
    outer loop
      vertex   -3.342497e+01 4.752402e+00 1.103993e+01
      vertex   -3.342497e+01 4.752402e+00 1.043993e+01
      vertex   -3.353167e+01 4.735871e+00 1.043993e+01
    endloop
  endfacet
  facet normal -1.531036e-01 9.882101e-01 1.094699e-18
    outer loop
      vertex   -3.342497e+01 4.752402e+00 1.103993e+01
      vertex   -3.353167e+01 4.735871e+00 1.043993e+01
      vertex   -3.353167e+01 4.735871e+00 1.103993e+01
    endloop
  endfacet
  facet normal -7.586762e-02 9.971179e-01 0.000000e+00
    outer loop
      vertex   -3.353167e+01 4.735871e+00 1.103993e+01
      vertex   -3.353167e+01 4.735871e+00 1.043993e+01
      vertex   -3.375064e+01 4.719210e+00 1.043993e+01
    endloop
  endfacet
  facet normal -7.586762e-02 9.971179e-01 -9.299658e-19
    outer loop
      vertex   -3.353167e+01 4.735871e+00 1.103993e+01
      vertex   -3.375064e+01 4.719210e+00 1.043993e+01
      vertex   -3.375064e+01 4.719210e+00 1.103993e+01
    endloop
  endfacet
  facet normal 1.218722e-01 9.925458e-01 -0.000000e+00
    outer loop
      vertex   -3.375064e+01 4.719210e+00 1.043993e+01
      vertex   -3.403420e+01 4.754028e+00 1.043993e+01
      vertex   -3.375064e+01 4.719210e+00 1.103993e+01
    endloop
  endfacet
  facet normal 1.218722e-01 9.925458e-01 -4.326685e-18
    outer loop
      vertex   -3.375064e+01 4.719210e+00 1.103993e+01
      vertex   -3.403420e+01 4.754028e+00 1.043993e+01
      vertex   -3.403420e+01 4.754028e+00 1.103993e+01
    endloop
  endfacet
  facet normal 2.275049e-01 9.737769e-01 0.000000e+00
    outer loop
      vertex   -3.403420e+01 4.754028e+00 1.103993e+01
      vertex   -3.403420e+01 4.754028e+00 1.043993e+01
      vertex   -3.416903e+01 4.785528e+00 1.043993e+01
    endloop
  endfacet
  facet normal 2.275049e-01 9.737769e-01 4.282686e-18
    outer loop
      vertex   -3.403420e+01 4.754028e+00 1.103993e+01
      vertex   -3.416903e+01 4.785528e+00 1.043993e+01
      vertex   -3.416903e+01 4.785528e+00 1.103993e+01
    endloop
  endfacet
  facet normal 3.574470e-01 9.339334e-01 0.000000e+00
    outer loop
      vertex   -3.416903e+01 4.785528e+00 1.103993e+01
      vertex   -3.416903e+01 4.785528e+00 1.043993e+01
      vertex   -3.429551e+01 4.833937e+00 1.043993e+01
    endloop
  endfacet
  facet normal 3.574470e-01 9.339334e-01 -3.069271e-18
    outer loop
      vertex   -3.416903e+01 4.785528e+00 1.103993e+01
      vertex   -3.429551e+01 4.833937e+00 1.043993e+01
      vertex   -3.429551e+01 4.833937e+00 1.103993e+01
    endloop
  endfacet
  facet normal 5.128597e-01 8.584725e-01 0.000000e+00
    outer loop
      vertex   -3.429551e+01 4.833937e+00 1.103993e+01
      vertex   -3.429551e+01 4.833937e+00 1.043993e+01
      vertex   -3.441165e+01 4.903316e+00 1.043993e+01
    endloop
  endfacet
  facet normal 5.128597e-01 8.584725e-01 6.555736e-18
    outer loop
      vertex   -3.429551e+01 4.833937e+00 1.103993e+01
      vertex   -3.441165e+01 4.903316e+00 1.043993e+01
      vertex   -3.441165e+01 4.903316e+00 1.103993e+01
    endloop
  endfacet
  facet normal 6.282126e-01 7.780418e-01 0.000000e+00
    outer loop
      vertex   -3.441165e+01 4.903316e+00 1.103993e+01
      vertex   -3.441165e+01 4.903316e+00 1.043993e+01
      vertex   -3.451917e+01 4.990136e+00 1.043993e+01
    endloop
  endfacet
  facet normal 6.282126e-01 7.780418e-01 -6.521890e-18
    outer loop
      vertex   -3.441165e+01 4.903316e+00 1.103993e+01
      vertex   -3.451917e+01 4.990136e+00 1.043993e+01
      vertex   -3.451917e+01 4.990136e+00 1.103993e+01
    endloop
  endfacet
  facet normal 7.106049e-01 7.035913e-01 0.000000e+00
    outer loop
      vertex   -3.451917e+01 4.990136e+00 1.103993e+01
      vertex   -3.451917e+01 4.990136e+00 1.043993e+01
      vertex   -3.471988e+01 5.192843e+00 1.043993e+01
    endloop
  endfacet
  facet normal 7.106049e-01 7.035913e-01 -1.485621e-17
    outer loop
      vertex   -3.451917e+01 4.990136e+00 1.103993e+01
      vertex   -3.471988e+01 5.192843e+00 1.043993e+01
      vertex   -3.471988e+01 5.192843e+00 1.103993e+01
    endloop
  endfacet
  facet normal 8.589759e-01 5.120160e-01 -0.000000e+00
    outer loop
      vertex   -3.471988e+01 5.192843e+00 1.043993e+01
      vertex   -3.482869e+01 5.375393e+00 1.043993e+01
      vertex   -3.471988e+01 5.192843e+00 1.103993e+01
    endloop
  endfacet
  facet normal 8.589759e-01 5.120160e-01 4.588489e-18
    outer loop
      vertex   -3.471988e+01 5.192843e+00 1.103993e+01
      vertex   -3.482869e+01 5.375393e+00 1.043993e+01
      vertex   -3.482869e+01 5.375393e+00 1.103993e+01
    endloop
  endfacet
  facet normal 8.949662e-01 4.461339e-01 0.000000e+00
    outer loop
      vertex   -3.482869e+01 5.375393e+00 1.103993e+01
      vertex   -3.482869e+01 5.375393e+00 1.043993e+01
      vertex   -3.487544e+01 5.469167e+00 1.043993e+01
    endloop
  endfacet
  facet normal 8.949662e-01 4.461339e-01 -3.517002e-18
    outer loop
      vertex   -3.482869e+01 5.375393e+00 1.103993e+01
      vertex   -3.487544e+01 5.469167e+00 1.043993e+01
      vertex   -3.487544e+01 5.469167e+00 1.103993e+01
    endloop
  endfacet
  facet normal 9.322701e-01 3.617629e-01 0.000000e+00
    outer loop
      vertex   -3.487544e+01 5.469167e+00 1.103993e+01
      vertex   -3.487544e+01 5.469167e+00 1.043993e+01
      vertex   -3.491299e+01 5.565942e+00 1.043993e+01
    endloop
  endfacet
  facet normal 9.322701e-01 3.617629e-01 3.423944e-18
    outer loop
      vertex   -3.487544e+01 5.469167e+00 1.103993e+01
      vertex   -3.491299e+01 5.565942e+00 1.043993e+01
      vertex   -3.491299e+01 5.565942e+00 1.103993e+01
    endloop
  endfacet
  facet normal 9.671511e-01 2.542022e-01 0.000000e+00
    outer loop
      vertex   -3.491299e+01 5.565942e+00 1.103993e+01
      vertex   -3.491299e+01 5.565942e+00 1.043993e+01
      vertex   -3.493938e+01 5.666357e+00 1.043993e+01
    endloop
  endfacet
  facet normal 9.671511e-01 2.542022e-01 1.556018e-18
    outer loop
      vertex   -3.491299e+01 5.565942e+00 1.103993e+01
      vertex   -3.493938e+01 5.666357e+00 1.043993e+01
      vertex   -3.493938e+01 5.666357e+00 1.103993e+01
    endloop
  endfacet
  facet normal 9.862519e-01 1.652487e-01 0.000000e+00
    outer loop
      vertex   -3.493938e+01 5.666357e+00 1.103993e+01
      vertex   -3.493938e+01 5.666357e+00 1.043993e+01
      vertex   -3.495670e+01 5.769733e+00 1.043993e+01
    endloop
  endfacet
  facet normal 9.862519e-01 1.652487e-01 -9.831140e-19
    outer loop
      vertex   -3.493938e+01 5.666357e+00 1.103993e+01
      vertex   -3.495670e+01 5.769733e+00 1.043993e+01
      vertex   -3.495670e+01 5.769733e+00 1.103993e+01
    endloop
  endfacet
  facet normal 9.957747e-01 9.183048e-02 0.000000e+00
    outer loop
      vertex   -3.495670e+01 5.769733e+00 1.103993e+01
      vertex   -3.495670e+01 5.769733e+00 1.043993e+01
      vertex   -3.497623e+01 5.981417e+00 1.043993e+01
    endloop
  endfacet
  facet normal 9.957747e-01 9.183048e-02 -1.028900e-18
    outer loop
      vertex   -3.495670e+01 5.769733e+00 1.103993e+01
      vertex   -3.497623e+01 5.981417e+00 1.043993e+01
      vertex   -3.497623e+01 5.981417e+00 1.103993e+01
    endloop
  endfacet
  facet normal 9.961070e-01 -8.815231e-02 0.000000e+00
    outer loop
      vertex   -3.497623e+01 5.981417e+00 1.043993e+01
      vertex   -3.495521e+01 6.218880e+00 1.043993e+01
      vertex   -3.497623e+01 5.981417e+00 1.103993e+01
    endloop
  endfacet
  facet normal 9.961070e-01 -8.815231e-02 2.659170e-18
    outer loop
      vertex   -3.497623e+01 5.981417e+00 1.103993e+01
      vertex   -3.495521e+01 6.218880e+00 1.043993e+01
      vertex   -3.495521e+01 6.218880e+00 1.103993e+01
    endloop
  endfacet
  facet normal 9.849771e-01 -1.726852e-01 0.000000e+00
    outer loop
      vertex   -3.495521e+01 6.218880e+00 1.103993e+01
      vertex   -3.495521e+01 6.218880e+00 1.043993e+01
      vertex   -3.493503e+01 6.333963e+00 1.043993e+01
    endloop
  endfacet
  facet normal 9.849771e-01 -1.726852e-01 -2.486328e-19
    outer loop
      vertex   -3.495521e+01 6.218880e+00 1.103993e+01
      vertex   -3.493503e+01 6.333963e+00 1.043993e+01
      vertex   -3.493503e+01 6.333963e+00 1.103993e+01
    endloop
  endfacet
  facet normal 9.611818e-01 -2.759159e-01 0.000000e+00
    outer loop
      vertex   -3.493503e+01 6.333963e+00 1.103993e+01
      vertex   -3.493503e+01 6.333963e+00 1.043993e+01
      vertex   -3.490326e+01 6.444669e+00 1.043993e+01
    endloop
  endfacet
  facet normal 9.611818e-01 -2.759159e-01 -1.882327e-18
    outer loop
      vertex   -3.493503e+01 6.333963e+00 1.103993e+01
      vertex   -3.490326e+01 6.444669e+00 1.043993e+01
      vertex   -3.490326e+01 6.444669e+00 1.103993e+01
    endloop
  endfacet
  facet normal 9.147504e-01 -4.040195e-01 0.000000e+00
    outer loop
      vertex   -3.490326e+01 6.444669e+00 1.103993e+01
      vertex   -3.490326e+01 6.444669e+00 1.043993e+01
      vertex   -3.485681e+01 6.549839e+00 1.043993e+01
    endloop
  endfacet
  facet normal 9.147504e-01 -4.040195e-01 4.297407e-18
    outer loop
      vertex   -3.490326e+01 6.444669e+00 1.103993e+01
      vertex   -3.485681e+01 6.549839e+00 1.043993e+01
      vertex   -3.485681e+01 6.549839e+00 1.103993e+01
    endloop
  endfacet
  facet normal 8.621946e-01 -5.065772e-01 0.000000e+00
    outer loop
      vertex   -3.485681e+01 6.549839e+00 1.103993e+01
      vertex   -3.485681e+01 6.549839e+00 1.043993e+01
      vertex   -3.479780e+01 6.650270e+00 1.043993e+01
    endloop
  endfacet
  facet normal 8.621946e-01 -5.065772e-01 -2.777107e-19
    outer loop
      vertex   -3.485681e+01 6.549839e+00 1.103993e+01
      vertex   -3.479780e+01 6.650270e+00 1.043993e+01
      vertex   -3.479780e+01 6.650270e+00 1.103993e+01
    endloop
  endfacet
  facet normal 8.114931e-01 -5.843620e-01 0.000000e+00
    outer loop
      vertex   -3.479780e+01 6.650270e+00 1.103993e+01
      vertex   -3.479780e+01 6.650270e+00 1.043993e+01
      vertex   -3.465884e+01 6.843234e+00 1.043993e+01
    endloop
  endfacet
  facet normal 8.114931e-01 -5.843620e-01 4.064558e-18
    outer loop
      vertex   -3.479780e+01 6.650270e+00 1.103993e+01
      vertex   -3.465884e+01 6.843234e+00 1.043993e+01
      vertex   -3.465884e+01 6.843234e+00 1.103993e+01
    endloop
  endfacet
  facet normal 6.372797e-01 -7.706325e-01 0.000000e+00
    outer loop
      vertex   -3.465884e+01 6.843234e+00 1.043993e+01
      vertex   -3.448973e+01 6.983087e+00 1.043993e+01
      vertex   -3.465884e+01 6.843234e+00 1.103993e+01
    endloop
  endfacet
  facet normal 6.372797e-01 -7.706325e-01 7.697341e-18
    outer loop
      vertex   -3.465884e+01 6.843234e+00 1.103993e+01
      vertex   -3.448973e+01 6.983087e+00 1.043993e+01
      vertex   -3.448973e+01 6.983087e+00 1.103993e+01
    endloop
  endfacet
  facet normal 5.618546e-01 -8.272360e-01 0.000000e+00
    outer loop
      vertex   -3.448973e+01 6.983087e+00 1.103993e+01
      vertex   -3.448973e+01 6.983087e+00 1.043993e+01
      vertex   -3.440102e+01 7.043336e+00 1.043993e+01
    endloop
  endfacet
  facet normal 5.618546e-01 -8.272360e-01 3.845835e-18
    outer loop
      vertex   -3.448973e+01 6.983087e+00 1.103993e+01
      vertex   -3.440102e+01 7.043336e+00 1.043993e+01
      vertex   -3.440102e+01 7.043336e+00 1.103993e+01
    endloop
  endfacet
  facet normal 4.607598e-01 -8.875249e-01 0.000000e+00
    outer loop
      vertex   -3.440102e+01 7.043336e+00 1.103993e+01
      vertex   -3.440102e+01 7.043336e+00 1.043993e+01
      vertex   -3.430733e+01 7.091972e+00 1.043993e+01
    endloop
  endfacet
  facet normal 4.607598e-01 -8.875249e-01 -6.596018e-18
    outer loop
      vertex   -3.440102e+01 7.043336e+00 1.103993e+01
      vertex   -3.430733e+01 7.091972e+00 1.043993e+01
      vertex   -3.430733e+01 7.091972e+00 1.103993e+01
    endloop
  endfacet
  facet normal 3.260939e-01 -9.453374e-01 0.000000e+00
    outer loop
      vertex   -3.430733e+01 7.091972e+00 1.103993e+01
      vertex   -3.430733e+01 7.091972e+00 1.043993e+01
      vertex   -3.420756e+01 7.126391e+00 1.043993e+01
    endloop
  endfacet
  facet normal 3.260939e-01 -9.453374e-01 -4.997969e-19
    outer loop
      vertex   -3.430733e+01 7.091972e+00 1.103993e+01
      vertex   -3.420756e+01 7.126391e+00 1.043993e+01
      vertex   -3.420756e+01 7.126391e+00 1.103993e+01
    endloop
  endfacet
  facet normal 2.123300e-01 -9.771980e-01 0.000000e+00
    outer loop
      vertex   -3.420756e+01 7.126391e+00 1.103993e+01
      vertex   -3.420756e+01 7.126391e+00 1.043993e+01
      vertex   -3.410278e+01 7.149156e+00 1.043993e+01
    endloop
  endfacet
  facet normal 2.123300e-01 -9.771980e-01 -1.889084e-18
    outer loop
      vertex   -3.420756e+01 7.126391e+00 1.103993e+01
      vertex   -3.410278e+01 7.149156e+00 1.043993e+01
      vertex   -3.410278e+01 7.149156e+00 1.103993e+01
    endloop
  endfacet
  facet normal 1.189876e-01 -9.928957e-01 0.000000e+00
    outer loop
      vertex   -3.410278e+01 7.149156e+00 1.103993e+01
      vertex   -3.410278e+01 7.149156e+00 1.043993e+01
      vertex   -3.388492e+01 7.175265e+00 1.043993e+01
    endloop
  endfacet
  facet normal 1.189876e-01 -9.928957e-01 1.199651e-18
    outer loop
      vertex   -3.410278e+01 7.149156e+00 1.103993e+01
      vertex   -3.388492e+01 7.175265e+00 1.043993e+01
      vertex   -3.388492e+01 7.175265e+00 1.103993e+01
    endloop
  endfacet
  facet normal -7.841359e-02 -9.969209e-01 0.000000e+00
    outer loop
      vertex   -3.388492e+01 7.175265e+00 1.043993e+01
      vertex   -3.376310e+01 7.165683e+00 1.043993e+01
      vertex   -3.388492e+01 7.175265e+00 1.103993e+01
    endloop
  endfacet
  facet normal -7.841359e-02 -9.969209e-01 8.239361e-19
    outer loop
      vertex   -3.388492e+01 7.175265e+00 1.103993e+01
      vertex   -3.376310e+01 7.165683e+00 1.043993e+01
      vertex   -3.376310e+01 7.165683e+00 1.103993e+01
    endloop
  endfacet
  facet normal -1.665452e-01 -9.860338e-01 -0.000000e+00
    outer loop
      vertex   -3.376310e+01 7.165683e+00 1.103993e+01
      vertex   -3.376310e+01 7.165683e+00 1.043993e+01
      vertex   -3.364384e+01 7.145540e+00 1.043993e+01
    endloop
  endfacet
  facet normal -1.665452e-01 -9.860338e-01 2.796907e-18
    outer loop
      vertex   -3.376310e+01 7.165683e+00 1.103993e+01
      vertex   -3.364384e+01 7.145540e+00 1.043993e+01
      vertex   -3.364384e+01 7.145540e+00 1.103993e+01
    endloop
  endfacet
  facet normal -3.092393e-01 -9.509843e-01 -0.000000e+00
    outer loop
      vertex   -3.364384e+01 7.145540e+00 1.103993e+01
      vertex   -3.364384e+01 7.145540e+00 1.043993e+01
      vertex   -3.352877e+01 7.108121e+00 1.043993e+01
    endloop
  endfacet
  facet normal -3.092393e-01 -9.509843e-01 -4.953528e-18
    outer loop
      vertex   -3.364384e+01 7.145540e+00 1.103993e+01
      vertex   -3.352877e+01 7.108121e+00 1.043993e+01
      vertex   -3.352877e+01 7.108121e+00 1.103993e+01
    endloop
  endfacet
  facet normal -3.893910e-01 -9.210726e-01 -0.000000e+00
    outer loop
      vertex   -3.352877e+01 7.108121e+00 1.103993e+01
      vertex   -3.352877e+01 7.108121e+00 1.043993e+01
      vertex   -3.341617e+01 7.060519e+00 1.043993e+01
    endloop
  endfacet
  facet normal -3.893910e-01 -9.210726e-01 -1.807409e-18
    outer loop
      vertex   -3.352877e+01 7.108121e+00 1.103993e+01
      vertex   -3.341617e+01 7.060519e+00 1.043993e+01
      vertex   -3.341617e+01 7.060519e+00 1.103993e+01
    endloop
  endfacet
  facet normal 9.847437e-01 1.740109e-01 -0.000000e+00
    outer loop
      vertex   -3.341617e+01 7.060519e+00 1.043993e+01
      vertex   -3.352359e+01 7.668429e+00 1.043993e+01
      vertex   -3.341617e+01 7.060519e+00 1.103993e+01
    endloop
  endfacet
  facet normal 9.847437e-01 1.740109e-01 4.683417e-18
    outer loop
      vertex   -3.341617e+01 7.060519e+00 1.103993e+01
      vertex   -3.352359e+01 7.668429e+00 1.043993e+01
      vertex   -3.352359e+01 7.668429e+00 1.103993e+01
    endloop
  endfacet
  facet normal -2.745644e-15 1.000000e+00 0.000000e+00
    outer loop
      vertex   -3.352359e+01 7.668429e+00 1.043993e+01
      vertex   -3.481753e+01 7.668429e+00 1.043993e+01
      vertex   -3.352359e+01 7.668429e+00 1.103993e+01
    endloop
  endfacet
  facet normal -2.745644e-15 1.000000e+00 0.000000e+00
    outer loop
      vertex   -3.352359e+01 7.668429e+00 1.103993e+01
      vertex   -3.481753e+01 7.668429e+00 1.043993e+01
      vertex   -3.481753e+01 7.668429e+00 1.103993e+01
    endloop
  endfacet
  facet normal 1.000000e+00 0.000000e+00 0.000000e+00
    outer loop
      vertex   -3.481753e+01 7.668429e+00 1.043993e+01
      vertex   -3.481753e+01 8.310519e+00 1.043993e+01
      vertex   -3.481753e+01 7.668429e+00 1.103993e+01
    endloop
  endfacet
  facet normal 1.000000e+00 -0.000000e+00 0.000000e+00
    outer loop
      vertex   -3.481753e+01 7.668429e+00 1.103993e+01
      vertex   -3.481753e+01 8.310519e+00 1.043993e+01
      vertex   -3.481753e+01 8.310519e+00 1.103993e+01
    endloop
  endfacet
  facet normal 1.958535e-15 -1.000000e+00 0.000000e+00
    outer loop
      vertex   -3.481753e+01 8.310519e+00 1.043993e+01
      vertex   -3.300357e+01 8.310519e+00 1.043993e+01
      vertex   -3.481753e+01 8.310519e+00 1.103993e+01
    endloop
  endfacet
  facet normal 1.958535e-15 -1.000000e+00 0.000000e+00
    outer loop
      vertex   -3.481753e+01 8.310519e+00 1.103993e+01
      vertex   -3.300357e+01 8.310519e+00 1.043993e+01
      vertex   -3.300357e+01 8.310519e+00 1.103993e+01
    endloop
  endfacet
  facet normal -9.826528e-01 -1.854548e-01 0.000000e+00
    outer loop
      vertex   -3.300357e+01 8.310519e+00 1.043993e+01
      vertex   -3.265201e+01 6.447726e+00 1.043993e+01
      vertex   -3.300357e+01 8.310519e+00 1.103993e+01
    endloop
  endfacet
  facet normal -9.826528e-01 -1.854548e-01 -2.135220e-17
    outer loop
      vertex   -3.300357e+01 8.310519e+00 1.103993e+01
      vertex   -3.265201e+01 6.447726e+00 1.043993e+01
      vertex   -3.265201e+01 6.447726e+00 1.103993e+01
    endloop
  endfacet
  facet normal -1.432442e-01 9.896874e-01 0.000000e+00
    outer loop
      vertex   -3.265201e+01 6.447726e+00 1.043993e+01
      vertex   -3.320865e+01 6.367159e+00 1.043993e+01
      vertex   -3.265201e+01 6.447726e+00 1.103993e+01
    endloop
  endfacet
  facet normal -1.432442e-01 9.896874e-01 5.140462e-18
    outer loop
      vertex   -3.265201e+01 6.447726e+00 1.103993e+01
      vertex   -3.320865e+01 6.367159e+00 1.043993e+01
      vertex   -3.320865e+01 6.367159e+00 1.103993e+01
    endloop
  endfacet
  facet normal 6.811308e-01 7.321618e-01 -0.000000e+00
    outer loop
      vertex   -3.320865e+01 6.367159e+00 1.043993e+01
      vertex   -3.332189e+01 6.472508e+00 1.043993e+01
      vertex   -3.320865e+01 6.367159e+00 1.103993e+01
    endloop
  endfacet
  facet normal 6.811308e-01 7.321618e-01 -2.342536e-18
    outer loop
      vertex   -3.320865e+01 6.367159e+00 1.103993e+01
      vertex   -3.332189e+01 6.472508e+00 1.043993e+01
      vertex   -3.332189e+01 6.472508e+00 1.103993e+01
    endloop
  endfacet
  facet normal 6.104662e-01 7.920423e-01 0.000000e+00
    outer loop
      vertex   -3.332189e+01 6.472508e+00 1.103993e+01
      vertex   -3.332189e+01 6.472508e+00 1.043993e+01
      vertex   -3.338167e+01 6.518586e+00 1.043993e+01
    endloop
  endfacet
  facet normal 6.104662e-01 7.920423e-01 3.289325e-18
    outer loop
      vertex   -3.332189e+01 6.472508e+00 1.103993e+01
      vertex   -3.338167e+01 6.518586e+00 1.043993e+01
      vertex   -3.338167e+01 6.518586e+00 1.103993e+01
    endloop
  endfacet
  facet normal 5.146506e-01 8.574000e-01 0.000000e+00
    outer loop
      vertex   -3.338167e+01 6.518586e+00 1.103993e+01
      vertex   -3.338167e+01 6.518586e+00 1.043993e+01
      vertex   -3.344525e+01 6.556750e+00 1.043993e+01
    endloop
  endfacet
  facet normal 5.146506e-01 8.574000e-01 -1.845812e-18
    outer loop
      vertex   -3.338167e+01 6.518586e+00 1.103993e+01
      vertex   -3.344525e+01 6.556750e+00 1.043993e+01
      vertex   -3.344525e+01 6.556750e+00 1.103993e+01
    endloop
  endfacet
  facet normal 3.798434e-01 9.250508e-01 0.000000e+00
    outer loop
      vertex   -3.344525e+01 6.556750e+00 1.103993e+01
      vertex   -3.344525e+01 6.556750e+00 1.043993e+01
      vertex   -3.351367e+01 6.584841e+00 1.043993e+01
    endloop
  endfacet
  facet normal 3.798434e-01 9.250508e-01 -1.739488e-18
    outer loop
      vertex   -3.344525e+01 6.556750e+00 1.103993e+01
      vertex   -3.351367e+01 6.584841e+00 1.043993e+01
      vertex   -3.351367e+01 6.584841e+00 1.103993e+01
    endloop
  endfacet
  facet normal 2.577611e-01 9.662087e-01 0.000000e+00
    outer loop
      vertex   -3.351367e+01 6.584841e+00 1.103993e+01
      vertex   -3.351367e+01 6.584841e+00 1.043993e+01
      vertex   -3.358626e+01 6.604208e+00 1.043993e+01
    endloop
  endfacet
  facet normal 2.577611e-01 9.662087e-01 1.490284e-18
    outer loop
      vertex   -3.351367e+01 6.584841e+00 1.103993e+01
      vertex   -3.358626e+01 6.604208e+00 1.043993e+01
      vertex   -3.358626e+01 6.604208e+00 1.103993e+01
    endloop
  endfacet
  facet normal 1.569416e-01 9.876079e-01 0.000000e+00
    outer loop
      vertex   -3.358626e+01 6.604208e+00 1.103993e+01
      vertex   -3.358626e+01 6.604208e+00 1.043993e+01
      vertex   -3.373843e+01 6.628390e+00 1.043993e+01
    endloop
  endfacet
  facet normal 1.569416e-01 9.876079e-01 -8.698370e-19
    outer loop
      vertex   -3.358626e+01 6.604208e+00 1.103993e+01
      vertex   -3.373843e+01 6.628390e+00 1.043993e+01
      vertex   -3.373843e+01 6.628390e+00 1.103993e+01
    endloop
  endfacet
  facet normal -1.098283e-01 9.939506e-01 0.000000e+00
    outer loop
      vertex   -3.373843e+01 6.628390e+00 1.043993e+01
      vertex   -3.384718e+01 6.616373e+00 1.043993e+01
      vertex   -3.373843e+01 6.628390e+00 1.103993e+01
    endloop
  endfacet
  facet normal -1.098283e-01 9.939506e-01 1.286715e-18
    outer loop
      vertex   -3.373843e+01 6.628390e+00 1.103993e+01
      vertex   -3.384718e+01 6.616373e+00 1.043993e+01
      vertex   -3.384718e+01 6.616373e+00 1.103993e+01
    endloop
  endfacet
  facet normal -2.641562e-01 9.644799e-01 0.000000e+00
    outer loop
      vertex   -3.384718e+01 6.616373e+00 1.103993e+01
      vertex   -3.384718e+01 6.616373e+00 1.043993e+01
      vertex   -3.394898e+01 6.588493e+00 1.043993e+01
    endloop
  endfacet
  facet normal -2.641562e-01 9.644799e-01 -2.601178e-18
    outer loop
      vertex   -3.384718e+01 6.616373e+00 1.103993e+01
      vertex   -3.394898e+01 6.588493e+00 1.043993e+01
      vertex   -3.394898e+01 6.588493e+00 1.103993e+01
    endloop
  endfacet
  facet normal -5.202172e-01 8.540340e-01 0.000000e+00
    outer loop
      vertex   -3.394898e+01 6.588493e+00 1.103993e+01
      vertex   -3.394898e+01 6.588493e+00 1.043993e+01
      vertex   -3.403897e+01 6.533677e+00 1.043993e+01
    endloop
  endfacet
  facet normal -5.202172e-01 8.540340e-01 -6.745293e-19
    outer loop
      vertex   -3.394898e+01 6.588493e+00 1.103993e+01
      vertex   -3.403897e+01 6.533677e+00 1.043993e+01
      vertex   -3.403897e+01 6.533677e+00 1.103993e+01
    endloop
  endfacet
  facet normal -6.526975e-01 7.576186e-01 0.000000e+00
    outer loop
      vertex   -3.403897e+01 6.533677e+00 1.103993e+01
      vertex   -3.403897e+01 6.533677e+00 1.043993e+01
      vertex   -3.412173e+01 6.462374e+00 1.043993e+01
    endloop
  endfacet
  facet normal -6.526975e-01 7.576186e-01 2.061614e-18
    outer loop
      vertex   -3.403897e+01 6.533677e+00 1.103993e+01
      vertex   -3.412173e+01 6.462374e+00 1.043993e+01
      vertex   -3.412173e+01 6.462374e+00 1.103993e+01
    endloop
  endfacet
  facet normal -8.507696e-01 5.255389e-01 0.000000e+00
    outer loop
      vertex   -3.412173e+01 6.462374e+00 1.043993e+01
      vertex   -3.419140e+01 6.349601e+00 1.043993e+01
      vertex   -3.412173e+01 6.462374e+00 1.103993e+01
    endloop
  endfacet
  facet normal -8.507696e-01 5.255389e-01 -8.043268e-18
    outer loop
      vertex   -3.412173e+01 6.462374e+00 1.103993e+01
      vertex   -3.419140e+01 6.349601e+00 1.043993e+01
      vertex   -3.419140e+01 6.349601e+00 1.103993e+01
    endloop
  endfacet
  facet normal -9.207661e-01 3.901151e-01 0.000000e+00
    outer loop
      vertex   -3.419140e+01 6.349601e+00 1.103993e+01
      vertex   -3.419140e+01 6.349601e+00 1.043993e+01
      vertex   -3.424182e+01 6.230589e+00 1.043993e+01
    endloop
  endfacet
  facet normal -9.207661e-01 3.901151e-01 -4.852957e-19
    outer loop
      vertex   -3.419140e+01 6.349601e+00 1.103993e+01
      vertex   -3.424182e+01 6.230589e+00 1.043993e+01
      vertex   -3.424182e+01 6.230589e+00 1.103993e+01
    endloop
  endfacet
  facet normal -9.853596e-01 1.704888e-01 0.000000e+00
    outer loop
      vertex   -3.424182e+01 6.230589e+00 1.103993e+01
      vertex   -3.424182e+01 6.230589e+00 1.043993e+01
      vertex   -3.426400e+01 6.102415e+00 1.043993e+01
    endloop
  endfacet
  facet normal -9.853596e-01 1.704888e-01 1.773590e-18
    outer loop
      vertex   -3.424182e+01 6.230589e+00 1.103993e+01
      vertex   -3.426400e+01 6.102415e+00 1.043993e+01
      vertex   -3.426400e+01 6.102415e+00 1.103993e+01
    endloop
  endfacet
  facet normal -9.987514e-01 4.995728e-02 0.000000e+00
    outer loop
      vertex   -3.426400e+01 6.102415e+00 1.103993e+01
      vertex   -3.426400e+01 6.102415e+00 1.043993e+01
      vertex   -3.427066e+01 5.969210e+00 1.043993e+01
    endloop
  endfacet
  facet normal -9.987514e-01 4.995728e-02 -2.015003e-19
    outer loop
      vertex   -3.426400e+01 6.102415e+00 1.103993e+01
      vertex   -3.427066e+01 5.969210e+00 1.043993e+01
      vertex   -3.427066e+01 5.969210e+00 1.103993e+01
    endloop
  endfacet
  facet normal -9.989704e-01 -4.536655e-02 0.000000e+00
    outer loop
      vertex   -3.427066e+01 5.969210e+00 1.043993e+01
      vertex   -3.426425e+01 5.827997e+00 1.043993e+01
      vertex   -3.427066e+01 5.969210e+00 1.103993e+01
    endloop
  endfacet
  facet normal -9.989704e-01 -4.536655e-02 -5.467073e-19
    outer loop
      vertex   -3.427066e+01 5.969210e+00 1.103993e+01
      vertex   -3.426425e+01 5.827997e+00 1.043993e+01
      vertex   -3.426425e+01 5.827997e+00 1.103993e+01
    endloop
  endfacet
  facet normal -9.872482e-01 -1.591884e-01 -0.000000e+00
    outer loop
      vertex   -3.426425e+01 5.827997e+00 1.103993e+01
      vertex   -3.426425e+01 5.827997e+00 1.043993e+01
      vertex   -3.424224e+01 5.691528e+00 1.043993e+01
    endloop
  endfacet
  facet normal -9.872482e-01 -1.591884e-01 1.187146e-18
    outer loop
      vertex   -3.426425e+01 5.827997e+00 1.103993e+01
      vertex   -3.424224e+01 5.691528e+00 1.043993e+01
      vertex   -3.424224e+01 5.691528e+00 1.103993e+01
    endloop
  endfacet
  facet normal -9.300559e-01 -3.674180e-01 -0.000000e+00
    outer loop
      vertex   -3.424224e+01 5.691528e+00 1.103993e+01
      vertex   -3.424224e+01 5.691528e+00 1.043993e+01
      vertex   -3.419175e+01 5.563726e+00 1.043993e+01
    endloop
  endfacet
  facet normal -9.300559e-01 -3.674180e-01 -1.849241e-18
    outer loop
      vertex   -3.424224e+01 5.691528e+00 1.103993e+01
      vertex   -3.419175e+01 5.563726e+00 1.043993e+01
      vertex   -3.419175e+01 5.563726e+00 1.103993e+01
    endloop
  endfacet
  facet normal -8.670583e-01 -4.982067e-01 -0.000000e+00
    outer loop
      vertex   -3.419175e+01 5.563726e+00 1.103993e+01
      vertex   -3.419175e+01 5.563726e+00 1.043993e+01
      vertex   -3.412173e+01 5.441866e+00 1.043993e+01
    endloop
  endfacet
  facet normal -8.670583e-01 -4.982067e-01 2.957205e-18
    outer loop
      vertex   -3.419175e+01 5.563726e+00 1.103993e+01
      vertex   -3.412173e+01 5.441866e+00 1.043993e+01
      vertex   -3.412173e+01 5.441866e+00 1.103993e+01
    endloop
  endfacet
  facet normal -6.805365e-01 -7.327142e-01 0.000000e+00
    outer loop
      vertex   -3.412173e+01 5.441866e+00 1.043993e+01
      vertex   -3.404428e+01 5.369927e+00 1.043993e+01
      vertex   -3.412173e+01 5.441866e+00 1.103993e+01
    endloop
  endfacet
  facet normal -6.805365e-01 -7.327142e-01 2.687854e-18
    outer loop
      vertex   -3.412173e+01 5.441866e+00 1.103993e+01
      vertex   -3.404428e+01 5.369927e+00 1.043993e+01
      vertex   -3.404428e+01 5.369927e+00 1.103993e+01
    endloop
  endfacet
  facet normal -5.550728e-01 -8.318018e-01 -0.000000e+00
    outer loop
      vertex   -3.404428e+01 5.369927e+00 1.103993e+01
      vertex   -3.404428e+01 5.369927e+00 1.043993e+01
      vertex   -3.395956e+01 5.313393e+00 1.043993e+01
    endloop
  endfacet
  facet normal -5.550728e-01 -8.318018e-01 8.727321e-19
    outer loop
      vertex   -3.404428e+01 5.369927e+00 1.103993e+01
      vertex   -3.395956e+01 5.313393e+00 1.043993e+01
      vertex   -3.395956e+01 5.313393e+00 1.103993e+01
    endloop
  endfacet
  facet normal -2.990887e-01 -9.542253e-01 -0.000000e+00
    outer loop
      vertex   -3.395956e+01 5.313393e+00 1.103993e+01
      vertex   -3.395956e+01 5.313393e+00 1.043993e+01
      vertex   -3.386253e+01 5.282979e+00 1.043993e+01
    endloop
  endfacet
  facet normal -2.990887e-01 -9.542253e-01 -2.470090e-18
    outer loop
      vertex   -3.395956e+01 5.313393e+00 1.103993e+01
      vertex   -3.386253e+01 5.282979e+00 1.043993e+01
      vertex   -3.386253e+01 5.282979e+00 1.103993e+01
    endloop
  endfacet
  facet normal -1.369186e-01 -9.905823e-01 -0.000000e+00
    outer loop
      vertex   -3.386253e+01 5.282979e+00 1.103993e+01
      vertex   -3.386253e+01 5.282979e+00 1.043993e+01
      vertex   -3.375796e+01 5.268527e+00 1.043993e+01
    endloop
  endfacet
  facet normal -1.369186e-01 -9.905823e-01 1.433256e-18
    outer loop
      vertex   -3.386253e+01 5.282979e+00 1.103993e+01
      vertex   -3.375796e+01 5.268527e+00 1.043993e+01
      vertex   -3.375796e+01 5.268527e+00 1.103993e+01
    endloop
  endfacet
  facet normal 1.186723e-01 -9.929335e-01 0.000000e+00
    outer loop
      vertex   -3.375796e+01 5.268527e+00 1.043993e+01
      vertex   -3.366590e+01 5.279530e+00 1.043993e+01
      vertex   -3.375796e+01 5.268527e+00 1.103993e+01
    endloop
  endfacet
  facet normal 1.186723e-01 -9.929335e-01 1.386138e-18
    outer loop
      vertex   -3.375796e+01 5.268527e+00 1.103993e+01
      vertex   -3.366590e+01 5.279530e+00 1.043993e+01
      vertex   -3.366590e+01 5.279530e+00 1.103993e+01
    endloop
  endfacet
  facet normal 2.598210e-01 -9.656568e-01 0.000000e+00
    outer loop
      vertex   -3.366590e+01 5.279530e+00 1.103993e+01
      vertex   -3.366590e+01 5.279530e+00 1.043993e+01
      vertex   -3.357882e+01 5.302960e+00 1.043993e+01
    endloop
  endfacet
  facet normal 2.598210e-01 -9.656568e-01 -1.557733e-18
    outer loop
      vertex   -3.366590e+01 5.279530e+00 1.103993e+01
      vertex   -3.357882e+01 5.302960e+00 1.043993e+01
      vertex   -3.357882e+01 5.302960e+00 1.103993e+01
    endloop
  endfacet
  facet normal 4.860565e-01 -8.739274e-01 0.000000e+00
    outer loop
      vertex   -3.357882e+01 5.302960e+00 1.103993e+01
      vertex   -3.357882e+01 5.302960e+00 1.043993e+01
      vertex   -3.349995e+01 5.346827e+00 1.043993e+01
    endloop
  endfacet
  facet normal 4.860565e-01 -8.739274e-01 3.486316e-18
    outer loop
      vertex   -3.357882e+01 5.302960e+00 1.103993e+01
      vertex   -3.349995e+01 5.346827e+00 1.043993e+01
      vertex   -3.349995e+01 5.346827e+00 1.103993e+01
    endloop
  endfacet
  facet normal 6.032210e-01 -7.975741e-01 0.000000e+00
    outer loop
      vertex   -3.349995e+01 5.346827e+00 1.103993e+01
      vertex   -3.349995e+01 5.346827e+00 1.043993e+01
      vertex   -3.342593e+01 5.402804e+00 1.043993e+01
    endloop
  endfacet
  facet normal 6.032210e-01 -7.975741e-01 2.629406e-18
    outer loop
      vertex   -3.349995e+01 5.346827e+00 1.103993e+01
      vertex   -3.342593e+01 5.402804e+00 1.043993e+01
      vertex   -3.342593e+01 5.402804e+00 1.103993e+01
    endloop
  endfacet
  facet normal 7.762223e-01 -6.304593e-01 0.000000e+00
    outer loop
      vertex   -3.342593e+01 5.402804e+00 1.043993e+01
      vertex   -3.335992e+01 5.484083e+00 1.043993e+01
      vertex   -3.342593e+01 5.402804e+00 1.103993e+01
    endloop
  endfacet
  facet normal 7.762223e-01 -6.304593e-01 -5.452150e-18
    outer loop
      vertex   -3.342593e+01 5.402804e+00 1.103993e+01
      vertex   -3.335992e+01 5.484083e+00 1.043993e+01
      vertex   -3.335992e+01 5.484083e+00 1.103993e+01
    endloop
  endfacet
  facet normal 8.541364e-01 -5.200490e-01 0.000000e+00
    outer loop
      vertex   -3.335992e+01 5.484083e+00 1.103993e+01
      vertex   -3.335992e+01 5.484083e+00 1.043993e+01
      vertex   -3.330669e+01 5.571500e+00 1.043993e+01
    endloop
  endfacet
  facet normal 8.541364e-01 -5.200490e-01 2.921007e-18
    outer loop
      vertex   -3.335992e+01 5.484083e+00 1.103993e+01
      vertex   -3.330669e+01 5.571500e+00 1.043993e+01
      vertex   -3.330669e+01 5.571500e+00 1.103993e+01
    endloop
  endfacet
  facet normal 9.471741e-01 -3.207198e-01 0.000000e+00
    outer loop
      vertex   -3.330669e+01 5.571500e+00 1.103993e+01
      vertex   -3.330669e+01 5.571500e+00 1.043993e+01
      vertex   -3.327379e+01 5.668670e+00 1.043993e+01
    endloop
  endfacet
  facet normal 9.471741e-01 -3.207198e-01 -1.239664e-18
    outer loop
      vertex   -3.330669e+01 5.571500e+00 1.103993e+01
      vertex   -3.327379e+01 5.668670e+00 1.043993e+01
      vertex   -3.327379e+01 5.668670e+00 1.103993e+01
    endloop
  endfacet
  facet normal 9.793916e-01 -2.019703e-01 0.000000e+00
    outer loop
      vertex   -3.327379e+01 5.668670e+00 1.103993e+01
      vertex   -3.327379e+01 5.668670e+00 1.043993e+01
      vertex   -3.325259e+01 5.771456e+00 1.043993e+01
    endloop
  endfacet
  facet normal 9.793916e-01 -2.019703e-01 -3.026295e-18
    outer loop
      vertex   -3.327379e+01 5.668670e+00 1.103993e+01
      vertex   -3.325259e+01 5.771456e+00 1.043993e+01
      vertex   -3.325259e+01 5.771456e+00 1.103993e+01
    endloop
  endfacet
  facet normal -1.030204e-01 -9.946792e-01 0.000000e+00
    outer loop
      vertex   -3.325259e+01 5.771456e+00 1.043993e+01
      vertex   -3.256900e+01 5.700655e+00 1.043993e+01
      vertex   -3.325259e+01 5.771456e+00 1.103993e+01
    endloop
  endfacet
  facet normal -1.030204e-01 -9.946792e-01 -8.413835e-18
    outer loop
      vertex   -3.325259e+01 5.771456e+00 1.103993e+01
      vertex   -3.256900e+01 5.700655e+00 1.043993e+01
      vertex   -3.256900e+01 5.700655e+00 1.103993e+01
    endloop
  endfacet
  facet normal -9.743686e-01 2.249574e-01 0.000000e+00
    outer loop
      vertex   -3.256900e+01 5.700655e+00 1.043993e+01
      vertex   -3.261596e+01 5.497269e+00 1.043993e+01
      vertex   -3.256900e+01 5.700655e+00 1.103993e+01
    endloop
  endfacet
  facet normal -9.743686e-01 2.249574e-01 2.553817e-18
    outer loop
      vertex   -3.256900e+01 5.700655e+00 1.103993e+01
      vertex   -3.261596e+01 5.497269e+00 1.043993e+01
      vertex   -3.261596e+01 5.497269e+00 1.103993e+01
    endloop
  endfacet
  facet normal -9.523933e-01 3.048722e-01 0.000000e+00
    outer loop
      vertex   -3.261596e+01 5.497269e+00 1.103993e+01
      vertex   -3.261596e+01 5.497269e+00 1.043993e+01
      vertex   -3.264720e+01 5.399680e+00 1.043993e+01
    endloop
  endfacet
  facet normal -9.523933e-01 3.048722e-01 -1.593830e-18
    outer loop
      vertex   -3.261596e+01 5.497269e+00 1.103993e+01
      vertex   -3.264720e+01 5.399680e+00 1.043993e+01
      vertex   -3.264720e+01 5.399680e+00 1.103993e+01
    endloop
  endfacet
  facet normal -9.161134e-01 4.009192e-01 0.000000e+00
    outer loop
      vertex   -3.264720e+01 5.399680e+00 1.103993e+01
      vertex   -3.264720e+01 5.399680e+00 1.043993e+01
      vertex   -3.268775e+01 5.307016e+00 1.043993e+01
    endloop
  endfacet
  facet normal -9.161134e-01 4.009192e-01 -1.287909e-18
    outer loop
      vertex   -3.264720e+01 5.399680e+00 1.103993e+01
      vertex   -3.268775e+01 5.307016e+00 1.043993e+01
      vertex   -3.268775e+01 5.307016e+00 1.103993e+01
    endloop
  endfacet
  facet normal -8.560785e-01 5.168459e-01 0.000000e+00
    outer loop
      vertex   -3.268775e+01 5.307016e+00 1.103993e+01
      vertex   -3.268775e+01 5.307016e+00 1.043993e+01
      vertex   -3.273997e+01 5.220523e+00 1.043993e+01
    endloop
  endfacet
  facet normal -8.560785e-01 5.168459e-01 -5.685981e-18
    outer loop
      vertex   -3.268775e+01 5.307016e+00 1.103993e+01
      vertex   -3.273997e+01 5.220523e+00 1.043993e+01
      vertex   -3.273997e+01 5.220523e+00 1.103993e+01
    endloop
  endfacet
  facet normal -7.948622e-01 6.067899e-01 0.000000e+00
    outer loop
      vertex   -3.273997e+01 5.220523e+00 1.103993e+01
      vertex   -3.273997e+01 5.220523e+00 1.043993e+01
      vertex   -3.280202e+01 5.139233e+00 1.043993e+01
    endloop
  endfacet
  facet normal -7.948622e-01 6.067899e-01 5.718161e-18
    outer loop
      vertex   -3.273997e+01 5.220523e+00 1.103993e+01
      vertex   -3.280202e+01 5.139233e+00 1.043993e+01
      vertex   -3.280202e+01 5.139233e+00 1.103993e+01
    endloop
  endfacet
  facet normal -7.385208e-01 6.742307e-01 0.000000e+00
    outer loop
      vertex   -3.280202e+01 5.139233e+00 1.103993e+01
      vertex   -3.280202e+01 5.139233e+00 1.043993e+01
      vertex   -3.294253e+01 4.985323e+00 1.043993e+01
    endloop
  endfacet
  facet normal -7.385208e-01 6.742307e-01 1.370242e-17
    outer loop
      vertex   -3.280202e+01 5.139233e+00 1.103993e+01
      vertex   -3.294253e+01 4.985323e+00 1.043993e+01
      vertex   -3.294253e+01 4.985323e+00 1.103993e+01
    endloop
  endfacet
  facet normal -0.000000e+00 0.000000e+00 -1.000000e+00
    outer loop
      vertex   -3.256900e+01 5.700655e+00 1.103993e+01
      vertex   -3.261596e+01 5.497269e+00 1.103993e+01
      vertex   -3.325259e+01 5.771456e+00 1.103993e+01
    endloop
  endfacet
  facet normal 0.000000e+00 0.000000e+00 -1.000000e+00
    outer loop
      vertex   -3.325259e+01 5.771456e+00 1.103993e+01
      vertex   -3.261596e+01 5.497269e+00 1.103993e+01
      vertex   -3.264720e+01 5.399680e+00 1.103993e+01
    endloop
  endfacet
  facet normal 0.000000e+00 0.000000e+00 -1.000000e+00
    outer loop
      vertex   -3.325259e+01 5.771456e+00 1.103993e+01
      vertex   -3.264720e+01 5.399680e+00 1.103993e+01
      vertex   -3.268775e+01 5.307016e+00 1.103993e+01
    endloop
  endfacet
  facet normal -0.000000e+00 0.000000e+00 -1.000000e+00
    outer loop
      vertex   -3.268775e+01 5.307016e+00 1.103993e+01
      vertex   -3.273997e+01 5.220523e+00 1.103993e+01
      vertex   -3.325259e+01 5.771456e+00 1.103993e+01
    endloop
  endfacet
  facet normal 0.000000e+00 -0.000000e+00 -1.000000e+00
    outer loop
      vertex   -3.325259e+01 5.771456e+00 1.103993e+01
      vertex   -3.273997e+01 5.220523e+00 1.103993e+01
      vertex   -3.327379e+01 5.668670e+00 1.103993e+01
    endloop
  endfacet
  facet normal 0.000000e+00 0.000000e+00 -1.000000e+00
    outer loop
      vertex   -3.327379e+01 5.668670e+00 1.103993e+01
      vertex   -3.273997e+01 5.220523e+00 1.103993e+01
      vertex   -3.280202e+01 5.139233e+00 1.103993e+01
    endloop
  endfacet
  facet normal 0.000000e+00 -0.000000e+00 -1.000000e+00
    outer loop
      vertex   -3.327379e+01 5.668670e+00 1.103993e+01
      vertex   -3.280202e+01 5.139233e+00 1.103993e+01
      vertex   -3.330669e+01 5.571500e+00 1.103993e+01
    endloop
  endfacet
  facet normal 0.000000e+00 0.000000e+00 -1.000000e+00
    outer loop
      vertex   -3.330669e+01 5.571500e+00 1.103993e+01
      vertex   -3.280202e+01 5.139233e+00 1.103993e+01
      vertex   -3.294253e+01 4.985323e+00 1.103993e+01
    endloop
  endfacet
  facet normal 0.000000e+00 0.000000e+00 -1.000000e+00
    outer loop
      vertex   -3.330669e+01 5.571500e+00 1.103993e+01
      vertex   -3.294253e+01 4.985323e+00 1.103993e+01
      vertex   -3.312713e+01 4.867506e+00 1.103993e+01
    endloop
  endfacet
  facet normal 0.000000e+00 0.000000e+00 -1.000000e+00
    outer loop
      vertex   -3.322252e+01 4.817689e+00 1.103993e+01
      vertex   -3.342593e+01 5.402804e+00 1.103993e+01
      vertex   -3.312713e+01 4.867506e+00 1.103993e+01
    endloop
  endfacet
  facet normal 0.000000e+00 0.000000e+00 -1.000000e+00
    outer loop
      vertex   -3.312713e+01 4.867506e+00 1.103993e+01
      vertex   -3.342593e+01 5.402804e+00 1.103993e+01
      vertex   -3.335992e+01 5.484083e+00 1.103993e+01
    endloop
  endfacet
  facet normal 0.000000e+00 0.000000e+00 -1.000000e+00
    outer loop
      vertex   -3.312713e+01 4.867506e+00 1.103993e+01
      vertex   -3.335992e+01 5.484083e+00 1.103993e+01
      vertex   -3.330669e+01 5.571500e+00 1.103993e+01
    endloop
  endfacet
  facet normal -0.000000e+00 0.000000e+00 -1.000000e+00
    outer loop
      vertex   -3.322252e+01 4.817689e+00 1.103993e+01
      vertex   -3.332162e+01 4.778773e+00 1.103993e+01
      vertex   -3.342593e+01 5.402804e+00 1.103993e+01
    endloop
  endfacet
  facet normal 0.000000e+00 -0.000000e+00 -1.000000e+00
    outer loop
      vertex   -3.342593e+01 5.402804e+00 1.103993e+01
      vertex   -3.332162e+01 4.778773e+00 1.103993e+01
      vertex   -3.349995e+01 5.346827e+00 1.103993e+01
    endloop
  endfacet
  facet normal 0.000000e+00 0.000000e+00 -1.000000e+00
    outer loop
      vertex   -3.349995e+01 5.346827e+00 1.103993e+01
      vertex   -3.332162e+01 4.778773e+00 1.103993e+01
      vertex   -3.342497e+01 4.752402e+00 1.103993e+01
    endloop
  endfacet
  facet normal 0.000000e+00 -0.000000e+00 -1.000000e+00
    outer loop
      vertex   -3.349995e+01 5.346827e+00 1.103993e+01
      vertex   -3.342497e+01 4.752402e+00 1.103993e+01
      vertex   -3.357882e+01 5.302960e+00 1.103993e+01
    endloop
  endfacet
  facet normal 0.000000e+00 0.000000e+00 -1.000000e+00
    outer loop
      vertex   -3.357882e+01 5.302960e+00 1.103993e+01
      vertex   -3.342497e+01 4.752402e+00 1.103993e+01
      vertex   -3.353167e+01 4.735871e+00 1.103993e+01
    endloop
  endfacet
  facet normal 0.000000e+00 -0.000000e+00 -1.000000e+00
    outer loop
      vertex   -3.357882e+01 5.302960e+00 1.103993e+01
      vertex   -3.353167e+01 4.735871e+00 1.103993e+01
      vertex   -3.366590e+01 5.279530e+00 1.103993e+01
    endloop
  endfacet
  facet normal 0.000000e+00 -0.000000e+00 -1.000000e+00
    outer loop
      vertex   -3.366590e+01 5.279530e+00 1.103993e+01
      vertex   -3.353167e+01 4.735871e+00 1.103993e+01
      vertex   -3.375064e+01 4.719210e+00 1.103993e+01
    endloop
  endfacet
  facet normal 0.000000e+00 0.000000e+00 -1.000000e+00
    outer loop
      vertex   -3.366590e+01 5.279530e+00 1.103993e+01
      vertex   -3.375064e+01 4.719210e+00 1.103993e+01
      vertex   -3.375796e+01 5.268527e+00 1.103993e+01
    endloop
  endfacet
  facet normal -0.000000e+00 -0.000000e+00 -1.000000e+00
    outer loop
      vertex   -3.375796e+01 5.268527e+00 1.103993e+01
      vertex   -3.375064e+01 4.719210e+00 1.103993e+01
      vertex   -3.386253e+01 5.282979e+00 1.103993e+01
    endloop
  endfacet
  facet normal 0.000000e+00 -0.000000e+00 -1.000000e+00
    outer loop
      vertex   -3.386253e+01 5.282979e+00 1.103993e+01
      vertex   -3.375064e+01 4.719210e+00 1.103993e+01
      vertex   -3.403420e+01 4.754028e+00 1.103993e+01
    endloop
  endfacet
  facet normal -0.000000e+00 0.000000e+00 -1.000000e+00
    outer loop
      vertex   -3.386253e+01 5.282979e+00 1.103993e+01
      vertex   -3.403420e+01 4.754028e+00 1.103993e+01
      vertex   -3.395956e+01 5.313393e+00 1.103993e+01
    endloop
  endfacet
  facet normal 0.000000e+00 0.000000e+00 -1.000000e+00
    outer loop
      vertex   -3.395956e+01 5.313393e+00 1.103993e+01
      vertex   -3.403420e+01 4.754028e+00 1.103993e+01
      vertex   -3.416903e+01 4.785528e+00 1.103993e+01
    endloop
  endfacet
  facet normal -0.000000e+00 0.000000e+00 -1.000000e+00
    outer loop
      vertex   -3.395956e+01 5.313393e+00 1.103993e+01
      vertex   -3.416903e+01 4.785528e+00 1.103993e+01
      vertex   -3.404428e+01 5.369927e+00 1.103993e+01
    endloop
  endfacet
  facet normal 0.000000e+00 0.000000e+00 -1.000000e+00
    outer loop
      vertex   -3.404428e+01 5.369927e+00 1.103993e+01
      vertex   -3.416903e+01 4.785528e+00 1.103993e+01
      vertex   -3.429551e+01 4.833937e+00 1.103993e+01
    endloop
  endfacet
  facet normal -0.000000e+00 0.000000e+00 -1.000000e+00
    outer loop
      vertex   -3.404428e+01 5.369927e+00 1.103993e+01
      vertex   -3.429551e+01 4.833937e+00 1.103993e+01
      vertex   -3.412173e+01 5.441866e+00 1.103993e+01
    endloop
  endfacet
  facet normal 0.000000e+00 0.000000e+00 -1.000000e+00
    outer loop
      vertex   -3.412173e+01 5.441866e+00 1.103993e+01
      vertex   -3.429551e+01 4.833937e+00 1.103993e+01
      vertex   -3.441165e+01 4.903316e+00 1.103993e+01
    endloop
  endfacet
  facet normal -0.000000e+00 0.000000e+00 -1.000000e+00
    outer loop
      vertex   -3.412173e+01 5.441866e+00 1.103993e+01
      vertex   -3.441165e+01 4.903316e+00 1.103993e+01
      vertex   -3.419175e+01 5.563726e+00 1.103993e+01
    endloop
  endfacet
  facet normal 0.000000e+00 0.000000e+00 -1.000000e+00
    outer loop
      vertex   -3.419175e+01 5.563726e+00 1.103993e+01
      vertex   -3.441165e+01 4.903316e+00 1.103993e+01
      vertex   -3.451917e+01 4.990136e+00 1.103993e+01
    endloop
  endfacet
  facet normal -0.000000e+00 0.000000e+00 -1.000000e+00
    outer loop
      vertex   -3.419175e+01 5.563726e+00 1.103993e+01
      vertex   -3.451917e+01 4.990136e+00 1.103993e+01
      vertex   -3.424224e+01 5.691528e+00 1.103993e+01
    endloop
  endfacet
  facet normal 0.000000e+00 0.000000e+00 -1.000000e+00
    outer loop
      vertex   -3.424224e+01 5.691528e+00 1.103993e+01
      vertex   -3.451917e+01 4.990136e+00 1.103993e+01
      vertex   -3.471988e+01 5.192843e+00 1.103993e+01
    endloop
  endfacet
  facet normal 0.000000e+00 0.000000e+00 -1.000000e+00
    outer loop
      vertex   -3.424224e+01 5.691528e+00 1.103993e+01
      vertex   -3.471988e+01 5.192843e+00 1.103993e+01
      vertex   -3.482869e+01 5.375393e+00 1.103993e+01
    endloop
  endfacet
  facet normal -0.000000e+00 0.000000e+00 -1.000000e+00
    outer loop
      vertex   -3.424224e+01 5.691528e+00 1.103993e+01
      vertex   -3.482869e+01 5.375393e+00 1.103993e+01
      vertex   -3.426425e+01 5.827997e+00 1.103993e+01
    endloop
  endfacet
  facet normal 0.000000e+00 0.000000e+00 -1.000000e+00
    outer loop
      vertex   -3.426425e+01 5.827997e+00 1.103993e+01
      vertex   -3.482869e+01 5.375393e+00 1.103993e+01
      vertex   -3.487544e+01 5.469167e+00 1.103993e+01
    endloop
  endfacet
  facet normal 0.000000e+00 0.000000e+00 -1.000000e+00
    outer loop
      vertex   -3.426425e+01 5.827997e+00 1.103993e+01
      vertex   -3.487544e+01 5.469167e+00 1.103993e+01
      vertex   -3.491299e+01 5.565942e+00 1.103993e+01
    endloop
  endfacet
  facet normal 0.000000e+00 0.000000e+00 -1.000000e+00
    outer loop
      vertex   -3.491299e+01 5.565942e+00 1.103993e+01
      vertex   -3.493938e+01 5.666357e+00 1.103993e+01
      vertex   -3.426425e+01 5.827997e+00 1.103993e+01
    endloop
  endfacet
  facet normal 0.000000e+00 0.000000e+00 -1.000000e+00
    outer loop
      vertex   -3.426425e+01 5.827997e+00 1.103993e+01
      vertex   -3.493938e+01 5.666357e+00 1.103993e+01
      vertex   -3.495670e+01 5.769733e+00 1.103993e+01
    endloop
  endfacet
  facet normal -0.000000e+00 0.000000e+00 -1.000000e+00
    outer loop
      vertex   -3.426425e+01 5.827997e+00 1.103993e+01
      vertex   -3.495670e+01 5.769733e+00 1.103993e+01
      vertex   -3.427066e+01 5.969210e+00 1.103993e+01
    endloop
  endfacet
  facet normal -0.000000e+00 0.000000e+00 -1.000000e+00
    outer loop
      vertex   -3.427066e+01 5.969210e+00 1.103993e+01
      vertex   -3.495670e+01 5.769733e+00 1.103993e+01
      vertex   -3.497623e+01 5.981417e+00 1.103993e+01
    endloop
  endfacet
  facet normal 0.000000e+00 0.000000e+00 -1.000000e+00
    outer loop
      vertex   -3.427066e+01 5.969210e+00 1.103993e+01
      vertex   -3.497623e+01 5.981417e+00 1.103993e+01
      vertex   -3.495521e+01 6.218880e+00 1.103993e+01
    endloop
  endfacet
  facet normal 0.000000e+00 0.000000e+00 -1.000000e+00
    outer loop
      vertex   -3.427066e+01 5.969210e+00 1.103993e+01
      vertex   -3.495521e+01 6.218880e+00 1.103993e+01
      vertex   -3.426400e+01 6.102415e+00 1.103993e+01
    endloop
  endfacet
  facet normal 0.000000e+00 0.000000e+00 -1.000000e+00
    outer loop
      vertex   -3.426400e+01 6.102415e+00 1.103993e+01
      vertex   -3.495521e+01 6.218880e+00 1.103993e+01
      vertex   -3.493503e+01 6.333963e+00 1.103993e+01
    endloop
  endfacet
  facet normal 0.000000e+00 0.000000e+00 -1.000000e+00
    outer loop
      vertex   -3.426400e+01 6.102415e+00 1.103993e+01
      vertex   -3.493503e+01 6.333963e+00 1.103993e+01
      vertex   -3.490326e+01 6.444669e+00 1.103993e+01
    endloop
  endfacet
  facet normal 0.000000e+00 0.000000e+00 -1.000000e+00
    outer loop
      vertex   -3.490326e+01 6.444669e+00 1.103993e+01
      vertex   -3.485681e+01 6.549839e+00 1.103993e+01
      vertex   -3.426400e+01 6.102415e+00 1.103993e+01
    endloop
  endfacet
  facet normal 0.000000e+00 0.000000e+00 -1.000000e+00
    outer loop
      vertex   -3.426400e+01 6.102415e+00 1.103993e+01
      vertex   -3.485681e+01 6.549839e+00 1.103993e+01
      vertex   -3.479780e+01 6.650270e+00 1.103993e+01
    endloop
  endfacet
  facet normal 0.000000e+00 0.000000e+00 -1.000000e+00
    outer loop
      vertex   -3.426400e+01 6.102415e+00 1.103993e+01
      vertex   -3.479780e+01 6.650270e+00 1.103993e+01
      vertex   -3.424182e+01 6.230589e+00 1.103993e+01
    endloop
  endfacet
  facet normal 0.000000e+00 0.000000e+00 -1.000000e+00
    outer loop
      vertex   -3.424182e+01 6.230589e+00 1.103993e+01
      vertex   -3.479780e+01 6.650270e+00 1.103993e+01
      vertex   -3.465884e+01 6.843234e+00 1.103993e+01
    endloop
  endfacet
  facet normal 0.000000e+00 0.000000e+00 -1.000000e+00
    outer loop
      vertex   -3.424182e+01 6.230589e+00 1.103993e+01
      vertex   -3.465884e+01 6.843234e+00 1.103993e+01
      vertex   -3.419140e+01 6.349601e+00 1.103993e+01
    endloop
  endfacet
  facet normal 0.000000e+00 0.000000e+00 -1.000000e+00
    outer loop
      vertex   -3.419140e+01 6.349601e+00 1.103993e+01
      vertex   -3.465884e+01 6.843234e+00 1.103993e+01
      vertex   -3.448973e+01 6.983087e+00 1.103993e+01
    endloop
  endfacet
  facet normal 0.000000e+00 0.000000e+00 -1.000000e+00
    outer loop
      vertex   -3.419140e+01 6.349601e+00 1.103993e+01
      vertex   -3.448973e+01 6.983087e+00 1.103993e+01
      vertex   -3.412173e+01 6.462374e+00 1.103993e+01
    endloop
  endfacet
  facet normal 0.000000e+00 0.000000e+00 -1.000000e+00
    outer loop
      vertex   -3.412173e+01 6.462374e+00 1.103993e+01
      vertex   -3.448973e+01 6.983087e+00 1.103993e+01
      vertex   -3.440102e+01 7.043336e+00 1.103993e+01
    endloop
  endfacet
  facet normal 0.000000e+00 0.000000e+00 -1.000000e+00
    outer loop
      vertex   -3.412173e+01 6.462374e+00 1.103993e+01
      vertex   -3.440102e+01 7.043336e+00 1.103993e+01
      vertex   -3.430733e+01 7.091972e+00 1.103993e+01
    endloop
  endfacet
  facet normal 0.000000e+00 0.000000e+00 -1.000000e+00
    outer loop
      vertex   -3.430733e+01 7.091972e+00 1.103993e+01
      vertex   -3.420756e+01 7.126391e+00 1.103993e+01
      vertex   -3.412173e+01 6.462374e+00 1.103993e+01
    endloop
  endfacet
  facet normal 0.000000e+00 0.000000e+00 -1.000000e+00
    outer loop
      vertex   -3.412173e+01 6.462374e+00 1.103993e+01
      vertex   -3.420756e+01 7.126391e+00 1.103993e+01
      vertex   -3.403897e+01 6.533677e+00 1.103993e+01
    endloop
  endfacet
  facet normal 0.000000e+00 0.000000e+00 -1.000000e+00
    outer loop
      vertex   -3.403897e+01 6.533677e+00 1.103993e+01
      vertex   -3.420756e+01 7.126391e+00 1.103993e+01
      vertex   -3.410278e+01 7.149156e+00 1.103993e+01
    endloop
  endfacet
  facet normal 0.000000e+00 0.000000e+00 -1.000000e+00
    outer loop
      vertex   -3.403897e+01 6.533677e+00 1.103993e+01
      vertex   -3.410278e+01 7.149156e+00 1.103993e+01
      vertex   -3.394898e+01 6.588493e+00 1.103993e+01
    endloop
  endfacet
  facet normal 0.000000e+00 0.000000e+00 -1.000000e+00
    outer loop
      vertex   -3.394898e+01 6.588493e+00 1.103993e+01
      vertex   -3.410278e+01 7.149156e+00 1.103993e+01
      vertex   -3.388492e+01 7.175265e+00 1.103993e+01
    endloop
  endfacet
  facet normal 0.000000e+00 0.000000e+00 -1.000000e+00
    outer loop
      vertex   -3.394898e+01 6.588493e+00 1.103993e+01
      vertex   -3.388492e+01 7.175265e+00 1.103993e+01
      vertex   -3.384718e+01 6.616373e+00 1.103993e+01
    endloop
  endfacet
  facet normal 0.000000e+00 0.000000e+00 -1.000000e+00
    outer loop
      vertex   -3.384718e+01 6.616373e+00 1.103993e+01
      vertex   -3.388492e+01 7.175265e+00 1.103993e+01
      vertex   -3.376310e+01 7.165683e+00 1.103993e+01
    endloop
  endfacet
  facet normal 0.000000e+00 0.000000e+00 -1.000000e+00
    outer loop
      vertex   -3.384718e+01 6.616373e+00 1.103993e+01
      vertex   -3.376310e+01 7.165683e+00 1.103993e+01
      vertex   -3.373843e+01 6.628390e+00 1.103993e+01
    endloop
  endfacet
  facet normal 0.000000e+00 0.000000e+00 -1.000000e+00
    outer loop
      vertex   -3.373843e+01 6.628390e+00 1.103993e+01
      vertex   -3.376310e+01 7.165683e+00 1.103993e+01
      vertex   -3.364384e+01 7.145540e+00 1.103993e+01
    endloop
  endfacet
  facet normal 0.000000e+00 0.000000e+00 -1.000000e+00
    outer loop
      vertex   -3.373843e+01 6.628390e+00 1.103993e+01
      vertex   -3.364384e+01 7.145540e+00 1.103993e+01
      vertex   -3.358626e+01 6.604208e+00 1.103993e+01
    endloop
  endfacet
  facet normal 0.000000e+00 0.000000e+00 -1.000000e+00
    outer loop
      vertex   -3.358626e+01 6.604208e+00 1.103993e+01
      vertex   -3.364384e+01 7.145540e+00 1.103993e+01
      vertex   -3.352877e+01 7.108121e+00 1.103993e+01
    endloop
  endfacet
  facet normal 0.000000e+00 0.000000e+00 -1.000000e+00
    outer loop
      vertex   -3.358626e+01 6.604208e+00 1.103993e+01
      vertex   -3.352877e+01 7.108121e+00 1.103993e+01
      vertex   -3.351367e+01 6.584841e+00 1.103993e+01
    endloop
  endfacet
  facet normal 0.000000e+00 0.000000e+00 -1.000000e+00
    outer loop
      vertex   -3.351367e+01 6.584841e+00 1.103993e+01
      vertex   -3.352877e+01 7.108121e+00 1.103993e+01
      vertex   -3.341617e+01 7.060519e+00 1.103993e+01
    endloop
  endfacet
  facet normal 2.395002e-14 -4.908937e-15 -1.000000e+00
    outer loop
      vertex   -3.351367e+01 6.584841e+00 1.103993e+01
      vertex   -3.341617e+01 7.060519e+00 1.103993e+01
      vertex   -3.344525e+01 6.556750e+00 1.103993e+01
    endloop
  endfacet
  facet normal -2.904861e-14 -1.848959e-15 -1.000000e+00
    outer loop
      vertex   -3.344525e+01 6.556750e+00 1.103993e+01
      vertex   -3.341617e+01 7.060519e+00 1.103993e+01
      vertex   -3.338167e+01 6.518586e+00 1.103993e+01
    endloop
  endfacet
  facet normal 0.000000e+00 0.000000e+00 -1.000000e+00
    outer loop
      vertex   -3.338167e+01 6.518586e+00 1.103993e+01
      vertex   -3.341617e+01 7.060519e+00 1.103993e+01
      vertex   -3.332189e+01 6.472508e+00 1.103993e+01
    endloop
  endfacet
  facet normal 0.000000e+00 0.000000e+00 -1.000000e+00
    outer loop
      vertex   -3.332189e+01 6.472508e+00 1.103993e+01
      vertex   -3.341617e+01 7.060519e+00 1.103993e+01
      vertex   -3.320865e+01 6.367159e+00 1.103993e+01
    endloop
  endfacet
  facet normal 0.000000e+00 0.000000e+00 -1.000000e+00
    outer loop
      vertex   -3.320865e+01 6.367159e+00 1.103993e+01
      vertex   -3.341617e+01 7.060519e+00 1.103993e+01
      vertex   -3.265201e+01 6.447726e+00 1.103993e+01
    endloop
  endfacet
  facet normal 0.000000e+00 0.000000e+00 -1.000000e+00
    outer loop
      vertex   -3.265201e+01 6.447726e+00 1.103993e+01
      vertex   -3.341617e+01 7.060519e+00 1.103993e+01
      vertex   -3.300357e+01 8.310519e+00 1.103993e+01
    endloop
  endfacet
  facet normal 0.000000e+00 0.000000e+00 -1.000000e+00
    outer loop
      vertex   -3.300357e+01 8.310519e+00 1.103993e+01
      vertex   -3.341617e+01 7.060519e+00 1.103993e+01
      vertex   -3.352359e+01 7.668429e+00 1.103993e+01
    endloop
  endfacet
  facet normal 0.000000e+00 0.000000e+00 -1.000000e+00
    outer loop
      vertex   -3.300357e+01 8.310519e+00 1.103993e+01
      vertex   -3.352359e+01 7.668429e+00 1.103993e+01
      vertex   -3.481753e+01 8.310519e+00 1.103993e+01
    endloop
  endfacet
  facet normal 0.000000e+00 0.000000e+00 -1.000000e+00
    outer loop
      vertex   -3.481753e+01 8.310519e+00 1.103993e+01
      vertex   -3.352359e+01 7.668429e+00 1.103993e+01
      vertex   -3.481753e+01 7.668429e+00 1.103993e+01
    endloop
  endfacet
  facet normal 1.000000e+00 0.000000e+00 0.000000e+00
    outer loop
      vertex   -3.200259e+01 4.780245e+00 1.043993e+01
      vertex   -3.200259e+01 5.466280e+00 1.043993e+01
      vertex   -3.200259e+01 4.780245e+00 1.103993e+01
    endloop
  endfacet
  facet normal 1.000000e+00 -0.000000e+00 0.000000e+00
    outer loop
      vertex   -3.200259e+01 4.780245e+00 1.103993e+01
      vertex   -3.200259e+01 5.466280e+00 1.043993e+01
      vertex   -3.200259e+01 5.466280e+00 1.103993e+01
    endloop
  endfacet
  facet normal 2.589310e-15 -1.000000e+00 0.000000e+00
    outer loop
      vertex   -3.200259e+01 5.466280e+00 1.043993e+01
      vertex   -3.131656e+01 5.466280e+00 1.043993e+01
      vertex   -3.200259e+01 5.466280e+00 1.103993e+01
    endloop
  endfacet
  facet normal 2.589310e-15 -1.000000e+00 0.000000e+00
    outer loop
      vertex   -3.200259e+01 5.466280e+00 1.103993e+01
      vertex   -3.131656e+01 5.466280e+00 1.043993e+01
      vertex   -3.131656e+01 5.466280e+00 1.103993e+01
    endloop
  endfacet
  facet normal -1.000000e+00 0.000000e+00 0.000000e+00
    outer loop
      vertex   -3.131656e+01 5.466280e+00 1.043993e+01
      vertex   -3.131656e+01 4.780245e+00 1.043993e+01
      vertex   -3.131656e+01 5.466280e+00 1.103993e+01
    endloop
  endfacet
  facet normal -1.000000e+00 -0.000000e+00 0.000000e+00
    outer loop
      vertex   -3.131656e+01 5.466280e+00 1.103993e+01
      vertex   -3.131656e+01 4.780245e+00 1.043993e+01
      vertex   -3.131656e+01 4.780245e+00 1.103993e+01
    endloop
  endfacet
  facet normal 0.000000e+00 1.000000e+00 -0.000000e+00
    outer loop
      vertex   -3.131656e+01 4.780245e+00 1.043993e+01
      vertex   -3.200259e+01 4.780245e+00 1.043993e+01
      vertex   -3.131656e+01 4.780245e+00 1.103993e+01
    endloop
  endfacet
  facet normal 0.000000e+00 1.000000e+00 0.000000e+00
    outer loop
      vertex   -3.131656e+01 4.780245e+00 1.103993e+01
      vertex   -3.200259e+01 4.780245e+00 1.043993e+01
      vertex   -3.200259e+01 4.780245e+00 1.103993e+01
    endloop
  endfacet
  facet normal 0.000000e+00 0.000000e+00 -1.000000e+00
    outer loop
      vertex   -3.131656e+01 4.780245e+00 1.103993e+01
      vertex   -3.200259e+01 4.780245e+00 1.103993e+01
      vertex   -3.131656e+01 5.466280e+00 1.103993e+01
    endloop
  endfacet
  facet normal 0.000000e+00 0.000000e+00 -1.000000e+00
    outer loop
      vertex   -3.131656e+01 5.466280e+00 1.103993e+01
      vertex   -3.200259e+01 4.780245e+00 1.103993e+01
      vertex   -3.200259e+01 5.466280e+00 1.103993e+01
    endloop
  endfacet
  facet normal 3.191209e-15 -1.000000e+00 0.000000e+00
    outer loop
      vertex   -3.014468e+01 8.373995e+00 1.043993e+01
      vertex   -2.958804e+01 8.373995e+00 1.043993e+01
      vertex   -3.014468e+01 8.373995e+00 1.103993e+01
    endloop
  endfacet
  facet normal 3.191209e-15 -1.000000e+00 0.000000e+00
    outer loop
      vertex   -3.014468e+01 8.373995e+00 1.103993e+01
      vertex   -2.958804e+01 8.373995e+00 1.043993e+01
      vertex   -2.958804e+01 8.373995e+00 1.103993e+01
    endloop
  endfacet
  facet normal -9.012790e-01 -4.332392e-01 0.000000e+00
    outer loop
      vertex   -2.958804e+01 8.373995e+00 1.043993e+01
      vertex   -2.950879e+01 8.209126e+00 1.043993e+01
      vertex   -2.958804e+01 8.373995e+00 1.103993e+01
    endloop
  endfacet
  facet normal -9.012790e-01 -4.332392e-01 7.830789e-18
    outer loop
      vertex   -2.958804e+01 8.373995e+00 1.103993e+01
      vertex   -2.950879e+01 8.209126e+00 1.043993e+01
      vertex   -2.950879e+01 8.209126e+00 1.103993e+01
    endloop
  endfacet
  facet normal -8.483359e-01 -5.294584e-01 -0.000000e+00
    outer loop
      vertex   -2.950879e+01 8.209126e+00 1.103993e+01
      vertex   -2.950879e+01 8.209126e+00 1.043993e+01
      vertex   -2.941340e+01 8.056280e+00 1.043993e+01
    endloop
  endfacet
  facet normal -8.483359e-01 -5.294584e-01 7.919760e-18
    outer loop
      vertex   -2.950879e+01 8.209126e+00 1.103993e+01
      vertex   -2.941340e+01 8.056280e+00 1.043993e+01
      vertex   -2.941340e+01 8.056280e+00 1.103993e+01
    endloop
  endfacet
  facet normal -7.404748e-01 -6.720842e-01 -0.000000e+00
    outer loop
      vertex   -2.941340e+01 8.056280e+00 1.103993e+01
      vertex   -2.941340e+01 8.056280e+00 1.043993e+01
      vertex   -2.929215e+01 7.922692e+00 1.043993e+01
    endloop
  endfacet
  facet normal -7.404748e-01 -6.720842e-01 -1.017116e-17
    outer loop
      vertex   -2.941340e+01 8.056280e+00 1.103993e+01
      vertex   -2.929215e+01 7.922692e+00 1.043993e+01
      vertex   -2.929215e+01 7.922692e+00 1.103993e+01
    endloop
  endfacet
  facet normal -6.684108e-01 -7.437923e-01 -0.000000e+00
    outer loop
      vertex   -2.929215e+01 7.922692e+00 1.103993e+01
      vertex   -2.929215e+01 7.922692e+00 1.043993e+01
      vertex   -2.915591e+01 7.800265e+00 1.043993e+01
    endloop
  endfacet
  facet normal -6.684108e-01 -7.437923e-01 4.573182e-18
    outer loop
      vertex   -2.929215e+01 7.922692e+00 1.103993e+01
      vertex   -2.915591e+01 7.800265e+00 1.043993e+01
      vertex   -2.915591e+01 7.800265e+00 1.103993e+01
    endloop
  endfacet
  facet normal -5.894549e-01 -8.078013e-01 0.000000e+00
    outer loop
      vertex   -2.915591e+01 7.800265e+00 1.043993e+01
      vertex   -2.901935e+01 7.700613e+00 1.043993e+01
      vertex   -2.915591e+01 7.800265e+00 1.103993e+01
    endloop
  endfacet
  facet normal -5.894549e-01 -8.078013e-01 6.031850e-18
    outer loop
      vertex   -2.915591e+01 7.800265e+00 1.103993e+01
      vertex   -2.901935e+01 7.700613e+00 1.043993e+01
      vertex   -2.901935e+01 7.700613e+00 1.103993e+01
    endloop
  endfacet
  facet normal -5.416887e-01 -8.405792e-01 -0.000000e+00
    outer loop
      vertex   -2.901935e+01 7.700613e+00 1.103993e+01
      vertex   -2.901935e+01 7.700613e+00 1.043993e+01
      vertex   -2.887800e+01 7.609522e+00 1.043993e+01
    endloop
  endfacet
  facet normal -5.416887e-01 -8.405792e-01 -7.053602e-18
    outer loop
      vertex   -2.901935e+01 7.700613e+00 1.103993e+01
      vertex   -2.887800e+01 7.609522e+00 1.043993e+01
      vertex   -2.887800e+01 7.609522e+00 1.103993e+01
    endloop
  endfacet
  facet normal -4.508284e-01 -8.926106e-01 -0.000000e+00
    outer loop
      vertex   -2.887800e+01 7.609522e+00 1.103993e+01
      vertex   -2.887800e+01 7.609522e+00 1.043993e+01
      vertex   -2.872805e+01 7.533790e+00 1.043993e+01
    endloop
  endfacet
  facet normal -4.508284e-01 -8.926106e-01 -2.982712e-18
    outer loop
      vertex   -2.887800e+01 7.609522e+00 1.103993e+01
      vertex   -2.872805e+01 7.533790e+00 1.043993e+01
      vertex   -2.872805e+01 7.533790e+00 1.103993e+01
    endloop
  endfacet
  facet normal -3.881900e-01 -9.215794e-01 -0.000000e+00
    outer loop
      vertex   -2.872805e+01 7.533790e+00 1.103993e+01
      vertex   -2.872805e+01 7.533790e+00 1.043993e+01
      vertex   -2.857242e+01 7.468234e+00 1.043993e+01
    endloop
  endfacet
  facet normal -3.881900e-01 -9.215794e-01 -2.367439e-18
    outer loop
      vertex   -2.872805e+01 7.533790e+00 1.103993e+01
      vertex   -2.857242e+01 7.468234e+00 1.043993e+01
      vertex   -2.857242e+01 7.468234e+00 1.103993e+01
    endloop
  endfacet
  facet normal -1.000000e+00 0.000000e+00 0.000000e+00
    outer loop
      vertex   -2.857242e+01 7.468234e+00 1.043993e+01
      vertex   -2.857242e+01 6.845675e+00 1.043993e+01
      vertex   -2.857242e+01 7.468234e+00 1.103993e+01
    endloop
  endfacet
  facet normal -1.000000e+00 -0.000000e+00 0.000000e+00
    outer loop
      vertex   -2.857242e+01 7.468234e+00 1.103993e+01
      vertex   -2.857242e+01 6.845675e+00 1.043993e+01
      vertex   -2.857242e+01 6.845675e+00 1.103993e+01
    endloop
  endfacet
  facet normal 3.719435e-01 9.282554e-01 -0.000000e+00
    outer loop
      vertex   -2.857242e+01 6.845675e+00 1.043993e+01
      vertex   -2.881361e+01 6.942317e+00 1.043993e+01
      vertex   -2.857242e+01 6.845675e+00 1.103993e+01
    endloop
  endfacet
  facet normal 3.719435e-01 9.282554e-01 -4.756693e-18
    outer loop
      vertex   -2.857242e+01 6.845675e+00 1.103993e+01
      vertex   -2.881361e+01 6.942317e+00 1.043993e+01
      vertex   -2.881361e+01 6.942317e+00 1.103993e+01
    endloop
  endfacet
  facet normal 4.453845e-01 8.953394e-01 0.000000e+00
    outer loop
      vertex   -2.881361e+01 6.942317e+00 1.103993e+01
      vertex   -2.881361e+01 6.942317e+00 1.043993e+01
      vertex   -2.904417e+01 7.057012e+00 1.043993e+01
    endloop
  endfacet
  facet normal 4.453845e-01 8.953394e-01 5.135093e-18
    outer loop
      vertex   -2.881361e+01 6.942317e+00 1.103993e+01
      vertex   -2.904417e+01 7.057012e+00 1.043993e+01
      vertex   -2.904417e+01 7.057012e+00 1.103993e+01
    endloop
  endfacet
  facet normal 5.636305e-01 8.260270e-01 0.000000e+00
    outer loop
      vertex   -2.904417e+01 7.057012e+00 1.103993e+01
      vertex   -2.904417e+01 7.057012e+00 1.043993e+01
      vertex   -2.925684e+01 7.202124e+00 1.043993e+01
    endloop
  endfacet
  facet normal 5.636305e-01 8.260270e-01 -3.520882e-18
    outer loop
      vertex   -2.904417e+01 7.057012e+00 1.103993e+01
      vertex   -2.925684e+01 7.202124e+00 1.043993e+01
      vertex   -2.925684e+01 7.202124e+00 1.103993e+01
    endloop
  endfacet
  facet normal 6.296708e-01 7.768620e-01 0.000000e+00
    outer loop
      vertex   -2.925684e+01 7.202124e+00 1.103993e+01
      vertex   -2.925684e+01 7.202124e+00 1.043993e+01
      vertex   -2.945865e+01 7.365695e+00 1.043993e+01
    endloop
  endfacet
  facet normal 6.296708e-01 7.768620e-01 -1.769300e-17
    outer loop
      vertex   -2.925684e+01 7.202124e+00 1.103993e+01
      vertex   -2.945865e+01 7.365695e+00 1.043993e+01
      vertex   -2.945865e+01 7.365695e+00 1.103993e+01
    endloop
  endfacet
  facet normal -1.000000e+00 -1.374119e-15 0.000000e+00
    outer loop
      vertex   -2.945865e+01 7.365695e+00 1.043993e+01
      vertex   -2.945865e+01 4.780245e+00 1.043993e+01
      vertex   -2.945865e+01 7.365695e+00 1.103993e+01
    endloop
  endfacet
  facet normal -1.000000e+00 -1.374119e-15 0.000000e+00
    outer loop
      vertex   -2.945865e+01 7.365695e+00 1.103993e+01
      vertex   -2.945865e+01 4.780245e+00 1.043993e+01
      vertex   -2.945865e+01 4.780245e+00 1.103993e+01
    endloop
  endfacet
  facet normal -1.294654e-15 1.000000e+00 0.000000e+00
    outer loop
      vertex   -2.945865e+01 4.780245e+00 1.043993e+01
      vertex   -3.014468e+01 4.780245e+00 1.043993e+01
      vertex   -2.945865e+01 4.780245e+00 1.103993e+01
    endloop
  endfacet
  facet normal -1.294654e-15 1.000000e+00 0.000000e+00
    outer loop
      vertex   -2.945865e+01 4.780245e+00 1.103993e+01
      vertex   -3.014468e+01 4.780245e+00 1.043993e+01
      vertex   -3.014468e+01 4.780245e+00 1.103993e+01
    endloop
  endfacet
  facet normal 1.000000e+00 2.965744e-15 -0.000000e+00
    outer loop
      vertex   -3.014468e+01 4.780245e+00 1.043993e+01
      vertex   -3.014468e+01 8.373995e+00 1.043993e+01
      vertex   -3.014468e+01 4.780245e+00 1.103993e+01
    endloop
  endfacet
  facet normal 1.000000e+00 2.965744e-15 -1.463394e-30
    outer loop
      vertex   -3.014468e+01 4.780245e+00 1.103993e+01
      vertex   -3.014468e+01 8.373995e+00 1.043993e+01
      vertex   -3.014468e+01 8.373995e+00 1.103993e+01
    endloop
  endfacet
  facet normal -0.000000e+00 0.000000e+00 -1.000000e+00
    outer loop
      vertex   -2.945865e+01 4.780245e+00 1.103993e+01
      vertex   -3.014468e+01 4.780245e+00 1.103993e+01
      vertex   -2.945865e+01 7.365695e+00 1.103993e+01
    endloop
  endfacet
  facet normal -0.000000e+00 0.000000e+00 -1.000000e+00
    outer loop
      vertex   -2.945865e+01 7.365695e+00 1.103993e+01
      vertex   -3.014468e+01 4.780245e+00 1.103993e+01
      vertex   -3.014468e+01 8.373995e+00 1.103993e+01
    endloop
  endfacet
  facet normal 0.000000e+00 0.000000e+00 -1.000000e+00
    outer loop
      vertex   -2.945865e+01 7.365695e+00 1.103993e+01
      vertex   -3.014468e+01 8.373995e+00 1.103993e+01
      vertex   -2.958804e+01 8.373995e+00 1.103993e+01
    endloop
  endfacet
  facet normal 0.000000e+00 0.000000e+00 -1.000000e+00
    outer loop
      vertex   -2.958804e+01 8.373995e+00 1.103993e+01
      vertex   -2.950879e+01 8.209126e+00 1.103993e+01
      vertex   -2.945865e+01 7.365695e+00 1.103993e+01
    endloop
  endfacet
  facet normal 0.000000e+00 0.000000e+00 -1.000000e+00
    outer loop
      vertex   -2.945865e+01 7.365695e+00 1.103993e+01
      vertex   -2.950879e+01 8.209126e+00 1.103993e+01
      vertex   -2.941340e+01 8.056280e+00 1.103993e+01
    endloop
  endfacet
  facet normal 0.000000e+00 0.000000e+00 -1.000000e+00
    outer loop
      vertex   -2.945865e+01 7.365695e+00 1.103993e+01
      vertex   -2.941340e+01 8.056280e+00 1.103993e+01
      vertex   -2.929215e+01 7.922692e+00 1.103993e+01
    endloop
  endfacet
  facet normal 0.000000e+00 0.000000e+00 -1.000000e+00
    outer loop
      vertex   -2.945865e+01 7.365695e+00 1.103993e+01
      vertex   -2.929215e+01 7.922692e+00 1.103993e+01
      vertex   -2.925684e+01 7.202124e+00 1.103993e+01
    endloop
  endfacet
  facet normal 0.000000e+00 0.000000e+00 -1.000000e+00
    outer loop
      vertex   -2.925684e+01 7.202124e+00 1.103993e+01
      vertex   -2.929215e+01 7.922692e+00 1.103993e+01
      vertex   -2.915591e+01 7.800265e+00 1.103993e+01
    endloop
  endfacet
  facet normal 0.000000e+00 0.000000e+00 -1.000000e+00
    outer loop
      vertex   -2.925684e+01 7.202124e+00 1.103993e+01
      vertex   -2.915591e+01 7.800265e+00 1.103993e+01
      vertex   -2.901935e+01 7.700613e+00 1.103993e+01
    endloop
  endfacet
  facet normal 0.000000e+00 0.000000e+00 -1.000000e+00
    outer loop
      vertex   -2.925684e+01 7.202124e+00 1.103993e+01
      vertex   -2.901935e+01 7.700613e+00 1.103993e+01
      vertex   -2.904417e+01 7.057012e+00 1.103993e+01
    endloop
  endfacet
  facet normal 0.000000e+00 0.000000e+00 -1.000000e+00
    outer loop
      vertex   -2.904417e+01 7.057012e+00 1.103993e+01
      vertex   -2.901935e+01 7.700613e+00 1.103993e+01
      vertex   -2.887800e+01 7.609522e+00 1.103993e+01
    endloop
  endfacet
  facet normal 0.000000e+00 0.000000e+00 -1.000000e+00
    outer loop
      vertex   -2.904417e+01 7.057012e+00 1.103993e+01
      vertex   -2.887800e+01 7.609522e+00 1.103993e+01
      vertex   -2.881361e+01 6.942317e+00 1.103993e+01
    endloop
  endfacet
  facet normal 0.000000e+00 0.000000e+00 -1.000000e+00
    outer loop
      vertex   -2.881361e+01 6.942317e+00 1.103993e+01
      vertex   -2.887800e+01 7.609522e+00 1.103993e+01
      vertex   -2.872805e+01 7.533790e+00 1.103993e+01
    endloop
  endfacet
  facet normal 0.000000e+00 0.000000e+00 -1.000000e+00
    outer loop
      vertex   -2.881361e+01 6.942317e+00 1.103993e+01
      vertex   -2.872805e+01 7.533790e+00 1.103993e+01
      vertex   -2.857242e+01 7.468234e+00 1.103993e+01
    endloop
  endfacet
  facet normal 0.000000e+00 -0.000000e+00 -1.000000e+00
    outer loop
      vertex   -2.857242e+01 7.468234e+00 1.103993e+01
      vertex   -2.857242e+01 6.845675e+00 1.103993e+01
      vertex   -2.881361e+01 6.942317e+00 1.103993e+01
    endloop
  endfacet
  facet normal -3.535534e-01 6.123724e-01 7.071068e-01
    outer loop
      vertex   -3.200000e+01 1.223760e+01 1.913993e+01
      vertex   -4.000000e+01 7.618802e+00 1.913993e+01
      vertex   -3.200000e+01 1.189119e+01 1.943993e+01
    endloop
  endfacet
  facet normal -3.535534e-01 6.123724e-01 7.071068e-01
    outer loop
      vertex   -3.200000e+01 1.189119e+01 1.943993e+01
      vertex   -4.000000e+01 7.618802e+00 1.913993e+01
      vertex   -3.970000e+01 7.445597e+00 1.943993e+01
    endloop
  endfacet
  facet normal 3.535534e-01 -6.123724e-01 7.071068e-01
    outer loop
      vertex   -2.430000e+01 -1.445597e+00 1.943993e+01
      vertex   -3.200000e+01 -5.891194e+00 1.943993e+01
      vertex   -2.400000e+01 -1.618802e+00 1.913993e+01
    endloop
  endfacet
  facet normal 3.535534e-01 -6.123724e-01 7.071068e-01
    outer loop
      vertex   -2.400000e+01 -1.618802e+00 1.913993e+01
      vertex   -3.200000e+01 -5.891194e+00 1.943993e+01
      vertex   -3.200000e+01 -6.237604e+00 1.913993e+01
    endloop
  endfacet
  facet normal -7.071068e-01 1.087792e-15 7.071068e-01
    outer loop
      vertex   -4.000000e+01 7.618802e+00 1.913993e+01
      vertex   -4.000000e+01 -1.618802e+00 1.913993e+01
      vertex   -3.970000e+01 7.445597e+00 1.943993e+01
    endloop
  endfacet
  facet normal -7.071068e-01 1.130173e-15 7.071068e-01
    outer loop
      vertex   -3.970000e+01 7.445597e+00 1.943993e+01
      vertex   -4.000000e+01 -1.618802e+00 1.913993e+01
      vertex   -3.970000e+01 -1.445597e+00 1.943993e+01
    endloop
  endfacet
  facet normal -3.535534e-01 -6.123724e-01 7.071068e-01
    outer loop
      vertex   -3.970000e+01 -1.445597e+00 1.943993e+01
      vertex   -4.000000e+01 -1.618802e+00 1.913993e+01
      vertex   -3.200000e+01 -5.891194e+00 1.943993e+01
    endloop
  endfacet
  facet normal -3.535534e-01 -6.123724e-01 7.071068e-01
    outer loop
      vertex   -3.200000e+01 -5.891194e+00 1.943993e+01
      vertex   -4.000000e+01 -1.618802e+00 1.913993e+01
      vertex   -3.200000e+01 -6.237604e+00 1.913993e+01
    endloop
  endfacet
  facet normal 7.071068e-01 -2.825434e-16 7.071068e-01
    outer loop
      vertex   -2.430000e+01 -1.445597e+00 1.943993e+01
      vertex   -2.400000e+01 -1.618802e+00 1.913993e+01
      vertex   -2.430000e+01 7.445597e+00 1.943993e+01
    endloop
  endfacet
  facet normal 7.071068e-01 -2.703900e-16 7.071068e-01
    outer loop
      vertex   -2.430000e+01 7.445597e+00 1.943993e+01
      vertex   -2.400000e+01 -1.618802e+00 1.913993e+01
      vertex   -2.400000e+01 7.618802e+00 1.913993e+01
    endloop
  endfacet
  facet normal 3.535534e-01 6.123724e-01 7.071068e-01
    outer loop
      vertex   -2.430000e+01 7.445597e+00 1.943993e+01
      vertex   -2.400000e+01 7.618802e+00 1.913993e+01
      vertex   -3.200000e+01 1.189119e+01 1.943993e+01
    endloop
  endfacet
  facet normal 3.535534e-01 6.123724e-01 7.071068e-01
    outer loop
      vertex   -3.200000e+01 1.189119e+01 1.943993e+01
      vertex   -2.400000e+01 7.618802e+00 1.913993e+01
      vertex   -3.200000e+01 1.223760e+01 1.913993e+01
    endloop
  endfacet
  facet normal 5.000000e-01 8.660254e-01 0.000000e+00
    outer loop
      vertex   -3.200000e+01 1.223760e+01 1.913993e+01
      vertex   -2.400000e+01 7.618802e+00 1.913993e+01
      vertex   -3.200000e+01 1.223760e+01 1.043993e+01
    endloop
  endfacet
  facet normal 5.000000e-01 8.660254e-01 -3.370249e-17
    outer loop
      vertex   -3.200000e+01 1.223760e+01 1.043993e+01
      vertex   -2.400000e+01 7.618802e+00 1.913993e+01
      vertex   -2.400000e+01 7.618802e+00 1.043993e+01
    endloop
  endfacet
  facet normal 1.000000e+00 -3.845925e-16 6.815065e-16
    outer loop
      vertex   -2.400000e+01 -1.618802e+00 1.913993e+01
      vertex   -2.400000e+01 3.718605e+00 1.693895e+01
      vertex   -2.400000e+01 7.618802e+00 1.913993e+01
    endloop
  endfacet
  facet normal 1.000000e+00 0.000000e+00 0.000000e+00
    outer loop
      vertex   -2.400000e+01 7.618802e+00 1.913993e+01
      vertex   -2.400000e+01 3.718605e+00 1.693895e+01
      vertex   -2.400000e+01 3.843691e+00 1.693108e+01
    endloop
  endfacet
  facet normal 1.000000e+00 0.000000e+00 0.000000e+00
    outer loop
      vertex   -2.400000e+01 7.618802e+00 1.913993e+01
      vertex   -2.400000e+01 3.843691e+00 1.693108e+01
      vertex   -2.400000e+01 3.962890e+00 1.689235e+01
    endloop
  endfacet
  facet normal 1.000000e+00 -7.273428e-16 0.000000e+00
    outer loop
      vertex   -2.400000e+01 -1.618802e+00 1.043993e+01
      vertex   -2.400000e+01 3.265708e+00 1.631559e+01
      vertex   -2.400000e+01 -1.618802e+00 1.913993e+01
    endloop
  endfacet
  facet normal 1.000000e+00 -7.846597e-16 -9.912557e-17
    outer loop
      vertex   -2.400000e+01 -1.618802e+00 1.913993e+01
      vertex   -2.400000e+01 3.265708e+00 1.631559e+01
      vertex   -2.400000e+01 3.250000e+00 1.643993e+01
    endloop
  endfacet
  facet normal 1.000000e+00 -6.819170e-16 8.614615e-17
    outer loop
      vertex   -2.400000e+01 -1.618802e+00 1.913993e+01
      vertex   -2.400000e+01 3.250000e+00 1.643993e+01
      vertex   -2.400000e+01 3.265708e+00 1.656428e+01
    endloop
  endfacet
  facet normal 1.000000e+00 -3.845925e-16 -2.726760e-16
    outer loop
      vertex   -2.400000e+01 7.618802e+00 1.043993e+01
      vertex   -2.400000e+01 3.718605e+00 1.594092e+01
      vertex   -2.400000e+01 -1.618802e+00 1.043993e+01
    endloop
  endfacet
  facet normal 1.000000e+00 -1.039578e-16 -5.449657e-16
    outer loop
      vertex   -2.400000e+01 -1.618802e+00 1.043993e+01
      vertex   -2.400000e+01 3.718605e+00 1.594092e+01
      vertex   -2.400000e+01 3.595492e+00 1.596440e+01
    endloop
  endfacet
  facet normal 1.000000e+00 -2.095453e-16 -4.453064e-16
    outer loop
      vertex   -2.400000e+01 -1.618802e+00 1.043993e+01
      vertex   -2.400000e+01 3.595492e+00 1.596440e+01
      vertex   -2.400000e+01 3.482087e+00 1.601777e+01
    endloop
  endfacet
  facet normal 1.000000e+00 0.000000e+00 0.000000e+00
    outer loop
      vertex   -2.400000e+01 7.618802e+00 1.913993e+01
      vertex   -2.400000e+01 4.214888e+00 1.625587e+01
      vertex   -2.400000e+01 7.618802e+00 1.043993e+01
    endloop
  endfacet
  facet normal 1.000000e+00 0.000000e+00 0.000000e+00
    outer loop
      vertex   -2.400000e+01 7.618802e+00 1.043993e+01
      vertex   -2.400000e+01 4.214888e+00 1.625587e+01
      vertex   -2.400000e+01 4.154508e+00 1.614604e+01
    endloop
  endfacet
  facet normal 1.000000e+00 0.000000e+00 0.000000e+00
    outer loop
      vertex   -2.400000e+01 7.618802e+00 1.043993e+01
      vertex   -2.400000e+01 4.154508e+00 1.614604e+01
      vertex   -2.400000e+01 4.068712e+00 1.605468e+01
    endloop
  endfacet
  facet normal 1.000000e+00 -6.017179e-16 2.382370e-16
    outer loop
      vertex   -2.400000e+01 3.265708e+00 1.656428e+01
      vertex   -2.400000e+01 3.311847e+00 1.668081e+01
      vertex   -2.400000e+01 -1.618802e+00 1.913993e+01
    endloop
  endfacet
  facet normal 1.000000e+00 -5.288896e-16 3.842608e-16
    outer loop
      vertex   -2.400000e+01 -1.618802e+00 1.913993e+01
      vertex   -2.400000e+01 3.311847e+00 1.668081e+01
      vertex   -2.400000e+01 3.385516e+00 1.678221e+01
    endloop
  endfacet
  facet normal 1.000000e+00 -4.523261e-16 5.467683e-16
    outer loop
      vertex   -2.400000e+01 -1.618802e+00 1.913993e+01
      vertex   -2.400000e+01 3.385516e+00 1.678221e+01
      vertex   -2.400000e+01 3.482087e+00 1.686210e+01
    endloop
  endfacet
  facet normal 1.000000e+00 -3.573606e-16 7.594300e-16
    outer loop
      vertex   -2.400000e+01 3.482087e+00 1.686210e+01
      vertex   -2.400000e+01 3.595492e+00 1.691546e+01
      vertex   -2.400000e+01 -1.618802e+00 1.913993e+01
    endloop
  endfacet
  facet normal 1.000000e+00 -2.105264e-16 1.103618e-15
    outer loop
      vertex   -2.400000e+01 -1.618802e+00 1.913993e+01
      vertex   -2.400000e+01 3.595492e+00 1.691546e+01
      vertex   -2.400000e+01 3.718605e+00 1.693895e+01
    endloop
  endfacet
  facet normal 1.000000e+00 -0.000000e+00 0.000000e+00
    outer loop
      vertex   -2.400000e+01 3.962890e+00 1.689235e+01
      vertex   -2.400000e+01 4.068712e+00 1.682519e+01
      vertex   -2.400000e+01 7.618802e+00 1.913993e+01
    endloop
  endfacet
  facet normal 1.000000e+00 0.000000e+00 0.000000e+00
    outer loop
      vertex   -2.400000e+01 7.618802e+00 1.913993e+01
      vertex   -2.400000e+01 4.068712e+00 1.682519e+01
      vertex   -2.400000e+01 4.154508e+00 1.673382e+01
    endloop
  endfacet
  facet normal 1.000000e+00 0.000000e+00 0.000000e+00
    outer loop
      vertex   -2.400000e+01 7.618802e+00 1.913993e+01
      vertex   -2.400000e+01 4.154508e+00 1.673382e+01
      vertex   -2.400000e+01 4.214888e+00 1.662399e+01
    endloop
  endfacet
  facet normal 1.000000e+00 -0.000000e+00 0.000000e+00
    outer loop
      vertex   -2.400000e+01 4.214888e+00 1.662399e+01
      vertex   -2.400000e+01 4.246057e+00 1.650260e+01
      vertex   -2.400000e+01 7.618802e+00 1.913993e+01
    endloop
  endfacet
  facet normal 1.000000e+00 0.000000e+00 0.000000e+00
    outer loop
      vertex   -2.400000e+01 7.618802e+00 1.913993e+01
      vertex   -2.400000e+01 4.246057e+00 1.650260e+01
      vertex   -2.400000e+01 4.246057e+00 1.637727e+01
    endloop
  endfacet
  facet normal 1.000000e+00 0.000000e+00 0.000000e+00
    outer loop
      vertex   -2.400000e+01 7.618802e+00 1.913993e+01
      vertex   -2.400000e+01 4.246057e+00 1.637727e+01
      vertex   -2.400000e+01 4.214888e+00 1.625587e+01
    endloop
  endfacet
  facet normal 1.000000e+00 0.000000e+00 0.000000e+00
    outer loop
      vertex   -2.400000e+01 4.068712e+00 1.605468e+01
      vertex   -2.400000e+01 3.962890e+00 1.598752e+01
      vertex   -2.400000e+01 7.618802e+00 1.043993e+01
    endloop
  endfacet
  facet normal 1.000000e+00 0.000000e+00 0.000000e+00
    outer loop
      vertex   -2.400000e+01 7.618802e+00 1.043993e+01
      vertex   -2.400000e+01 3.962890e+00 1.598752e+01
      vertex   -2.400000e+01 3.843691e+00 1.594879e+01
    endloop
  endfacet
  facet normal 1.000000e+00 0.000000e+00 0.000000e+00
    outer loop
      vertex   -2.400000e+01 7.618802e+00 1.043993e+01
      vertex   -2.400000e+01 3.843691e+00 1.594879e+01
      vertex   -2.400000e+01 3.718605e+00 1.594092e+01
    endloop
  endfacet
  facet normal 1.000000e+00 -2.999758e-16 -3.626085e-16
    outer loop
      vertex   -2.400000e+01 3.482087e+00 1.601777e+01
      vertex   -2.400000e+01 3.385516e+00 1.609766e+01
      vertex   -2.400000e+01 -1.618802e+00 1.043993e+01
    endloop
  endfacet
  facet normal 1.000000e+00 -3.897700e-16 -2.831845e-16
    outer loop
      vertex   -2.400000e+01 -1.618802e+00 1.043993e+01
      vertex   -2.400000e+01 3.385516e+00 1.609766e+01
      vertex   -2.400000e+01 3.311847e+00 1.619906e+01
    endloop
  endfacet
  facet normal 1.000000e+00 -4.926902e-16 -1.950699e-16
    outer loop
      vertex   -2.400000e+01 -1.618802e+00 1.043993e+01
      vertex   -2.400000e+01 3.311847e+00 1.619906e+01
      vertex   -2.400000e+01 3.265708e+00 1.631559e+01
    endloop
  endfacet
  facet normal 5.000000e-01 -8.660254e-01 0.000000e+00
    outer loop
      vertex   -2.400000e+01 -1.618802e+00 1.913993e+01
      vertex   -3.200000e+01 -6.237604e+00 1.913993e+01
      vertex   -2.400000e+01 -1.618802e+00 1.043993e+01
    endloop
  endfacet
  facet normal 5.000000e-01 -8.660254e-01 -3.370249e-17
    outer loop
      vertex   -2.400000e+01 -1.618802e+00 1.043993e+01
      vertex   -3.200000e+01 -6.237604e+00 1.913993e+01
      vertex   -3.200000e+01 -6.237604e+00 1.043993e+01
    endloop
  endfacet
  facet normal 4.956609e-16 9.921147e-01 1.253332e-01
    outer loop
      vertex   -2.400000e+01 3.265708e+00 1.631559e+01
      vertex   -2.666667e+01 3.265708e+00 1.631559e+01
      vertex   -2.400000e+01 3.250000e+00 1.643993e+01
    endloop
  endfacet
  facet normal 6.608812e-16 9.921147e-01 1.253332e-01
    outer loop
      vertex   -2.400000e+01 3.250000e+00 1.643993e+01
      vertex   -2.666667e+01 3.265708e+00 1.631559e+01
      vertex   -2.666667e+01 3.250000e+00 1.643993e+01
    endloop
  endfacet
  facet normal 6.608812e-16 9.921147e-01 -1.253332e-01
    outer loop
      vertex   -2.400000e+01 3.250000e+00 1.643993e+01
      vertex   -2.666667e+01 3.250000e+00 1.643993e+01
      vertex   -2.400000e+01 3.265708e+00 1.656428e+01
    endloop
  endfacet
  facet normal 8.261014e-16 9.921147e-01 -1.253332e-01
    outer loop
      vertex   -2.400000e+01 3.265708e+00 1.656428e+01
      vertex   -2.666667e+01 3.250000e+00 1.643993e+01
      vertex   -2.666667e+01 3.265708e+00 1.656428e+01
    endloop
  endfacet
  facet normal 7.741944e-16 9.297765e-01 -3.681246e-01
    outer loop
      vertex   -2.400000e+01 3.265708e+00 1.656428e+01
      vertex   -2.666667e+01 3.265708e+00 1.656428e+01
      vertex   -2.400000e+01 3.311847e+00 1.668081e+01
    endloop
  endfacet
  facet normal 7.741944e-16 9.297765e-01 -3.681246e-01
    outer loop
      vertex   -2.400000e+01 3.311847e+00 1.668081e+01
      vertex   -2.666667e+01 3.265708e+00 1.656428e+01
      vertex   -2.666667e+01 3.311847e+00 1.668081e+01
    endloop
  endfacet
  facet normal 6.736420e-16 8.090170e-01 -5.877853e-01
    outer loop
      vertex   -2.400000e+01 3.311847e+00 1.668081e+01
      vertex   -2.666667e+01 3.311847e+00 1.668081e+01
      vertex   -2.400000e+01 3.385516e+00 1.678221e+01
    endloop
  endfacet
  facet normal 6.736420e-16 8.090170e-01 -5.877853e-01
    outer loop
      vertex   -2.400000e+01 3.385516e+00 1.678221e+01
      vertex   -2.666667e+01 3.311847e+00 1.668081e+01
      vertex   -2.666667e+01 3.385516e+00 1.678221e+01
    endloop
  endfacet
  facet normal 5.307621e-16 6.374240e-01 -7.705132e-01
    outer loop
      vertex   -2.400000e+01 3.385516e+00 1.678221e+01
      vertex   -2.666667e+01 3.385516e+00 1.678221e+01
      vertex   -2.400000e+01 3.482087e+00 1.686210e+01
    endloop
  endfacet
  facet normal 4.246097e-16 6.374240e-01 -7.705132e-01
    outer loop
      vertex   -2.400000e+01 3.482087e+00 1.686210e+01
      vertex   -2.666667e+01 3.385516e+00 1.678221e+01
      vertex   -2.666667e+01 3.482087e+00 1.686210e+01
    endloop
  endfacet
  facet normal 2.836260e-16 4.257793e-01 -9.048271e-01
    outer loop
      vertex   -2.400000e+01 3.482087e+00 1.686210e+01
      vertex   -2.666667e+01 3.482087e+00 1.686210e+01
      vertex   -2.400000e+01 3.595492e+00 1.691546e+01
    endloop
  endfacet
  facet normal 2.127195e-16 4.257793e-01 -9.048271e-01
    outer loop
      vertex   -2.400000e+01 3.595492e+00 1.691546e+01
      vertex   -2.666667e+01 3.482087e+00 1.686210e+01
      vertex   -2.666667e+01 3.595492e+00 1.691546e+01
    endloop
  endfacet
  facet normal 9.361577e-17 1.873813e-01 -9.822873e-01
    outer loop
      vertex   -2.400000e+01 3.595492e+00 1.691546e+01
      vertex   -2.666667e+01 3.595492e+00 1.691546e+01
      vertex   -2.400000e+01 3.718605e+00 1.693895e+01
    endloop
  endfacet
  facet normal 1.248210e-16 1.873813e-01 -9.822873e-01
    outer loop
      vertex   -2.400000e+01 3.718605e+00 1.693895e+01
      vertex   -2.666667e+01 3.595492e+00 1.691546e+01
      vertex   -2.666667e+01 3.718605e+00 1.693895e+01
    endloop
  endfacet
  facet normal -4.182689e-17 -6.279052e-02 -9.980267e-01
    outer loop
      vertex   -2.400000e+01 3.718605e+00 1.693895e+01
      vertex   -2.666667e+01 3.718605e+00 1.693895e+01
      vertex   -2.400000e+01 3.843691e+00 1.693108e+01
    endloop
  endfacet
  facet normal -4.182689e-17 -6.279052e-02 -9.980267e-01
    outer loop
      vertex   -2.400000e+01 3.843691e+00 1.693108e+01
      vertex   -2.666667e+01 3.718605e+00 1.693895e+01
      vertex   -2.666667e+01 3.843691e+00 1.693108e+01
    endloop
  endfacet
  facet normal -2.058467e-16 -3.090170e-01 -9.510565e-01
    outer loop
      vertex   -2.400000e+01 3.843691e+00 1.693108e+01
      vertex   -2.666667e+01 3.843691e+00 1.693108e+01
      vertex   -2.400000e+01 3.962890e+00 1.689235e+01
    endloop
  endfacet
  facet normal -2.058467e-16 -3.090170e-01 -9.510565e-01
    outer loop
      vertex   -2.400000e+01 3.962890e+00 1.689235e+01
      vertex   -2.666667e+01 3.843691e+00 1.693108e+01
      vertex   -2.666667e+01 3.962890e+00 1.689235e+01
    endloop
  endfacet
  facet normal -3.569323e-16 -5.358268e-01 -8.443279e-01
    outer loop
      vertex   -2.400000e+01 3.962890e+00 1.689235e+01
      vertex   -2.666667e+01 3.962890e+00 1.689235e+01
      vertex   -2.400000e+01 4.068712e+00 1.682519e+01
    endloop
  endfacet
  facet normal -1.784662e-16 -5.358268e-01 -8.443279e-01
    outer loop
      vertex   -2.400000e+01 4.068712e+00 1.682519e+01
      vertex   -2.666667e+01 3.962890e+00 1.689235e+01
      vertex   -2.666667e+01 4.068712e+00 1.682519e+01
    endloop
  endfacet
  facet normal -2.427953e-16 -7.289686e-01 -6.845471e-01
    outer loop
      vertex   -2.400000e+01 4.068712e+00 1.682519e+01
      vertex   -2.666667e+01 4.068712e+00 1.682519e+01
      vertex   -2.400000e+01 4.154508e+00 1.673382e+01
    endloop
  endfacet
  facet normal -2.427953e-16 -7.289686e-01 -6.845471e-01
    outer loop
      vertex   -2.400000e+01 4.154508e+00 1.673382e+01
      vertex   -2.666667e+01 4.068712e+00 1.682519e+01
      vertex   -2.666667e+01 4.154508e+00 1.673382e+01
    endloop
  endfacet
  facet normal -2.918688e-16 -8.763067e-01 -4.817537e-01
    outer loop
      vertex   -2.400000e+01 4.154508e+00 1.673382e+01
      vertex   -2.666667e+01 4.154508e+00 1.673382e+01
      vertex   -2.400000e+01 4.214888e+00 1.662399e+01
    endloop
  endfacet
  facet normal -5.837375e-16 -8.763067e-01 -4.817537e-01
    outer loop
      vertex   -2.400000e+01 4.214888e+00 1.662399e+01
      vertex   -2.666667e+01 4.154508e+00 1.673382e+01
      vertex   -2.666667e+01 4.214888e+00 1.662399e+01
    endloop
  endfacet
  facet normal -6.452060e-16 -9.685832e-01 -2.486899e-01
    outer loop
      vertex   -2.400000e+01 4.214888e+00 1.662399e+01
      vertex   -2.666667e+01 4.214888e+00 1.662399e+01
      vertex   -2.400000e+01 4.246057e+00 1.650260e+01
    endloop
  endfacet
  facet normal -6.452060e-16 -9.685832e-01 -2.486899e-01
    outer loop
      vertex   -2.400000e+01 4.246057e+00 1.650260e+01
      vertex   -2.666667e+01 4.214888e+00 1.662399e+01
      vertex   -2.666667e+01 4.246057e+00 1.650260e+01
    endloop
  endfacet
  facet normal -6.661338e-16 -1.000000e+00 7.086536e-15
    outer loop
      vertex   -2.400000e+01 4.246057e+00 1.650260e+01
      vertex   -2.666667e+01 4.246057e+00 1.650260e+01
      vertex   -2.400000e+01 4.246057e+00 1.637727e+01
    endloop
  endfacet
  facet normal -9.992007e-16 -1.000000e+00 0.000000e+00
    outer loop
      vertex   -2.400000e+01 4.246057e+00 1.637727e+01
      vertex   -2.666667e+01 4.246057e+00 1.650260e+01
      vertex   -2.666667e+01 4.246057e+00 1.637727e+01
    endloop
  endfacet
  facet normal -9.678090e-16 -9.685832e-01 2.486899e-01
    outer loop
      vertex   -2.400000e+01 4.246057e+00 1.637727e+01
      vertex   -2.666667e+01 4.246057e+00 1.637727e+01
      vertex   -2.400000e+01 4.214888e+00 1.625587e+01
    endloop
  endfacet
  facet normal -9.678090e-16 -9.685832e-01 2.486899e-01
    outer loop
      vertex   -2.400000e+01 4.214888e+00 1.625587e+01
      vertex   -2.666667e+01 4.246057e+00 1.637727e+01
      vertex   -2.666667e+01 4.214888e+00 1.625587e+01
    endloop
  endfacet
  facet normal -8.756063e-16 -8.763067e-01 4.817537e-01
    outer loop
      vertex   -2.400000e+01 4.214888e+00 1.625587e+01
      vertex   -2.666667e+01 4.214888e+00 1.625587e+01
      vertex   -2.400000e+01 4.154508e+00 1.614604e+01
    endloop
  endfacet
  facet normal -2.918688e-16 -8.763067e-01 4.817537e-01
    outer loop
      vertex   -2.400000e+01 4.154508e+00 1.614604e+01
      vertex   -2.666667e+01 4.214888e+00 1.625587e+01
      vertex   -2.666667e+01 4.154508e+00 1.614604e+01
    endloop
  endfacet
  facet normal -2.427953e-16 -7.289686e-01 6.845471e-01
    outer loop
      vertex   -2.400000e+01 4.154508e+00 1.614604e+01
      vertex   -2.666667e+01 4.154508e+00 1.614604e+01
      vertex   -2.400000e+01 4.068712e+00 1.605468e+01
    endloop
  endfacet
  facet normal -2.427953e-16 -7.289686e-01 6.845471e-01
    outer loop
      vertex   -2.400000e+01 4.068712e+00 1.605468e+01
      vertex   -2.666667e+01 4.154508e+00 1.614604e+01
      vertex   -2.666667e+01 4.068712e+00 1.605468e+01
    endloop
  endfacet
  facet normal -1.784662e-16 -5.358268e-01 8.443279e-01
    outer loop
      vertex   -2.400000e+01 4.068712e+00 1.605468e+01
      vertex   -2.666667e+01 4.068712e+00 1.605468e+01
      vertex   -2.400000e+01 3.962890e+00 1.598752e+01
    endloop
  endfacet
  facet normal -4.461654e-16 -5.358268e-01 8.443279e-01
    outer loop
      vertex   -2.400000e+01 3.962890e+00 1.598752e+01
      vertex   -2.666667e+01 4.068712e+00 1.605468e+01
      vertex   -2.666667e+01 3.962890e+00 1.598752e+01
    endloop
  endfacet
  facet normal -2.573083e-16 -3.090170e-01 9.510565e-01
    outer loop
      vertex   -2.400000e+01 3.962890e+00 1.598752e+01
      vertex   -2.666667e+01 3.962890e+00 1.598752e+01
      vertex   -2.400000e+01 3.843691e+00 1.594879e+01
    endloop
  endfacet
  facet normal 4.276842e-16 -3.090170e-01 9.510565e-01
    outer loop
      vertex   -2.400000e+01 3.843691e+00 1.594879e+01
      vertex   -2.666667e+01 3.962890e+00 1.598752e+01
      vertex   -2.666667e+01 3.843691e+00 1.594879e+01
    endloop
  endfacet
  facet normal 6.229925e-16 -6.279052e-02 9.980267e-01
    outer loop
      vertex   -2.400000e+01 3.843691e+00 1.594879e+01
      vertex   -2.666667e+01 3.843691e+00 1.594879e+01
      vertex   -2.400000e+01 3.718605e+00 1.594092e+01
    endloop
  endfacet
  facet normal -4.182689e-17 -6.279052e-02 9.980267e-01
    outer loop
      vertex   -2.400000e+01 3.718605e+00 1.594092e+01
      vertex   -2.666667e+01 3.843691e+00 1.594879e+01
      vertex   -2.666667e+01 3.718605e+00 1.594092e+01
    endloop
  endfacet
  facet normal 1.248210e-16 1.873813e-01 9.822873e-01
    outer loop
      vertex   -2.400000e+01 3.718605e+00 1.594092e+01
      vertex   -2.666667e+01 3.718605e+00 1.594092e+01
      vertex   -2.400000e+01 3.595492e+00 1.596440e+01
    endloop
  endfacet
  facet normal 9.361577e-17 1.873813e-01 9.822873e-01
    outer loop
      vertex   -2.400000e+01 3.595492e+00 1.596440e+01
      vertex   -2.666667e+01 3.718605e+00 1.594092e+01
      vertex   -2.666667e+01 3.595492e+00 1.596440e+01
    endloop
  endfacet
  facet normal 2.127195e-16 4.257793e-01 9.048271e-01
    outer loop
      vertex   -2.400000e+01 3.595492e+00 1.596440e+01
      vertex   -2.666667e+01 3.595492e+00 1.596440e+01
      vertex   -2.400000e+01 3.482087e+00 1.601777e+01
    endloop
  endfacet
  facet normal 2.836260e-16 4.257793e-01 9.048271e-01
    outer loop
      vertex   -2.400000e+01 3.482087e+00 1.601777e+01
      vertex   -2.666667e+01 3.595492e+00 1.596440e+01
      vertex   -2.666667e+01 3.482087e+00 1.601777e+01
    endloop
  endfacet
  facet normal 4.246097e-16 6.374240e-01 7.705132e-01
    outer loop
      vertex   -2.400000e+01 3.482087e+00 1.601777e+01
      vertex   -2.666667e+01 3.482087e+00 1.601777e+01
      vertex   -2.400000e+01 3.385516e+00 1.609766e+01
    endloop
  endfacet
  facet normal 5.307621e-16 6.374240e-01 7.705132e-01
    outer loop
      vertex   -2.400000e+01 3.385516e+00 1.609766e+01
      vertex   -2.666667e+01 3.482087e+00 1.601777e+01
      vertex   -2.666667e+01 3.385516e+00 1.609766e+01
    endloop
  endfacet
  facet normal 6.736420e-16 8.090170e-01 5.877853e-01
    outer loop
      vertex   -2.400000e+01 3.385516e+00 1.609766e+01
      vertex   -2.666667e+01 3.385516e+00 1.609766e+01
      vertex   -2.400000e+01 3.311847e+00 1.619906e+01
    endloop
  endfacet
  facet normal 6.736420e-16 8.090170e-01 5.877853e-01
    outer loop
      vertex   -2.400000e+01 3.311847e+00 1.619906e+01
      vertex   -2.666667e+01 3.385516e+00 1.609766e+01
      vertex   -2.666667e+01 3.311847e+00 1.619906e+01
    endloop
  endfacet
  facet normal 7.741944e-16 9.297765e-01 3.681246e-01
    outer loop
      vertex   -2.400000e+01 3.311847e+00 1.619906e+01
      vertex   -2.666667e+01 3.311847e+00 1.619906e+01
      vertex   -2.400000e+01 3.265708e+00 1.631559e+01
    endloop
  endfacet
  facet normal 4.645167e-16 9.297765e-01 3.681246e-01
    outer loop
      vertex   -2.400000e+01 3.265708e+00 1.631559e+01
      vertex   -2.666667e+01 3.311847e+00 1.619906e+01
      vertex   -2.666667e+01 3.265708e+00 1.631559e+01
    endloop
  endfacet
  facet normal 6.608812e-16 9.921147e-01 -1.253332e-01
    outer loop
      vertex   -4.000000e+01 3.265708e+00 1.656428e+01
      vertex   -3.733333e+01 3.265708e+00 1.656428e+01
      vertex   -4.000000e+01 3.250000e+00 1.643993e+01
    endloop
  endfacet
  facet normal 6.608812e-16 9.921147e-01 -1.253332e-01
    outer loop
      vertex   -4.000000e+01 3.250000e+00 1.643993e+01
      vertex   -3.733333e+01 3.265708e+00 1.656428e+01
      vertex   -3.733333e+01 3.250000e+00 1.643993e+01
    endloop
  endfacet
  facet normal 6.608812e-16 9.921147e-01 1.253332e-01
    outer loop
      vertex   -4.000000e+01 3.250000e+00 1.643993e+01
      vertex   -3.733333e+01 3.250000e+00 1.643993e+01
      vertex   -4.000000e+01 3.265708e+00 1.631559e+01
    endloop
  endfacet
  facet normal 4.956609e-16 9.921147e-01 1.253332e-01
    outer loop
      vertex   -4.000000e+01 3.265708e+00 1.631559e+01
      vertex   -3.733333e+01 3.250000e+00 1.643993e+01
      vertex   -3.733333e+01 3.265708e+00 1.631559e+01
    endloop
  endfacet
  facet normal 4.645167e-16 9.297765e-01 3.681246e-01
    outer loop
      vertex   -4.000000e+01 3.265708e+00 1.631559e+01
      vertex   -3.733333e+01 3.265708e+00 1.631559e+01
      vertex   -4.000000e+01 3.311847e+00 1.619906e+01
    endloop
  endfacet
  facet normal 4.645167e-16 9.297765e-01 3.681246e-01
    outer loop
      vertex   -4.000000e+01 3.311847e+00 1.619906e+01
      vertex   -3.733333e+01 3.265708e+00 1.631559e+01
      vertex   -3.733333e+01 3.311847e+00 1.619906e+01
    endloop
  endfacet
  facet normal 4.041852e-16 8.090170e-01 5.877853e-01
    outer loop
      vertex   -4.000000e+01 3.311847e+00 1.619906e+01
      vertex   -3.733333e+01 3.311847e+00 1.619906e+01
      vertex   -4.000000e+01 3.385516e+00 1.609766e+01
    endloop
  endfacet
  facet normal 2.694568e-16 8.090170e-01 5.877853e-01
    outer loop
      vertex   -4.000000e+01 3.385516e+00 1.609766e+01
      vertex   -3.733333e+01 3.311847e+00 1.619906e+01
      vertex   -3.733333e+01 3.385516e+00 1.609766e+01
    endloop
  endfacet
  facet normal 2.123048e-16 6.374240e-01 7.705132e-01
    outer loop
      vertex   -4.000000e+01 3.385516e+00 1.609766e+01
      vertex   -3.733333e+01 3.385516e+00 1.609766e+01
      vertex   -4.000000e+01 3.482087e+00 1.601777e+01
    endloop
  endfacet
  facet normal 4.246097e-16 6.374240e-01 7.705132e-01
    outer loop
      vertex   -4.000000e+01 3.482087e+00 1.601777e+01
      vertex   -3.733333e+01 3.385516e+00 1.609766e+01
      vertex   -3.733333e+01 3.482087e+00 1.601777e+01
    endloop
  endfacet
  facet normal 2.836260e-16 4.257793e-01 9.048271e-01
    outer loop
      vertex   -4.000000e+01 3.482087e+00 1.601777e+01
      vertex   -3.733333e+01 3.482087e+00 1.601777e+01
      vertex   -4.000000e+01 3.595492e+00 1.596440e+01
    endloop
  endfacet
  facet normal 2.836260e-16 4.257793e-01 9.048271e-01
    outer loop
      vertex   -4.000000e+01 3.595492e+00 1.596440e+01
      vertex   -3.733333e+01 3.482087e+00 1.601777e+01
      vertex   -3.733333e+01 3.595492e+00 1.596440e+01
    endloop
  endfacet
  facet normal 1.248210e-16 1.873813e-01 9.822873e-01
    outer loop
      vertex   -4.000000e+01 3.595492e+00 1.596440e+01
      vertex   -3.733333e+01 3.595492e+00 1.596440e+01
      vertex   -4.000000e+01 3.718605e+00 1.594092e+01
    endloop
  endfacet
  facet normal 1.248210e-16 1.873813e-01 9.822873e-01
    outer loop
      vertex   -4.000000e+01 3.718605e+00 1.594092e+01
      vertex   -3.733333e+01 3.595492e+00 1.596440e+01
      vertex   -3.733333e+01 3.718605e+00 1.594092e+01
    endloop
  endfacet
  facet normal -4.182689e-17 -6.279052e-02 9.980267e-01
    outer loop
      vertex   -4.000000e+01 3.718605e+00 1.594092e+01
      vertex   -3.733333e+01 3.718605e+00 1.594092e+01
      vertex   -4.000000e+01 3.843691e+00 1.594879e+01
    endloop
  endfacet
  facet normal -4.182689e-17 -6.279052e-02 9.980267e-01
    outer loop
      vertex   -4.000000e+01 3.843691e+00 1.594879e+01
      vertex   -3.733333e+01 3.718605e+00 1.594092e+01
      vertex   -3.733333e+01 3.843691e+00 1.594879e+01
    endloop
  endfacet
  facet normal -2.058467e-16 -3.090170e-01 9.510565e-01
    outer loop
      vertex   -4.000000e+01 3.843691e+00 1.594879e+01
      vertex   -3.733333e+01 3.843691e+00 1.594879e+01
      vertex   -4.000000e+01 3.962890e+00 1.598752e+01
    endloop
  endfacet
  facet normal -1.029233e-16 -3.090170e-01 9.510565e-01
    outer loop
      vertex   -4.000000e+01 3.962890e+00 1.598752e+01
      vertex   -3.733333e+01 3.843691e+00 1.594879e+01
      vertex   -3.733333e+01 3.962890e+00 1.598752e+01
    endloop
  endfacet
  facet normal -1.784662e-16 -5.358268e-01 8.443279e-01
    outer loop
      vertex   -4.000000e+01 3.962890e+00 1.598752e+01
      vertex   -3.733333e+01 3.962890e+00 1.598752e+01
      vertex   -4.000000e+01 4.068712e+00 1.605468e+01
    endloop
  endfacet
  facet normal -3.569323e-16 -5.358268e-01 8.443279e-01
    outer loop
      vertex   -4.000000e+01 4.068712e+00 1.605468e+01
      vertex   -3.733333e+01 3.962890e+00 1.598752e+01
      vertex   -3.733333e+01 4.068712e+00 1.605468e+01
    endloop
  endfacet
  facet normal -4.855907e-16 -7.289686e-01 6.845471e-01
    outer loop
      vertex   -4.000000e+01 4.068712e+00 1.605468e+01
      vertex   -3.733333e+01 4.068712e+00 1.605468e+01
      vertex   -4.000000e+01 4.154508e+00 1.614604e+01
    endloop
  endfacet
  facet normal -7.283860e-16 -7.289686e-01 6.845471e-01
    outer loop
      vertex   -4.000000e+01 4.154508e+00 1.614604e+01
      vertex   -3.733333e+01 4.068712e+00 1.605468e+01
      vertex   -3.733333e+01 4.154508e+00 1.614604e+01
    endloop
  endfacet
  facet normal -8.756063e-16 -8.763067e-01 4.817537e-01
    outer loop
      vertex   -4.000000e+01 4.154508e+00 1.614604e+01
      vertex   -3.733333e+01 4.154508e+00 1.614604e+01
      vertex   -4.000000e+01 4.214888e+00 1.625587e+01
    endloop
  endfacet
  facet normal -5.837375e-16 -8.763067e-01 4.817537e-01
    outer loop
      vertex   -4.000000e+01 4.214888e+00 1.625587e+01
      vertex   -3.733333e+01 4.154508e+00 1.614604e+01
      vertex   -3.733333e+01 4.214888e+00 1.625587e+01
    endloop
  endfacet
  facet normal -6.452060e-16 -9.685832e-01 2.486899e-01
    outer loop
      vertex   -4.000000e+01 4.214888e+00 1.625587e+01
      vertex   -3.733333e+01 4.214888e+00 1.625587e+01
      vertex   -4.000000e+01 4.246057e+00 1.637727e+01
    endloop
  endfacet
  facet normal -6.452060e-16 -9.685832e-01 2.486899e-01
    outer loop
      vertex   -4.000000e+01 4.246057e+00 1.637727e+01
      vertex   -3.733333e+01 4.214888e+00 1.625587e+01
      vertex   -3.733333e+01 4.246057e+00 1.637727e+01
    endloop
  endfacet
  facet normal -6.661338e-16 -1.000000e+00 -7.086536e-15
    outer loop
      vertex   -4.000000e+01 4.246057e+00 1.637727e+01
      vertex   -3.733333e+01 4.246057e+00 1.637727e+01
      vertex   -4.000000e+01 4.246057e+00 1.650260e+01
    endloop
  endfacet
  facet normal -6.661338e-16 -1.000000e+00 -7.086536e-15
    outer loop
      vertex   -4.000000e+01 4.246057e+00 1.650260e+01
      vertex   -3.733333e+01 4.246057e+00 1.637727e+01
      vertex   -3.733333e+01 4.246057e+00 1.650260e+01
    endloop
  endfacet
  facet normal -6.452060e-16 -9.685832e-01 -2.486899e-01
    outer loop
      vertex   -4.000000e+01 4.246057e+00 1.650260e+01
      vertex   -3.733333e+01 4.246057e+00 1.650260e+01
      vertex   -4.000000e+01 4.214888e+00 1.662399e+01
    endloop
  endfacet
  facet normal -3.226030e-16 -9.685832e-01 -2.486899e-01
    outer loop
      vertex   -4.000000e+01 4.214888e+00 1.662399e+01
      vertex   -3.733333e+01 4.246057e+00 1.650260e+01
      vertex   -3.733333e+01 4.214888e+00 1.662399e+01
    endloop
  endfacet
  facet normal -2.918688e-16 -8.763067e-01 -4.817537e-01
    outer loop
      vertex   -4.000000e+01 4.214888e+00 1.662399e+01
      vertex   -3.733333e+01 4.214888e+00 1.662399e+01
      vertex   -4.000000e+01 4.154508e+00 1.673382e+01
    endloop
  endfacet
  facet normal -8.756063e-16 -8.763067e-01 -4.817537e-01
    outer loop
      vertex   -4.000000e+01 4.154508e+00 1.673382e+01
      vertex   -3.733333e+01 4.214888e+00 1.662399e+01
      vertex   -3.733333e+01 4.154508e+00 1.673382e+01
    endloop
  endfacet
  facet normal -7.283860e-16 -7.289686e-01 -6.845471e-01
    outer loop
      vertex   -4.000000e+01 4.154508e+00 1.673382e+01
      vertex   -3.733333e+01 4.154508e+00 1.673382e+01
      vertex   -4.000000e+01 4.068712e+00 1.682519e+01
    endloop
  endfacet
  facet normal -4.855907e-16 -7.289686e-01 -6.845471e-01
    outer loop
      vertex   -4.000000e+01 4.068712e+00 1.682519e+01
      vertex   -3.733333e+01 4.154508e+00 1.673382e+01
      vertex   -3.733333e+01 4.068712e+00 1.682519e+01
    endloop
  endfacet
  facet normal -3.569323e-16 -5.358268e-01 -8.443279e-01
    outer loop
      vertex   -4.000000e+01 4.068712e+00 1.682519e+01
      vertex   -3.733333e+01 4.068712e+00 1.682519e+01
      vertex   -4.000000e+01 3.962890e+00 1.689235e+01
    endloop
  endfacet
  facet normal -1.784662e-16 -5.358268e-01 -8.443279e-01
    outer loop
      vertex   -4.000000e+01 3.962890e+00 1.689235e+01
      vertex   -3.733333e+01 4.068712e+00 1.682519e+01
      vertex   -3.733333e+01 3.962890e+00 1.689235e+01
    endloop
  endfacet
  facet normal -1.029233e-16 -3.090170e-01 -9.510565e-01
    outer loop
      vertex   -4.000000e+01 3.962890e+00 1.689235e+01
      vertex   -3.733333e+01 3.962890e+00 1.689235e+01
      vertex   -4.000000e+01 3.843691e+00 1.693108e+01
    endloop
  endfacet
  facet normal -1.472908e-15 -3.090170e-01 -9.510565e-01
    outer loop
      vertex   -4.000000e+01 3.843691e+00 1.693108e+01
      vertex   -3.733333e+01 3.962890e+00 1.689235e+01
      vertex   -3.733333e+01 3.843691e+00 1.693108e+01
    endloop
  endfacet
  facet normal -1.371466e-15 -6.279052e-02 -9.980267e-01
    outer loop
      vertex   -4.000000e+01 3.843691e+00 1.693108e+01
      vertex   -3.733333e+01 3.843691e+00 1.693108e+01
      vertex   -4.000000e+01 3.718605e+00 1.693895e+01
    endloop
  endfacet
  facet normal -4.182689e-17 -6.279052e-02 -9.980267e-01
    outer loop
      vertex   -4.000000e+01 3.718605e+00 1.693895e+01
      vertex   -3.733333e+01 3.843691e+00 1.693108e+01
      vertex   -3.733333e+01 3.718605e+00 1.693895e+01
    endloop
  endfacet
  facet normal 1.248210e-16 1.873813e-01 -9.822873e-01
    outer loop
      vertex   -4.000000e+01 3.718605e+00 1.693895e+01
      vertex   -3.733333e+01 3.718605e+00 1.693895e+01
      vertex   -4.000000e+01 3.595492e+00 1.691546e+01
    endloop
  endfacet
  facet normal 1.248210e-16 1.873813e-01 -9.822873e-01
    outer loop
      vertex   -4.000000e+01 3.595492e+00 1.691546e+01
      vertex   -3.733333e+01 3.718605e+00 1.693895e+01
      vertex   -3.733333e+01 3.595492e+00 1.691546e+01
    endloop
  endfacet
  facet normal 2.836260e-16 4.257793e-01 -9.048271e-01
    outer loop
      vertex   -4.000000e+01 3.595492e+00 1.691546e+01
      vertex   -3.733333e+01 3.595492e+00 1.691546e+01
      vertex   -4.000000e+01 3.482087e+00 1.686210e+01
    endloop
  endfacet
  facet normal 2.836260e-16 4.257793e-01 -9.048271e-01
    outer loop
      vertex   -4.000000e+01 3.482087e+00 1.686210e+01
      vertex   -3.733333e+01 3.595492e+00 1.691546e+01
      vertex   -3.733333e+01 3.482087e+00 1.686210e+01
    endloop
  endfacet
  facet normal 4.246097e-16 6.374240e-01 -7.705132e-01
    outer loop
      vertex   -4.000000e+01 3.482087e+00 1.686210e+01
      vertex   -3.733333e+01 3.482087e+00 1.686210e+01
      vertex   -4.000000e+01 3.385516e+00 1.678221e+01
    endloop
  endfacet
  facet normal 3.184573e-16 6.374240e-01 -7.705132e-01
    outer loop
      vertex   -4.000000e+01 3.385516e+00 1.678221e+01
      vertex   -3.733333e+01 3.482087e+00 1.686210e+01
      vertex   -3.733333e+01 3.385516e+00 1.678221e+01
    endloop
  endfacet
  facet normal 4.041852e-16 8.090170e-01 -5.877853e-01
    outer loop
      vertex   -4.000000e+01 3.385516e+00 1.678221e+01
      vertex   -3.733333e+01 3.385516e+00 1.678221e+01
      vertex   -4.000000e+01 3.311847e+00 1.668081e+01
    endloop
  endfacet
  facet normal 4.041852e-16 8.090170e-01 -5.877853e-01
    outer loop
      vertex   -4.000000e+01 3.311847e+00 1.668081e+01
      vertex   -3.733333e+01 3.385516e+00 1.678221e+01
      vertex   -3.733333e+01 3.311847e+00 1.668081e+01
    endloop
  endfacet
  facet normal 4.645167e-16 9.297765e-01 -3.681246e-01
    outer loop
      vertex   -4.000000e+01 3.311847e+00 1.668081e+01
      vertex   -3.733333e+01 3.311847e+00 1.668081e+01
      vertex   -4.000000e+01 3.265708e+00 1.656428e+01
    endloop
  endfacet
  facet normal 6.193556e-16 9.297765e-01 -3.681246e-01
    outer loop
      vertex   -4.000000e+01 3.265708e+00 1.656428e+01
      vertex   -3.733333e+01 3.311847e+00 1.668081e+01
      vertex   -3.733333e+01 3.265708e+00 1.656428e+01
    endloop
  endfacet
  facet normal 3.304406e-16 9.921147e-01 -1.253332e-01
    outer loop
      vertex   -2.666667e+01 3.250000e+00 1.643993e+01
      vertex   -2.933333e+01 3.250000e+00 1.643993e+01
      vertex   -2.666667e+01 3.265708e+00 1.656428e+01
    endloop
  endfacet
  facet normal 1.652203e-16 9.921147e-01 -1.253332e-01
    outer loop
      vertex   -2.666667e+01 3.265708e+00 1.656428e+01
      vertex   -2.933333e+01 3.250000e+00 1.643993e+01
      vertex   -2.933333e+01 3.265708e+00 1.656428e+01
    endloop
  endfacet
  facet normal 1.548389e-16 9.297765e-01 -3.681246e-01
    outer loop
      vertex   -2.666667e+01 3.265708e+00 1.656428e+01
      vertex   -2.933333e+01 3.265708e+00 1.656428e+01
      vertex   -2.666667e+01 3.311847e+00 1.668081e+01
    endloop
  endfacet
  facet normal 3.096778e-16 9.297765e-01 -3.681246e-01
    outer loop
      vertex   -2.666667e+01 3.311847e+00 1.668081e+01
      vertex   -2.933333e+01 3.265708e+00 1.656428e+01
      vertex   -2.933333e+01 3.311847e+00 1.668081e+01
    endloop
  endfacet
  facet normal 2.694568e-16 8.090170e-01 -5.877853e-01
    outer loop
      vertex   -2.666667e+01 3.311847e+00 1.668081e+01
      vertex   -2.933333e+01 3.311847e+00 1.668081e+01
      vertex   -2.666667e+01 3.385516e+00 1.678221e+01
    endloop
  endfacet
  facet normal 4.041852e-16 8.090170e-01 -5.877853e-01
    outer loop
      vertex   -2.666667e+01 3.385516e+00 1.678221e+01
      vertex   -2.933333e+01 3.311847e+00 1.668081e+01
      vertex   -2.933333e+01 3.385516e+00 1.678221e+01
    endloop
  endfacet
  facet normal 3.184573e-16 6.374240e-01 -7.705132e-01
    outer loop
      vertex   -2.666667e+01 3.385516e+00 1.678221e+01
      vertex   -2.933333e+01 3.385516e+00 1.678221e+01
      vertex   -2.666667e+01 3.482087e+00 1.686210e+01
    endloop
  endfacet
  facet normal 2.123048e-16 6.374240e-01 -7.705132e-01
    outer loop
      vertex   -2.666667e+01 3.482087e+00 1.686210e+01
      vertex   -2.933333e+01 3.385516e+00 1.678221e+01
      vertex   -2.933333e+01 3.482087e+00 1.686210e+01
    endloop
  endfacet
  facet normal 1.418130e-16 4.257793e-01 -9.048271e-01
    outer loop
      vertex   -2.666667e+01 3.482087e+00 1.686210e+01
      vertex   -2.933333e+01 3.482087e+00 1.686210e+01
      vertex   -2.666667e+01 3.595492e+00 1.691546e+01
    endloop
  endfacet
  facet normal 2.127195e-16 4.257793e-01 -9.048271e-01
    outer loop
      vertex   -2.666667e+01 3.595492e+00 1.691546e+01
      vertex   -2.933333e+01 3.482087e+00 1.686210e+01
      vertex   -2.933333e+01 3.595492e+00 1.691546e+01
    endloop
  endfacet
  facet normal 9.361577e-17 1.873813e-01 -9.822873e-01
    outer loop
      vertex   -2.666667e+01 3.595492e+00 1.691546e+01
      vertex   -2.933333e+01 3.595492e+00 1.691546e+01
      vertex   -2.666667e+01 3.718605e+00 1.693895e+01
    endloop
  endfacet
  facet normal 3.120526e-17 1.873813e-01 -9.822873e-01
    outer loop
      vertex   -2.666667e+01 3.718605e+00 1.693895e+01
      vertex   -2.933333e+01 3.595492e+00 1.691546e+01
      vertex   -2.933333e+01 3.718605e+00 1.693895e+01
    endloop
  endfacet
  facet normal -1.045672e-17 -6.279052e-02 -9.980267e-01
    outer loop
      vertex   -2.666667e+01 3.718605e+00 1.693895e+01
      vertex   -2.933333e+01 3.718605e+00 1.693895e+01
      vertex   -2.666667e+01 3.843691e+00 1.693108e+01
    endloop
  endfacet
  facet normal -2.091344e-17 -6.279052e-02 -9.980267e-01
    outer loop
      vertex   -2.666667e+01 3.843691e+00 1.693108e+01
      vertex   -2.933333e+01 3.718605e+00 1.693895e+01
      vertex   -2.933333e+01 3.843691e+00 1.693108e+01
    endloop
  endfacet
  facet normal -1.029233e-16 -3.090170e-01 -9.510565e-01
    outer loop
      vertex   -2.666667e+01 3.843691e+00 1.693108e+01
      vertex   -2.933333e+01 3.843691e+00 1.693108e+01
      vertex   -2.666667e+01 3.962890e+00 1.689235e+01
    endloop
  endfacet
  facet normal -1.543850e-16 -3.090170e-01 -9.510565e-01
    outer loop
      vertex   -2.666667e+01 3.962890e+00 1.689235e+01
      vertex   -2.933333e+01 3.843691e+00 1.693108e+01
      vertex   -2.933333e+01 3.962890e+00 1.689235e+01
    endloop
  endfacet
  facet normal -2.676993e-16 -5.358268e-01 -8.443279e-01
    outer loop
      vertex   -2.666667e+01 3.962890e+00 1.689235e+01
      vertex   -2.933333e+01 3.962890e+00 1.689235e+01
      vertex   -2.666667e+01 4.068712e+00 1.682519e+01
    endloop
  endfacet
  facet normal -3.569323e-16 -5.358268e-01 -8.443279e-01
    outer loop
      vertex   -2.666667e+01 4.068712e+00 1.682519e+01
      vertex   -2.933333e+01 3.962890e+00 1.689235e+01
      vertex   -2.933333e+01 4.068712e+00 1.682519e+01
    endloop
  endfacet
  facet normal -4.855907e-16 -7.289686e-01 -6.845471e-01
    outer loop
      vertex   -2.666667e+01 4.068712e+00 1.682519e+01
      vertex   -2.933333e+01 4.068712e+00 1.682519e+01
      vertex   -2.666667e+01 4.154508e+00 1.673382e+01
    endloop
  endfacet
  facet normal -2.427953e-16 -7.289686e-01 -6.845471e-01
    outer loop
      vertex   -2.666667e+01 4.154508e+00 1.673382e+01
      vertex   -2.933333e+01 4.068712e+00 1.682519e+01
      vertex   -2.933333e+01 4.154508e+00 1.673382e+01
    endloop
  endfacet
  facet normal -2.918688e-16 -8.763067e-01 -4.817537e-01
    outer loop
      vertex   -2.666667e+01 4.154508e+00 1.673382e+01
      vertex   -2.933333e+01 4.154508e+00 1.673382e+01
      vertex   -2.666667e+01 4.214888e+00 1.662399e+01
    endloop
  endfacet
  facet normal -2.918688e-16 -8.763067e-01 -4.817537e-01
    outer loop
      vertex   -2.666667e+01 4.214888e+00 1.662399e+01
      vertex   -2.933333e+01 4.154508e+00 1.673382e+01
      vertex   -2.933333e+01 4.214888e+00 1.662399e+01
    endloop
  endfacet
  facet normal -3.226030e-16 -9.685832e-01 -2.486899e-01
    outer loop
      vertex   -2.666667e+01 4.214888e+00 1.662399e+01
      vertex   -2.933333e+01 4.214888e+00 1.662399e+01
      vertex   -2.666667e+01 4.246057e+00 1.650260e+01
    endloop
  endfacet
  facet normal -3.226030e-16 -9.685832e-01 -2.486899e-01
    outer loop
      vertex   -2.666667e+01 4.246057e+00 1.650260e+01
      vertex   -2.933333e+01 4.214888e+00 1.662399e+01
      vertex   -2.933333e+01 4.246057e+00 1.650260e+01
    endloop
  endfacet
  facet normal -3.330669e-16 -1.000000e+00 -0.000000e+00
    outer loop
      vertex   -2.666667e+01 4.246057e+00 1.650260e+01
      vertex   -2.933333e+01 4.246057e+00 1.650260e+01
      vertex   -2.666667e+01 4.246057e+00 1.637727e+01
    endloop
  endfacet
  facet normal -3.330669e-16 -1.000000e+00 0.000000e+00
    outer loop
      vertex   -2.666667e+01 4.246057e+00 1.637727e+01
      vertex   -2.933333e+01 4.246057e+00 1.650260e+01
      vertex   -2.933333e+01 4.246057e+00 1.637727e+01
    endloop
  endfacet
  facet normal -3.226030e-16 -9.685832e-01 2.486899e-01
    outer loop
      vertex   -2.666667e+01 4.246057e+00 1.637727e+01
      vertex   -2.933333e+01 4.246057e+00 1.637727e+01
      vertex   -2.666667e+01 4.214888e+00 1.625587e+01
    endloop
  endfacet
  facet normal -3.226030e-16 -9.685832e-01 2.486899e-01
    outer loop
      vertex   -2.666667e+01 4.214888e+00 1.625587e+01
      vertex   -2.933333e+01 4.246057e+00 1.637727e+01
      vertex   -2.933333e+01 4.214888e+00 1.625587e+01
    endloop
  endfacet
  facet normal -2.918688e-16 -8.763067e-01 4.817537e-01
    outer loop
      vertex   -2.666667e+01 4.214888e+00 1.625587e+01
      vertex   -2.933333e+01 4.214888e+00 1.625587e+01
      vertex   -2.666667e+01 4.154508e+00 1.614604e+01
    endloop
  endfacet
  facet normal -2.918688e-16 -8.763067e-01 4.817537e-01
    outer loop
      vertex   -2.666667e+01 4.154508e+00 1.614604e+01
      vertex   -2.933333e+01 4.214888e+00 1.625587e+01
      vertex   -2.933333e+01 4.154508e+00 1.614604e+01
    endloop
  endfacet
  facet normal -2.427953e-16 -7.289686e-01 6.845471e-01
    outer loop
      vertex   -2.666667e+01 4.154508e+00 1.614604e+01
      vertex   -2.933333e+01 4.154508e+00 1.614604e+01
      vertex   -2.666667e+01 4.068712e+00 1.605468e+01
    endloop
  endfacet
  facet normal -4.855907e-16 -7.289686e-01 6.845471e-01
    outer loop
      vertex   -2.666667e+01 4.068712e+00 1.605468e+01
      vertex   -2.933333e+01 4.154508e+00 1.614604e+01
      vertex   -2.933333e+01 4.068712e+00 1.605468e+01
    endloop
  endfacet
  facet normal -3.569323e-16 -5.358268e-01 8.443279e-01
    outer loop
      vertex   -2.666667e+01 4.068712e+00 1.605468e+01
      vertex   -2.933333e+01 4.068712e+00 1.605468e+01
      vertex   -2.666667e+01 3.962890e+00 1.598752e+01
    endloop
  endfacet
  facet normal -2.676993e-16 -5.358268e-01 8.443279e-01
    outer loop
      vertex   -2.666667e+01 3.962890e+00 1.598752e+01
      vertex   -2.933333e+01 4.068712e+00 1.605468e+01
      vertex   -2.933333e+01 3.962890e+00 1.598752e+01
    endloop
  endfacet
  facet normal -1.543850e-16 -3.090170e-01 9.510565e-01
    outer loop
      vertex   -2.666667e+01 3.962890e+00 1.598752e+01
      vertex   -2.933333e+01 3.962890e+00 1.598752e+01
      vertex   -2.666667e+01 3.843691e+00 1.594879e+01
    endloop
  endfacet
  facet normal -1.029233e-16 -3.090170e-01 9.510565e-01
    outer loop
      vertex   -2.666667e+01 3.843691e+00 1.594879e+01
      vertex   -2.933333e+01 3.962890e+00 1.598752e+01
      vertex   -2.933333e+01 3.843691e+00 1.594879e+01
    endloop
  endfacet
  facet normal -2.091344e-17 -6.279052e-02 9.980267e-01
    outer loop
      vertex   -2.666667e+01 3.843691e+00 1.594879e+01
      vertex   -2.933333e+01 3.843691e+00 1.594879e+01
      vertex   -2.666667e+01 3.718605e+00 1.594092e+01
    endloop
  endfacet
  facet normal -2.091344e-17 -6.279052e-02 9.980267e-01
    outer loop
      vertex   -2.666667e+01 3.718605e+00 1.594092e+01
      vertex   -2.933333e+01 3.843691e+00 1.594879e+01
      vertex   -2.933333e+01 3.718605e+00 1.594092e+01
    endloop
  endfacet
  facet normal 6.241051e-17 1.873813e-01 9.822873e-01
    outer loop
      vertex   -2.666667e+01 3.718605e+00 1.594092e+01
      vertex   -2.933333e+01 3.718605e+00 1.594092e+01
      vertex   -2.666667e+01 3.595492e+00 1.596440e+01
    endloop
  endfacet
  facet normal 9.361577e-17 1.873813e-01 9.822873e-01
    outer loop
      vertex   -2.666667e+01 3.595492e+00 1.596440e+01
      vertex   -2.933333e+01 3.718605e+00 1.594092e+01
      vertex   -2.933333e+01 3.595492e+00 1.596440e+01
    endloop
  endfacet
  facet normal 2.127195e-16 4.257793e-01 9.048271e-01
    outer loop
      vertex   -2.666667e+01 3.595492e+00 1.596440e+01
      vertex   -2.933333e+01 3.595492e+00 1.596440e+01
      vertex   -2.666667e+01 3.482087e+00 1.601777e+01
    endloop
  endfacet
  facet normal 1.418130e-16 4.257793e-01 9.048271e-01
    outer loop
      vertex   -2.666667e+01 3.482087e+00 1.601777e+01
      vertex   -2.933333e+01 3.595492e+00 1.596440e+01
      vertex   -2.933333e+01 3.482087e+00 1.601777e+01
    endloop
  endfacet
  facet normal 2.123048e-16 6.374240e-01 7.705132e-01
    outer loop
      vertex   -2.666667e+01 3.482087e+00 1.601777e+01
      vertex   -2.933333e+01 3.482087e+00 1.601777e+01
      vertex   -2.666667e+01 3.385516e+00 1.609766e+01
    endloop
  endfacet
  facet normal 2.123048e-16 6.374240e-01 7.705132e-01
    outer loop
      vertex   -2.666667e+01 3.385516e+00 1.609766e+01
      vertex   -2.933333e+01 3.482087e+00 1.601777e+01
      vertex   -2.933333e+01 3.385516e+00 1.609766e+01
    endloop
  endfacet
  facet normal 2.694568e-16 8.090170e-01 5.877853e-01
    outer loop
      vertex   -2.666667e+01 3.385516e+00 1.609766e+01
      vertex   -2.933333e+01 3.385516e+00 1.609766e+01
      vertex   -2.666667e+01 3.311847e+00 1.619906e+01
    endloop
  endfacet
  facet normal 2.694568e-16 8.090170e-01 5.877853e-01
    outer loop
      vertex   -2.666667e+01 3.311847e+00 1.619906e+01
      vertex   -2.933333e+01 3.385516e+00 1.609766e+01
      vertex   -2.933333e+01 3.311847e+00 1.619906e+01
    endloop
  endfacet
  facet normal 3.096778e-16 9.297765e-01 3.681246e-01
    outer loop
      vertex   -2.666667e+01 3.311847e+00 1.619906e+01
      vertex   -2.933333e+01 3.311847e+00 1.619906e+01
      vertex   -2.666667e+01 3.265708e+00 1.631559e+01
    endloop
  endfacet
  facet normal 4.645167e-16 9.297765e-01 3.681246e-01
    outer loop
      vertex   -2.666667e+01 3.265708e+00 1.631559e+01
      vertex   -2.933333e+01 3.311847e+00 1.619906e+01
      vertex   -2.933333e+01 3.265708e+00 1.631559e+01
    endloop
  endfacet
  facet normal 4.956609e-16 9.921147e-01 1.253332e-01
    outer loop
      vertex   -2.666667e+01 3.265708e+00 1.631559e+01
      vertex   -2.933333e+01 3.265708e+00 1.631559e+01
      vertex   -2.666667e+01 3.250000e+00 1.643993e+01
    endloop
  endfacet
  facet normal 3.304406e-16 9.921147e-01 1.253332e-01
    outer loop
      vertex   -2.666667e+01 3.250000e+00 1.643993e+01
      vertex   -2.933333e+01 3.265708e+00 1.631559e+01
      vertex   -2.933333e+01 3.250000e+00 1.643993e+01
    endloop
  endfacet
  facet normal 6.608812e-16 9.921147e-01 -1.253332e-01
    outer loop
      vertex   -2.933333e+01 3.250000e+00 1.643993e+01
      vertex   -3.200000e+01 3.250000e+00 1.643993e+01
      vertex   -2.933333e+01 3.265708e+00 1.656428e+01
    endloop
  endfacet
  facet normal 6.608812e-16 9.921147e-01 -1.253332e-01
    outer loop
      vertex   -2.933333e+01 3.265708e+00 1.656428e+01
      vertex   -3.200000e+01 3.250000e+00 1.643993e+01
      vertex   -3.200000e+01 3.265708e+00 1.656428e+01
    endloop
  endfacet
  facet normal 6.193556e-16 9.297765e-01 -3.681246e-01
    outer loop
      vertex   -2.933333e+01 3.265708e+00 1.656428e+01
      vertex   -3.200000e+01 3.265708e+00 1.656428e+01
      vertex   -2.933333e+01 3.311847e+00 1.668081e+01
    endloop
  endfacet
  facet normal 6.193556e-16 9.297765e-01 -3.681246e-01
    outer loop
      vertex   -2.933333e+01 3.311847e+00 1.668081e+01
      vertex   -3.200000e+01 3.265708e+00 1.656428e+01
      vertex   -3.200000e+01 3.311847e+00 1.668081e+01
    endloop
  endfacet
  facet normal 5.389136e-16 8.090170e-01 -5.877853e-01
    outer loop
      vertex   -2.933333e+01 3.311847e+00 1.668081e+01
      vertex   -3.200000e+01 3.311847e+00 1.668081e+01
      vertex   -2.933333e+01 3.385516e+00 1.678221e+01
    endloop
  endfacet
  facet normal 5.389136e-16 8.090170e-01 -5.877853e-01
    outer loop
      vertex   -2.933333e+01 3.385516e+00 1.678221e+01
      vertex   -3.200000e+01 3.311847e+00 1.668081e+01
      vertex   -3.200000e+01 3.385516e+00 1.678221e+01
    endloop
  endfacet
  facet normal 4.246097e-16 6.374240e-01 -7.705132e-01
    outer loop
      vertex   -2.933333e+01 3.385516e+00 1.678221e+01
      vertex   -3.200000e+01 3.385516e+00 1.678221e+01
      vertex   -2.933333e+01 3.482087e+00 1.686210e+01
    endloop
  endfacet
  facet normal 4.246097e-16 6.374240e-01 -7.705132e-01
    outer loop
      vertex   -2.933333e+01 3.482087e+00 1.686210e+01
      vertex   -3.200000e+01 3.385516e+00 1.678221e+01
      vertex   -3.200000e+01 3.482087e+00 1.686210e+01
    endloop
  endfacet
  facet normal 2.836260e-16 4.257793e-01 -9.048271e-01
    outer loop
      vertex   -2.933333e+01 3.482087e+00 1.686210e+01
      vertex   -3.200000e+01 3.482087e+00 1.686210e+01
      vertex   -2.933333e+01 3.595492e+00 1.691546e+01
    endloop
  endfacet
  facet normal 2.836260e-16 4.257793e-01 -9.048271e-01
    outer loop
      vertex   -2.933333e+01 3.595492e+00 1.691546e+01
      vertex   -3.200000e+01 3.482087e+00 1.686210e+01
      vertex   -3.200000e+01 3.595492e+00 1.691546e+01
    endloop
  endfacet
  facet normal 1.248210e-16 1.873813e-01 -9.822873e-01
    outer loop
      vertex   -2.933333e+01 3.595492e+00 1.691546e+01
      vertex   -3.200000e+01 3.595492e+00 1.691546e+01
      vertex   -2.933333e+01 3.718605e+00 1.693895e+01
    endloop
  endfacet
  facet normal 1.248210e-16 1.873813e-01 -9.822873e-01
    outer loop
      vertex   -2.933333e+01 3.718605e+00 1.693895e+01
      vertex   -3.200000e+01 3.595492e+00 1.691546e+01
      vertex   -3.200000e+01 3.718605e+00 1.693895e+01
    endloop
  endfacet
  facet normal -4.182689e-17 -6.279052e-02 -9.980267e-01
    outer loop
      vertex   -2.933333e+01 3.718605e+00 1.693895e+01
      vertex   -3.200000e+01 3.718605e+00 1.693895e+01
      vertex   -2.933333e+01 3.843691e+00 1.693108e+01
    endloop
  endfacet
  facet normal -4.182689e-17 -6.279052e-02 -9.980267e-01
    outer loop
      vertex   -2.933333e+01 3.843691e+00 1.693108e+01
      vertex   -3.200000e+01 3.718605e+00 1.693895e+01
      vertex   -3.200000e+01 3.843691e+00 1.693108e+01
    endloop
  endfacet
  facet normal -2.058467e-16 -3.090170e-01 -9.510565e-01
    outer loop
      vertex   -2.933333e+01 3.843691e+00 1.693108e+01
      vertex   -3.200000e+01 3.843691e+00 1.693108e+01
      vertex   -2.933333e+01 3.962890e+00 1.689235e+01
    endloop
  endfacet
  facet normal -1.543850e-16 -3.090170e-01 -9.510565e-01
    outer loop
      vertex   -2.933333e+01 3.962890e+00 1.689235e+01
      vertex   -3.200000e+01 3.843691e+00 1.693108e+01
      vertex   -3.200000e+01 3.962890e+00 1.689235e+01
    endloop
  endfacet
  facet normal -2.676993e-16 -5.358268e-01 -8.443279e-01
    outer loop
      vertex   -2.933333e+01 3.962890e+00 1.689235e+01
      vertex   -3.200000e+01 3.962890e+00 1.689235e+01
      vertex   -2.933333e+01 4.068712e+00 1.682519e+01
    endloop
  endfacet
  facet normal -3.569323e-16 -5.358268e-01 -8.443279e-01
    outer loop
      vertex   -2.933333e+01 4.068712e+00 1.682519e+01
      vertex   -3.200000e+01 3.962890e+00 1.689235e+01
      vertex   -3.200000e+01 4.068712e+00 1.682519e+01
    endloop
  endfacet
  facet normal -4.855907e-16 -7.289686e-01 -6.845471e-01
    outer loop
      vertex   -2.933333e+01 4.068712e+00 1.682519e+01
      vertex   -3.200000e+01 4.068712e+00 1.682519e+01
      vertex   -2.933333e+01 4.154508e+00 1.673382e+01
    endloop
  endfacet
  facet normal -4.855907e-16 -7.289686e-01 -6.845471e-01
    outer loop
      vertex   -2.933333e+01 4.154508e+00 1.673382e+01
      vertex   -3.200000e+01 4.068712e+00 1.682519e+01
      vertex   -3.200000e+01 4.154508e+00 1.673382e+01
    endloop
  endfacet
  facet normal -5.837375e-16 -8.763067e-01 -4.817537e-01
    outer loop
      vertex   -2.933333e+01 4.154508e+00 1.673382e+01
      vertex   -3.200000e+01 4.154508e+00 1.673382e+01
      vertex   -2.933333e+01 4.214888e+00 1.662399e+01
    endloop
  endfacet
  facet normal -5.837375e-16 -8.763067e-01 -4.817537e-01
    outer loop
      vertex   -2.933333e+01 4.214888e+00 1.662399e+01
      vertex   -3.200000e+01 4.154508e+00 1.673382e+01
      vertex   -3.200000e+01 4.214888e+00 1.662399e+01
    endloop
  endfacet
  facet normal -6.452060e-16 -9.685832e-01 -2.486899e-01
    outer loop
      vertex   -2.933333e+01 4.214888e+00 1.662399e+01
      vertex   -3.200000e+01 4.214888e+00 1.662399e+01
      vertex   -2.933333e+01 4.246057e+00 1.650260e+01
    endloop
  endfacet
  facet normal -6.452060e-16 -9.685832e-01 -2.486899e-01
    outer loop
      vertex   -2.933333e+01 4.246057e+00 1.650260e+01
      vertex   -3.200000e+01 4.214888e+00 1.662399e+01
      vertex   -3.200000e+01 4.246057e+00 1.650260e+01
    endloop
  endfacet
  facet normal -6.661338e-16 -1.000000e+00 -0.000000e+00
    outer loop
      vertex   -2.933333e+01 4.246057e+00 1.650260e+01
      vertex   -3.200000e+01 4.246057e+00 1.650260e+01
      vertex   -2.933333e+01 4.246057e+00 1.637727e+01
    endloop
  endfacet
  facet normal -6.661338e-16 -1.000000e+00 0.000000e+00
    outer loop
      vertex   -2.933333e+01 4.246057e+00 1.637727e+01
      vertex   -3.200000e+01 4.246057e+00 1.650260e+01
      vertex   -3.200000e+01 4.246057e+00 1.637727e+01
    endloop
  endfacet
  facet normal -6.452060e-16 -9.685832e-01 2.486899e-01
    outer loop
      vertex   -2.933333e+01 4.246057e+00 1.637727e+01
      vertex   -3.200000e+01 4.246057e+00 1.637727e+01
      vertex   -2.933333e+01 4.214888e+00 1.625587e+01
    endloop
  endfacet
  facet normal -6.452060e-16 -9.685832e-01 2.486899e-01
    outer loop
      vertex   -2.933333e+01 4.214888e+00 1.625587e+01
      vertex   -3.200000e+01 4.246057e+00 1.637727e+01
      vertex   -3.200000e+01 4.214888e+00 1.625587e+01
    endloop
  endfacet
  facet normal -5.837375e-16 -8.763067e-01 4.817537e-01
    outer loop
      vertex   -2.933333e+01 4.214888e+00 1.625587e+01
      vertex   -3.200000e+01 4.214888e+00 1.625587e+01
      vertex   -2.933333e+01 4.154508e+00 1.614604e+01
    endloop
  endfacet
  facet normal -5.837375e-16 -8.763067e-01 4.817537e-01
    outer loop
      vertex   -2.933333e+01 4.154508e+00 1.614604e+01
      vertex   -3.200000e+01 4.214888e+00 1.625587e+01
      vertex   -3.200000e+01 4.154508e+00 1.614604e+01
    endloop
  endfacet
  facet normal -4.855907e-16 -7.289686e-01 6.845471e-01
    outer loop
      vertex   -2.933333e+01 4.154508e+00 1.614604e+01
      vertex   -3.200000e+01 4.154508e+00 1.614604e+01
      vertex   -2.933333e+01 4.068712e+00 1.605468e+01
    endloop
  endfacet
  facet normal -4.855907e-16 -7.289686e-01 6.845471e-01
    outer loop
      vertex   -2.933333e+01 4.068712e+00 1.605468e+01
      vertex   -3.200000e+01 4.154508e+00 1.614604e+01
      vertex   -3.200000e+01 4.068712e+00 1.605468e+01
    endloop
  endfacet
  facet normal -3.569323e-16 -5.358268e-01 8.443279e-01
    outer loop
      vertex   -2.933333e+01 4.068712e+00 1.605468e+01
      vertex   -3.200000e+01 4.068712e+00 1.605468e+01
      vertex   -2.933333e+01 3.962890e+00 1.598752e+01
    endloop
  endfacet
  facet normal -2.676993e-16 -5.358268e-01 8.443279e-01
    outer loop
      vertex   -2.933333e+01 3.962890e+00 1.598752e+01
      vertex   -3.200000e+01 4.068712e+00 1.605468e+01
      vertex   -3.200000e+01 3.962890e+00 1.598752e+01
    endloop
  endfacet
  facet normal -1.543850e-16 -3.090170e-01 9.510565e-01
    outer loop
      vertex   -2.933333e+01 3.962890e+00 1.598752e+01
      vertex   -3.200000e+01 3.962890e+00 1.598752e+01
      vertex   -2.933333e+01 3.843691e+00 1.594879e+01
    endloop
  endfacet
  facet normal -2.058467e-16 -3.090170e-01 9.510565e-01
    outer loop
      vertex   -2.933333e+01 3.843691e+00 1.594879e+01
      vertex   -3.200000e+01 3.962890e+00 1.598752e+01
      vertex   -3.200000e+01 3.843691e+00 1.594879e+01
    endloop
  endfacet
  facet normal -4.182689e-17 -6.279052e-02 9.980267e-01
    outer loop
      vertex   -2.933333e+01 3.843691e+00 1.594879e+01
      vertex   -3.200000e+01 3.843691e+00 1.594879e+01
      vertex   -2.933333e+01 3.718605e+00 1.594092e+01
    endloop
  endfacet
  facet normal -4.182689e-17 -6.279052e-02 9.980267e-01
    outer loop
      vertex   -2.933333e+01 3.718605e+00 1.594092e+01
      vertex   -3.200000e+01 3.843691e+00 1.594879e+01
      vertex   -3.200000e+01 3.718605e+00 1.594092e+01
    endloop
  endfacet
  facet normal 1.248210e-16 1.873813e-01 9.822873e-01
    outer loop
      vertex   -2.933333e+01 3.718605e+00 1.594092e+01
      vertex   -3.200000e+01 3.718605e+00 1.594092e+01
      vertex   -2.933333e+01 3.595492e+00 1.596440e+01
    endloop
  endfacet
  facet normal 1.248210e-16 1.873813e-01 9.822873e-01
    outer loop
      vertex   -2.933333e+01 3.595492e+00 1.596440e+01
      vertex   -3.200000e+01 3.718605e+00 1.594092e+01
      vertex   -3.200000e+01 3.595492e+00 1.596440e+01
    endloop
  endfacet
  facet normal 2.836260e-16 4.257793e-01 9.048271e-01
    outer loop
      vertex   -2.933333e+01 3.595492e+00 1.596440e+01
      vertex   -3.200000e+01 3.595492e+00 1.596440e+01
      vertex   -2.933333e+01 3.482087e+00 1.601777e+01
    endloop
  endfacet
  facet normal 2.836260e-16 4.257793e-01 9.048271e-01
    outer loop
      vertex   -2.933333e+01 3.482087e+00 1.601777e+01
      vertex   -3.200000e+01 3.595492e+00 1.596440e+01
      vertex   -3.200000e+01 3.482087e+00 1.601777e+01
    endloop
  endfacet
  facet normal 4.246097e-16 6.374240e-01 7.705132e-01
    outer loop
      vertex   -2.933333e+01 3.482087e+00 1.601777e+01
      vertex   -3.200000e+01 3.482087e+00 1.601777e+01
      vertex   -2.933333e+01 3.385516e+00 1.609766e+01
    endloop
  endfacet
  facet normal 4.246097e-16 6.374240e-01 7.705132e-01
    outer loop
      vertex   -2.933333e+01 3.385516e+00 1.609766e+01
      vertex   -3.200000e+01 3.482087e+00 1.601777e+01
      vertex   -3.200000e+01 3.385516e+00 1.609766e+01
    endloop
  endfacet
  facet normal 5.389136e-16 8.090170e-01 5.877853e-01
    outer loop
      vertex   -2.933333e+01 3.385516e+00 1.609766e+01
      vertex   -3.200000e+01 3.385516e+00 1.609766e+01
      vertex   -2.933333e+01 3.311847e+00 1.619906e+01
    endloop
  endfacet
  facet normal 5.389136e-16 8.090170e-01 5.877853e-01
    outer loop
      vertex   -2.933333e+01 3.311847e+00 1.619906e+01
      vertex   -3.200000e+01 3.385516e+00 1.609766e+01
      vertex   -3.200000e+01 3.311847e+00 1.619906e+01
    endloop
  endfacet
  facet normal 6.193556e-16 9.297765e-01 3.681246e-01
    outer loop
      vertex   -2.933333e+01 3.311847e+00 1.619906e+01
      vertex   -3.200000e+01 3.311847e+00 1.619906e+01
      vertex   -2.933333e+01 3.265708e+00 1.631559e+01
    endloop
  endfacet
  facet normal 6.193556e-16 9.297765e-01 3.681246e-01
    outer loop
      vertex   -2.933333e+01 3.265708e+00 1.631559e+01
      vertex   -3.200000e+01 3.311847e+00 1.619906e+01
      vertex   -3.200000e+01 3.265708e+00 1.631559e+01
    endloop
  endfacet
  facet normal 6.608812e-16 9.921147e-01 1.253332e-01
    outer loop
      vertex   -2.933333e+01 3.265708e+00 1.631559e+01
      vertex   -3.200000e+01 3.265708e+00 1.631559e+01
      vertex   -2.933333e+01 3.250000e+00 1.643993e+01
    endloop
  endfacet
  facet normal 6.608812e-16 9.921147e-01 1.253332e-01
    outer loop
      vertex   -2.933333e+01 3.250000e+00 1.643993e+01
      vertex   -3.200000e+01 3.265708e+00 1.631559e+01
      vertex   -3.200000e+01 3.250000e+00 1.643993e+01
    endloop
  endfacet
  facet normal 6.608812e-16 9.921147e-01 -1.253332e-01
    outer loop
      vertex   -3.200000e+01 3.250000e+00 1.643993e+01
      vertex   -3.466667e+01 3.250000e+00 1.643993e+01
      vertex   -3.200000e+01 3.265708e+00 1.656428e+01
    endloop
  endfacet
  facet normal 4.956609e-16 9.921147e-01 -1.253332e-01
    outer loop
      vertex   -3.200000e+01 3.265708e+00 1.656428e+01
      vertex   -3.466667e+01 3.250000e+00 1.643993e+01
      vertex   -3.466667e+01 3.265708e+00 1.656428e+01
    endloop
  endfacet
  facet normal 4.645167e-16 9.297765e-01 -3.681246e-01
    outer loop
      vertex   -3.200000e+01 3.265708e+00 1.656428e+01
      vertex   -3.466667e+01 3.265708e+00 1.656428e+01
      vertex   -3.200000e+01 3.311847e+00 1.668081e+01
    endloop
  endfacet
  facet normal 6.193556e-16 9.297765e-01 -3.681246e-01
    outer loop
      vertex   -3.200000e+01 3.311847e+00 1.668081e+01
      vertex   -3.466667e+01 3.265708e+00 1.656428e+01
      vertex   -3.466667e+01 3.311847e+00 1.668081e+01
    endloop
  endfacet
  facet normal 5.389136e-16 8.090170e-01 -5.877853e-01
    outer loop
      vertex   -3.200000e+01 3.311847e+00 1.668081e+01
      vertex   -3.466667e+01 3.311847e+00 1.668081e+01
      vertex   -3.200000e+01 3.385516e+00 1.678221e+01
    endloop
  endfacet
  facet normal 4.041852e-16 8.090170e-01 -5.877853e-01
    outer loop
      vertex   -3.200000e+01 3.385516e+00 1.678221e+01
      vertex   -3.466667e+01 3.311847e+00 1.668081e+01
      vertex   -3.466667e+01 3.385516e+00 1.678221e+01
    endloop
  endfacet
  facet normal 3.184573e-16 6.374240e-01 -7.705132e-01
    outer loop
      vertex   -3.200000e+01 3.385516e+00 1.678221e+01
      vertex   -3.466667e+01 3.385516e+00 1.678221e+01
      vertex   -3.200000e+01 3.482087e+00 1.686210e+01
    endloop
  endfacet
  facet normal 4.246097e-16 6.374240e-01 -7.705132e-01
    outer loop
      vertex   -3.200000e+01 3.482087e+00 1.686210e+01
      vertex   -3.466667e+01 3.385516e+00 1.678221e+01
      vertex   -3.466667e+01 3.482087e+00 1.686210e+01
    endloop
  endfacet
  facet normal 2.836260e-16 4.257793e-01 -9.048271e-01
    outer loop
      vertex   -3.200000e+01 3.482087e+00 1.686210e+01
      vertex   -3.466667e+01 3.482087e+00 1.686210e+01
      vertex   -3.200000e+01 3.595492e+00 1.691546e+01
    endloop
  endfacet
  facet normal 2.127195e-16 4.257793e-01 -9.048271e-01
    outer loop
      vertex   -3.200000e+01 3.595492e+00 1.691546e+01
      vertex   -3.466667e+01 3.482087e+00 1.686210e+01
      vertex   -3.466667e+01 3.595492e+00 1.691546e+01
    endloop
  endfacet
  facet normal 9.361577e-17 1.873813e-01 -9.822873e-01
    outer loop
      vertex   -3.200000e+01 3.595492e+00 1.691546e+01
      vertex   -3.466667e+01 3.595492e+00 1.691546e+01
      vertex   -3.200000e+01 3.718605e+00 1.693895e+01
    endloop
  endfacet
  facet normal 1.248210e-16 1.873813e-01 -9.822873e-01
    outer loop
      vertex   -3.200000e+01 3.718605e+00 1.693895e+01
      vertex   -3.466667e+01 3.595492e+00 1.691546e+01
      vertex   -3.466667e+01 3.718605e+00 1.693895e+01
    endloop
  endfacet
  facet normal -4.182689e-17 -6.279052e-02 -9.980267e-01
    outer loop
      vertex   -3.200000e+01 3.718605e+00 1.693895e+01
      vertex   -3.466667e+01 3.718605e+00 1.693895e+01
      vertex   -3.200000e+01 3.843691e+00 1.693108e+01
    endloop
  endfacet
  facet normal -4.182689e-17 -6.279052e-02 -9.980267e-01
    outer loop
      vertex   -3.200000e+01 3.843691e+00 1.693108e+01
      vertex   -3.466667e+01 3.718605e+00 1.693895e+01
      vertex   -3.466667e+01 3.843691e+00 1.693108e+01
    endloop
  endfacet
  facet normal -2.058467e-16 -3.090170e-01 -9.510565e-01
    outer loop
      vertex   -3.200000e+01 3.843691e+00 1.693108e+01
      vertex   -3.466667e+01 3.843691e+00 1.693108e+01
      vertex   -3.200000e+01 3.962890e+00 1.689235e+01
    endloop
  endfacet
  facet normal -2.058467e-16 -3.090170e-01 -9.510565e-01
    outer loop
      vertex   -3.200000e+01 3.962890e+00 1.689235e+01
      vertex   -3.466667e+01 3.843691e+00 1.693108e+01
      vertex   -3.466667e+01 3.962890e+00 1.689235e+01
    endloop
  endfacet
  facet normal -3.569323e-16 -5.358268e-01 -8.443279e-01
    outer loop
      vertex   -3.200000e+01 3.962890e+00 1.689235e+01
      vertex   -3.466667e+01 3.962890e+00 1.689235e+01
      vertex   -3.200000e+01 4.068712e+00 1.682519e+01
    endloop
  endfacet
  facet normal -3.569323e-16 -5.358268e-01 -8.443279e-01
    outer loop
      vertex   -3.200000e+01 4.068712e+00 1.682519e+01
      vertex   -3.466667e+01 3.962890e+00 1.689235e+01
      vertex   -3.466667e+01 4.068712e+00 1.682519e+01
    endloop
  endfacet
  facet normal -4.855907e-16 -7.289686e-01 -6.845471e-01
    outer loop
      vertex   -3.200000e+01 4.068712e+00 1.682519e+01
      vertex   -3.466667e+01 4.068712e+00 1.682519e+01
      vertex   -3.200000e+01 4.154508e+00 1.673382e+01
    endloop
  endfacet
  facet normal -4.855907e-16 -7.289686e-01 -6.845471e-01
    outer loop
      vertex   -3.200000e+01 4.154508e+00 1.673382e+01
      vertex   -3.466667e+01 4.068712e+00 1.682519e+01
      vertex   -3.466667e+01 4.154508e+00 1.673382e+01
    endloop
  endfacet
  facet normal -5.837375e-16 -8.763067e-01 -4.817537e-01
    outer loop
      vertex   -3.200000e+01 4.154508e+00 1.673382e+01
      vertex   -3.466667e+01 4.154508e+00 1.673382e+01
      vertex   -3.200000e+01 4.214888e+00 1.662399e+01
    endloop
  endfacet
  facet normal -5.837375e-16 -8.763067e-01 -4.817537e-01
    outer loop
      vertex   -3.200000e+01 4.214888e+00 1.662399e+01
      vertex   -3.466667e+01 4.154508e+00 1.673382e+01
      vertex   -3.466667e+01 4.214888e+00 1.662399e+01
    endloop
  endfacet
  facet normal -6.452060e-16 -9.685832e-01 -2.486899e-01
    outer loop
      vertex   -3.200000e+01 4.214888e+00 1.662399e+01
      vertex   -3.466667e+01 4.214888e+00 1.662399e+01
      vertex   -3.200000e+01 4.246057e+00 1.650260e+01
    endloop
  endfacet
  facet normal -6.452060e-16 -9.685832e-01 -2.486899e-01
    outer loop
      vertex   -3.200000e+01 4.246057e+00 1.650260e+01
      vertex   -3.466667e+01 4.214888e+00 1.662399e+01
      vertex   -3.466667e+01 4.246057e+00 1.650260e+01
    endloop
  endfacet
  facet normal -6.661338e-16 -1.000000e+00 -0.000000e+00
    outer loop
      vertex   -3.200000e+01 4.246057e+00 1.650260e+01
      vertex   -3.466667e+01 4.246057e+00 1.650260e+01
      vertex   -3.200000e+01 4.246057e+00 1.637727e+01
    endloop
  endfacet
  facet normal -6.661338e-16 -1.000000e+00 0.000000e+00
    outer loop
      vertex   -3.200000e+01 4.246057e+00 1.637727e+01
      vertex   -3.466667e+01 4.246057e+00 1.650260e+01
      vertex   -3.466667e+01 4.246057e+00 1.637727e+01
    endloop
  endfacet
  facet normal -6.452060e-16 -9.685832e-01 2.486899e-01
    outer loop
      vertex   -3.200000e+01 4.246057e+00 1.637727e+01
      vertex   -3.466667e+01 4.246057e+00 1.637727e+01
      vertex   -3.200000e+01 4.214888e+00 1.625587e+01
    endloop
  endfacet
  facet normal -6.452060e-16 -9.685832e-01 2.486899e-01
    outer loop
      vertex   -3.200000e+01 4.214888e+00 1.625587e+01
      vertex   -3.466667e+01 4.246057e+00 1.637727e+01
      vertex   -3.466667e+01 4.214888e+00 1.625587e+01
    endloop
  endfacet
  facet normal -5.837375e-16 -8.763067e-01 4.817537e-01
    outer loop
      vertex   -3.200000e+01 4.214888e+00 1.625587e+01
      vertex   -3.466667e+01 4.214888e+00 1.625587e+01
      vertex   -3.200000e+01 4.154508e+00 1.614604e+01
    endloop
  endfacet
  facet normal -5.837375e-16 -8.763067e-01 4.817537e-01
    outer loop
      vertex   -3.200000e+01 4.154508e+00 1.614604e+01
      vertex   -3.466667e+01 4.214888e+00 1.625587e+01
      vertex   -3.466667e+01 4.154508e+00 1.614604e+01
    endloop
  endfacet
  facet normal -4.855907e-16 -7.289686e-01 6.845471e-01
    outer loop
      vertex   -3.200000e+01 4.154508e+00 1.614604e+01
      vertex   -3.466667e+01 4.154508e+00 1.614604e+01
      vertex   -3.200000e+01 4.068712e+00 1.605468e+01
    endloop
  endfacet
  facet normal -4.855907e-16 -7.289686e-01 6.845471e-01
    outer loop
      vertex   -3.200000e+01 4.068712e+00 1.605468e+01
      vertex   -3.466667e+01 4.154508e+00 1.614604e+01
      vertex   -3.466667e+01 4.068712e+00 1.605468e+01
    endloop
  endfacet
  facet normal -3.569323e-16 -5.358268e-01 8.443279e-01
    outer loop
      vertex   -3.200000e+01 4.068712e+00 1.605468e+01
      vertex   -3.466667e+01 4.068712e+00 1.605468e+01
      vertex   -3.200000e+01 3.962890e+00 1.598752e+01
    endloop
  endfacet
  facet normal -3.569323e-16 -5.358268e-01 8.443279e-01
    outer loop
      vertex   -3.200000e+01 3.962890e+00 1.598752e+01
      vertex   -3.466667e+01 4.068712e+00 1.605468e+01
      vertex   -3.466667e+01 3.962890e+00 1.598752e+01
    endloop
  endfacet
  facet normal -2.058467e-16 -3.090170e-01 9.510565e-01
    outer loop
      vertex   -3.200000e+01 3.962890e+00 1.598752e+01
      vertex   -3.466667e+01 3.962890e+00 1.598752e+01
      vertex   -3.200000e+01 3.843691e+00 1.594879e+01
    endloop
  endfacet
  facet normal -2.058467e-16 -3.090170e-01 9.510565e-01
    outer loop
      vertex   -3.200000e+01 3.843691e+00 1.594879e+01
      vertex   -3.466667e+01 3.962890e+00 1.598752e+01
      vertex   -3.466667e+01 3.843691e+00 1.594879e+01
    endloop
  endfacet
  facet normal -4.182689e-17 -6.279052e-02 9.980267e-01
    outer loop
      vertex   -3.200000e+01 3.843691e+00 1.594879e+01
      vertex   -3.466667e+01 3.843691e+00 1.594879e+01
      vertex   -3.200000e+01 3.718605e+00 1.594092e+01
    endloop
  endfacet
  facet normal -5.228361e-17 -6.279052e-02 9.980267e-01
    outer loop
      vertex   -3.200000e+01 3.718605e+00 1.594092e+01
      vertex   -3.466667e+01 3.843691e+00 1.594879e+01
      vertex   -3.466667e+01 3.718605e+00 1.594092e+01
    endloop
  endfacet
  facet normal 1.560263e-16 1.873813e-01 9.822873e-01
    outer loop
      vertex   -3.200000e+01 3.718605e+00 1.594092e+01
      vertex   -3.466667e+01 3.718605e+00 1.594092e+01
      vertex   -3.200000e+01 3.595492e+00 1.596440e+01
    endloop
  endfacet
  facet normal 9.361577e-17 1.873813e-01 9.822873e-01
    outer loop
      vertex   -3.200000e+01 3.595492e+00 1.596440e+01
      vertex   -3.466667e+01 3.718605e+00 1.594092e+01
      vertex   -3.466667e+01 3.595492e+00 1.596440e+01
    endloop
  endfacet
  facet normal 2.127195e-16 4.257793e-01 9.048271e-01
    outer loop
      vertex   -3.200000e+01 3.595492e+00 1.596440e+01
      vertex   -3.466667e+01 3.595492e+00 1.596440e+01
      vertex   -3.200000e+01 3.482087e+00 1.601777e+01
    endloop
  endfacet
  facet normal 2.836260e-16 4.257793e-01 9.048271e-01
    outer loop
      vertex   -3.200000e+01 3.482087e+00 1.601777e+01
      vertex   -3.466667e+01 3.595492e+00 1.596440e+01
      vertex   -3.466667e+01 3.482087e+00 1.601777e+01
    endloop
  endfacet
  facet normal 4.246097e-16 6.374240e-01 7.705132e-01
    outer loop
      vertex   -3.200000e+01 3.482087e+00 1.601777e+01
      vertex   -3.466667e+01 3.482087e+00 1.601777e+01
      vertex   -3.200000e+01 3.385516e+00 1.609766e+01
    endloop
  endfacet
  facet normal 5.307621e-16 6.374240e-01 7.705132e-01
    outer loop
      vertex   -3.200000e+01 3.385516e+00 1.609766e+01
      vertex   -3.466667e+01 3.482087e+00 1.601777e+01
      vertex   -3.466667e+01 3.385516e+00 1.609766e+01
    endloop
  endfacet
  facet normal 6.736420e-16 8.090170e-01 5.877853e-01
    outer loop
      vertex   -3.200000e+01 3.385516e+00 1.609766e+01
      vertex   -3.466667e+01 3.385516e+00 1.609766e+01
      vertex   -3.200000e+01 3.311847e+00 1.619906e+01
    endloop
  endfacet
  facet normal 5.389136e-16 8.090170e-01 5.877853e-01
    outer loop
      vertex   -3.200000e+01 3.311847e+00 1.619906e+01
      vertex   -3.466667e+01 3.385516e+00 1.609766e+01
      vertex   -3.466667e+01 3.311847e+00 1.619906e+01
    endloop
  endfacet
  facet normal 6.193556e-16 9.297765e-01 3.681246e-01
    outer loop
      vertex   -3.200000e+01 3.311847e+00 1.619906e+01
      vertex   -3.466667e+01 3.311847e+00 1.619906e+01
      vertex   -3.200000e+01 3.265708e+00 1.631559e+01
    endloop
  endfacet
  facet normal 4.645167e-16 9.297765e-01 3.681246e-01
    outer loop
      vertex   -3.200000e+01 3.265708e+00 1.631559e+01
      vertex   -3.466667e+01 3.311847e+00 1.619906e+01
      vertex   -3.466667e+01 3.265708e+00 1.631559e+01
    endloop
  endfacet
  facet normal 4.956609e-16 9.921147e-01 1.253332e-01
    outer loop
      vertex   -3.200000e+01 3.265708e+00 1.631559e+01
      vertex   -3.466667e+01 3.265708e+00 1.631559e+01
      vertex   -3.200000e+01 3.250000e+00 1.643993e+01
    endloop
  endfacet
  facet normal 6.608812e-16 9.921147e-01 1.253332e-01
    outer loop
      vertex   -3.200000e+01 3.250000e+00 1.643993e+01
      vertex   -3.466667e+01 3.265708e+00 1.631559e+01
      vertex   -3.466667e+01 3.250000e+00 1.643993e+01
    endloop
  endfacet
  facet normal 3.304406e-16 9.921147e-01 -1.253332e-01
    outer loop
      vertex   -3.466667e+01 3.250000e+00 1.643993e+01
      vertex   -3.733333e+01 3.250000e+00 1.643993e+01
      vertex   -3.466667e+01 3.265708e+00 1.656428e+01
    endloop
  endfacet
  facet normal 4.956609e-16 9.921147e-01 -1.253332e-01
    outer loop
      vertex   -3.466667e+01 3.265708e+00 1.656428e+01
      vertex   -3.733333e+01 3.250000e+00 1.643993e+01
      vertex   -3.733333e+01 3.265708e+00 1.656428e+01
    endloop
  endfacet
  facet normal 4.645167e-16 9.297765e-01 -3.681246e-01
    outer loop
      vertex   -3.466667e+01 3.265708e+00 1.656428e+01
      vertex   -3.733333e+01 3.265708e+00 1.656428e+01
      vertex   -3.466667e+01 3.311847e+00 1.668081e+01
    endloop
  endfacet
  facet normal 3.096778e-16 9.297765e-01 -3.681246e-01
    outer loop
      vertex   -3.466667e+01 3.311847e+00 1.668081e+01
      vertex   -3.733333e+01 3.265708e+00 1.656428e+01
      vertex   -3.733333e+01 3.311847e+00 1.668081e+01
    endloop
  endfacet
  facet normal 2.694568e-16 8.090170e-01 -5.877853e-01
    outer loop
      vertex   -3.466667e+01 3.311847e+00 1.668081e+01
      vertex   -3.733333e+01 3.311847e+00 1.668081e+01
      vertex   -3.466667e+01 3.385516e+00 1.678221e+01
    endloop
  endfacet
  facet normal 1.347284e-16 8.090170e-01 -5.877853e-01
    outer loop
      vertex   -3.466667e+01 3.385516e+00 1.678221e+01
      vertex   -3.733333e+01 3.311847e+00 1.668081e+01
      vertex   -3.733333e+01 3.385516e+00 1.678221e+01
    endloop
  endfacet
  facet normal 1.061524e-16 6.374240e-01 -7.705132e-01
    outer loop
      vertex   -3.466667e+01 3.385516e+00 1.678221e+01
      vertex   -3.733333e+01 3.385516e+00 1.678221e+01
      vertex   -3.466667e+01 3.482087e+00 1.686210e+01
    endloop
  endfacet
  facet normal 2.123048e-16 6.374240e-01 -7.705132e-01
    outer loop
      vertex   -3.466667e+01 3.482087e+00 1.686210e+01
      vertex   -3.733333e+01 3.385516e+00 1.678221e+01
      vertex   -3.733333e+01 3.482087e+00 1.686210e+01
    endloop
  endfacet
  facet normal 1.418130e-16 4.257793e-01 -9.048271e-01
    outer loop
      vertex   -3.466667e+01 3.482087e+00 1.686210e+01
      vertex   -3.733333e+01 3.482087e+00 1.686210e+01
      vertex   -3.466667e+01 3.595492e+00 1.691546e+01
    endloop
  endfacet
  facet normal 2.127195e-16 4.257793e-01 -9.048271e-01
    outer loop
      vertex   -3.466667e+01 3.595492e+00 1.691546e+01
      vertex   -3.733333e+01 3.482087e+00 1.686210e+01
      vertex   -3.733333e+01 3.595492e+00 1.691546e+01
    endloop
  endfacet
  facet normal 9.361577e-17 1.873813e-01 -9.822873e-01
    outer loop
      vertex   -3.466667e+01 3.595492e+00 1.691546e+01
      vertex   -3.733333e+01 3.595492e+00 1.691546e+01
      vertex   -3.466667e+01 3.718605e+00 1.693895e+01
    endloop
  endfacet
  facet normal 6.241051e-17 1.873813e-01 -9.822873e-01
    outer loop
      vertex   -3.466667e+01 3.718605e+00 1.693895e+01
      vertex   -3.733333e+01 3.595492e+00 1.691546e+01
      vertex   -3.733333e+01 3.718605e+00 1.693895e+01
    endloop
  endfacet
  facet normal -2.091344e-17 -6.279052e-02 -9.980267e-01
    outer loop
      vertex   -3.466667e+01 3.718605e+00 1.693895e+01
      vertex   -3.733333e+01 3.718605e+00 1.693895e+01
      vertex   -3.466667e+01 3.843691e+00 1.693108e+01
    endloop
  endfacet
  facet normal -2.091344e-17 -6.279052e-02 -9.980267e-01
    outer loop
      vertex   -3.466667e+01 3.843691e+00 1.693108e+01
      vertex   -3.733333e+01 3.718605e+00 1.693895e+01
      vertex   -3.733333e+01 3.843691e+00 1.693108e+01
    endloop
  endfacet
  facet normal -1.029233e-16 -3.090170e-01 -9.510565e-01
    outer loop
      vertex   -3.466667e+01 3.843691e+00 1.693108e+01
      vertex   -3.733333e+01 3.843691e+00 1.693108e+01
      vertex   -3.466667e+01 3.962890e+00 1.689235e+01
    endloop
  endfacet
  facet normal -1.543850e-16 -3.090170e-01 -9.510565e-01
    outer loop
      vertex   -3.466667e+01 3.962890e+00 1.689235e+01
      vertex   -3.733333e+01 3.843691e+00 1.693108e+01
      vertex   -3.733333e+01 3.962890e+00 1.689235e+01
    endloop
  endfacet
  facet normal -2.676993e-16 -5.358268e-01 -8.443279e-01
    outer loop
      vertex   -3.466667e+01 3.962890e+00 1.689235e+01
      vertex   -3.733333e+01 3.962890e+00 1.689235e+01
      vertex   -3.466667e+01 4.068712e+00 1.682519e+01
    endloop
  endfacet
  facet normal -1.784662e-16 -5.358268e-01 -8.443279e-01
    outer loop
      vertex   -3.466667e+01 4.068712e+00 1.682519e+01
      vertex   -3.733333e+01 3.962890e+00 1.689235e+01
      vertex   -3.733333e+01 4.068712e+00 1.682519e+01
    endloop
  endfacet
  facet normal -2.427953e-16 -7.289686e-01 -6.845471e-01
    outer loop
      vertex   -3.466667e+01 4.068712e+00 1.682519e+01
      vertex   -3.733333e+01 4.068712e+00 1.682519e+01
      vertex   -3.466667e+01 4.154508e+00 1.673382e+01
    endloop
  endfacet
  facet normal -2.427953e-16 -7.289686e-01 -6.845471e-01
    outer loop
      vertex   -3.466667e+01 4.154508e+00 1.673382e+01
      vertex   -3.733333e+01 4.068712e+00 1.682519e+01
      vertex   -3.733333e+01 4.154508e+00 1.673382e+01
    endloop
  endfacet
  facet normal -2.918688e-16 -8.763067e-01 -4.817537e-01
    outer loop
      vertex   -3.466667e+01 4.154508e+00 1.673382e+01
      vertex   -3.733333e+01 4.154508e+00 1.673382e+01
      vertex   -3.466667e+01 4.214888e+00 1.662399e+01
    endloop
  endfacet
  facet normal -2.918688e-16 -8.763067e-01 -4.817537e-01
    outer loop
      vertex   -3.466667e+01 4.214888e+00 1.662399e+01
      vertex   -3.733333e+01 4.154508e+00 1.673382e+01
      vertex   -3.733333e+01 4.214888e+00 1.662399e+01
    endloop
  endfacet
  facet normal -3.226030e-16 -9.685832e-01 -2.486899e-01
    outer loop
      vertex   -3.466667e+01 4.214888e+00 1.662399e+01
      vertex   -3.733333e+01 4.214888e+00 1.662399e+01
      vertex   -3.466667e+01 4.246057e+00 1.650260e+01
    endloop
  endfacet
  facet normal -0.000000e+00 -9.685832e-01 -2.486899e-01
    outer loop
      vertex   -3.466667e+01 4.246057e+00 1.650260e+01
      vertex   -3.733333e+01 4.214888e+00 1.662399e+01
      vertex   -3.733333e+01 4.246057e+00 1.650260e+01
    endloop
  endfacet
  facet normal -0.000000e+00 -1.000000e+00 -0.000000e+00
    outer loop
      vertex   -3.466667e+01 4.246057e+00 1.650260e+01
      vertex   -3.733333e+01 4.246057e+00 1.650260e+01
      vertex   -3.466667e+01 4.246057e+00 1.637727e+01
    endloop
  endfacet
  facet normal -3.330669e-16 -1.000000e+00 -7.086536e-15
    outer loop
      vertex   -3.466667e+01 4.246057e+00 1.637727e+01
      vertex   -3.733333e+01 4.246057e+00 1.650260e+01
      vertex   -3.733333e+01 4.246057e+00 1.637727e+01
    endloop
  endfacet
  facet normal -3.226030e-16 -9.685832e-01 2.486899e-01
    outer loop
      vertex   -3.466667e+01 4.246057e+00 1.637727e+01
      vertex   -3.733333e+01 4.246057e+00 1.637727e+01
      vertex   -3.466667e+01 4.214888e+00 1.625587e+01
    endloop
  endfacet
  facet normal -3.226030e-16 -9.685832e-01 2.486899e-01
    outer loop
      vertex   -3.466667e+01 4.214888e+00 1.625587e+01
      vertex   -3.733333e+01 4.246057e+00 1.637727e+01
      vertex   -3.733333e+01 4.214888e+00 1.625587e+01
    endloop
  endfacet
  facet normal -2.918688e-16 -8.763067e-01 4.817537e-01
    outer loop
      vertex   -3.466667e+01 4.214888e+00 1.625587e+01
      vertex   -3.733333e+01 4.214888e+00 1.625587e+01
      vertex   -3.466667e+01 4.154508e+00 1.614604e+01
    endloop
  endfacet
  facet normal -2.918688e-16 -8.763067e-01 4.817537e-01
    outer loop
      vertex   -3.466667e+01 4.154508e+00 1.614604e+01
      vertex   -3.733333e+01 4.214888e+00 1.625587e+01
      vertex   -3.733333e+01 4.154508e+00 1.614604e+01
    endloop
  endfacet
  facet normal -2.427953e-16 -7.289686e-01 6.845471e-01
    outer loop
      vertex   -3.466667e+01 4.154508e+00 1.614604e+01
      vertex   -3.733333e+01 4.154508e+00 1.614604e+01
      vertex   -3.466667e+01 4.068712e+00 1.605468e+01
    endloop
  endfacet
  facet normal -2.427953e-16 -7.289686e-01 6.845471e-01
    outer loop
      vertex   -3.466667e+01 4.068712e+00 1.605468e+01
      vertex   -3.733333e+01 4.154508e+00 1.614604e+01
      vertex   -3.733333e+01 4.068712e+00 1.605468e+01
    endloop
  endfacet
  facet normal -1.784662e-16 -5.358268e-01 8.443279e-01
    outer loop
      vertex   -3.466667e+01 4.068712e+00 1.605468e+01
      vertex   -3.733333e+01 4.068712e+00 1.605468e+01
      vertex   -3.466667e+01 3.962890e+00 1.598752e+01
    endloop
  endfacet
  facet normal -3.569323e-16 -5.358268e-01 8.443279e-01
    outer loop
      vertex   -3.466667e+01 3.962890e+00 1.598752e+01
      vertex   -3.733333e+01 4.068712e+00 1.605468e+01
      vertex   -3.733333e+01 3.962890e+00 1.598752e+01
    endloop
  endfacet
  facet normal -2.058467e-16 -3.090170e-01 9.510565e-01
    outer loop
      vertex   -3.466667e+01 3.962890e+00 1.598752e+01
      vertex   -3.733333e+01 3.962890e+00 1.598752e+01
      vertex   -3.466667e+01 3.843691e+00 1.594879e+01
    endloop
  endfacet
  facet normal -1.029233e-16 -3.090170e-01 9.510565e-01
    outer loop
      vertex   -3.466667e+01 3.843691e+00 1.594879e+01
      vertex   -3.733333e+01 3.962890e+00 1.598752e+01
      vertex   -3.733333e+01 3.843691e+00 1.594879e+01
    endloop
  endfacet
  facet normal -2.091344e-17 -6.279052e-02 9.980267e-01
    outer loop
      vertex   -3.466667e+01 3.843691e+00 1.594879e+01
      vertex   -3.733333e+01 3.843691e+00 1.594879e+01
      vertex   -3.466667e+01 3.718605e+00 1.594092e+01
    endloop
  endfacet
  facet normal -2.091344e-17 -6.279052e-02 9.980267e-01
    outer loop
      vertex   -3.466667e+01 3.718605e+00 1.594092e+01
      vertex   -3.733333e+01 3.843691e+00 1.594879e+01
      vertex   -3.733333e+01 3.718605e+00 1.594092e+01
    endloop
  endfacet
  facet normal 6.241051e-17 1.873813e-01 9.822873e-01
    outer loop
      vertex   -3.466667e+01 3.718605e+00 1.594092e+01
      vertex   -3.733333e+01 3.718605e+00 1.594092e+01
      vertex   -3.466667e+01 3.595492e+00 1.596440e+01
    endloop
  endfacet
  facet normal 9.361577e-17 1.873813e-01 9.822873e-01
    outer loop
      vertex   -3.466667e+01 3.595492e+00 1.596440e+01
      vertex   -3.733333e+01 3.718605e+00 1.594092e+01
      vertex   -3.733333e+01 3.595492e+00 1.596440e+01
    endloop
  endfacet
  facet normal 2.127195e-16 4.257793e-01 9.048271e-01
    outer loop
      vertex   -3.466667e+01 3.595492e+00 1.596440e+01
      vertex   -3.733333e+01 3.595492e+00 1.596440e+01
      vertex   -3.466667e+01 3.482087e+00 1.601777e+01
    endloop
  endfacet
  facet normal 1.418130e-16 4.257793e-01 9.048271e-01
    outer loop
      vertex   -3.466667e+01 3.482087e+00 1.601777e+01
      vertex   -3.733333e+01 3.595492e+00 1.596440e+01
      vertex   -3.733333e+01 3.482087e+00 1.601777e+01
    endloop
  endfacet
  facet normal 2.123048e-16 6.374240e-01 7.705132e-01
    outer loop
      vertex   -3.466667e+01 3.482087e+00 1.601777e+01
      vertex   -3.733333e+01 3.482087e+00 1.601777e+01
      vertex   -3.466667e+01 3.385516e+00 1.609766e+01
    endloop
  endfacet
  facet normal 3.184573e-16 6.374240e-01 7.705132e-01
    outer loop
      vertex   -3.466667e+01 3.385516e+00 1.609766e+01
      vertex   -3.733333e+01 3.482087e+00 1.601777e+01
      vertex   -3.733333e+01 3.385516e+00 1.609766e+01
    endloop
  endfacet
  facet normal 4.041852e-16 8.090170e-01 5.877853e-01
    outer loop
      vertex   -3.466667e+01 3.385516e+00 1.609766e+01
      vertex   -3.733333e+01 3.385516e+00 1.609766e+01
      vertex   -3.466667e+01 3.311847e+00 1.619906e+01
    endloop
  endfacet
  facet normal 2.694568e-16 8.090170e-01 5.877853e-01
    outer loop
      vertex   -3.466667e+01 3.311847e+00 1.619906e+01
      vertex   -3.733333e+01 3.385516e+00 1.609766e+01
      vertex   -3.733333e+01 3.311847e+00 1.619906e+01
    endloop
  endfacet
  facet normal 3.096778e-16 9.297765e-01 3.681246e-01
    outer loop
      vertex   -3.466667e+01 3.311847e+00 1.619906e+01
      vertex   -3.733333e+01 3.311847e+00 1.619906e+01
      vertex   -3.466667e+01 3.265708e+00 1.631559e+01
    endloop
  endfacet
  facet normal 6.193556e-16 9.297765e-01 3.681246e-01
    outer loop
      vertex   -3.466667e+01 3.265708e+00 1.631559e+01
      vertex   -3.733333e+01 3.311847e+00 1.619906e+01
      vertex   -3.733333e+01 3.265708e+00 1.631559e+01
    endloop
  endfacet
  facet normal 6.608812e-16 9.921147e-01 1.253332e-01
    outer loop
      vertex   -3.466667e+01 3.265708e+00 1.631559e+01
      vertex   -3.733333e+01 3.265708e+00 1.631559e+01
      vertex   -3.466667e+01 3.250000e+00 1.643993e+01
    endloop
  endfacet
  facet normal 3.304406e-16 9.921147e-01 1.253332e-01
    outer loop
      vertex   -3.466667e+01 3.250000e+00 1.643993e+01
      vertex   -3.733333e+01 3.265708e+00 1.631559e+01
      vertex   -3.733333e+01 3.250000e+00 1.643993e+01
    endloop
  endfacet
  facet normal -5.000000e-01 8.660254e-01 0.000000e+00
    outer loop
      vertex   -4.000000e+01 7.618802e+00 1.913993e+01
      vertex   -3.200000e+01 1.223760e+01 1.913993e+01
      vertex   -4.000000e+01 7.618802e+00 1.043993e+01
    endloop
  endfacet
  facet normal -5.000000e-01 8.660254e-01 -2.735479e-17
    outer loop
      vertex   -4.000000e+01 7.618802e+00 1.043993e+01
      vertex   -3.200000e+01 1.223760e+01 1.913993e+01
      vertex   -3.200000e+01 1.223760e+01 1.043993e+01
    endloop
  endfacet
  facet normal -1.000000e+00 1.538370e-15 3.730558e-15
    outer loop
      vertex   -4.000000e+01 7.618802e+00 1.913993e+01
      vertex   -4.000000e+01 3.718605e+00 1.693895e+01
      vertex   -4.000000e+01 -1.618802e+00 1.913993e+01
    endloop
  endfacet
  facet normal -1.000000e+00 0.000000e+00 0.000000e+00
    outer loop
      vertex   -4.000000e+01 -1.618802e+00 1.913993e+01
      vertex   -4.000000e+01 3.718605e+00 1.693895e+01
      vertex   -4.000000e+01 3.595492e+00 1.691546e+01
    endloop
  endfacet
  facet normal -1.000000e+00 0.000000e+00 0.000000e+00
    outer loop
      vertex   -4.000000e+01 -1.618802e+00 1.913993e+01
      vertex   -4.000000e+01 3.595492e+00 1.691546e+01
      vertex   -4.000000e+01 3.482087e+00 1.686210e+01
    endloop
  endfacet
  facet normal -1.000000e+00 4.174857e-15 0.000000e+00
    outer loop
      vertex   -4.000000e+01 7.618802e+00 1.043993e+01
      vertex   -4.000000e+01 4.214888e+00 1.625587e+01
      vertex   -4.000000e+01 7.618802e+00 1.913993e+01
    endloop
  endfacet
  facet normal -1.000000e+00 5.335581e-15 -1.369944e-15
    outer loop
      vertex   -4.000000e+01 7.618802e+00 1.913993e+01
      vertex   -4.000000e+01 4.214888e+00 1.625587e+01
      vertex   -4.000000e+01 4.246057e+00 1.637727e+01
    endloop
  endfacet
  facet normal -1.000000e+00 4.213439e-15 2.985869e-29
    outer loop
      vertex   -4.000000e+01 7.618802e+00 1.913993e+01
      vertex   -4.000000e+01 4.246057e+00 1.637727e+01
      vertex   -4.000000e+01 4.246057e+00 1.650260e+01
    endloop
  endfacet
  facet normal -1.000000e+00 1.538370e-15 -1.492624e-15
    outer loop
      vertex   -4.000000e+01 -1.618802e+00 1.043993e+01
      vertex   -4.000000e+01 3.718605e+00 1.594092e+01
      vertex   -4.000000e+01 7.618802e+00 1.043993e+01
    endloop
  endfacet
  facet normal -1.000000e+00 1.555890e-16 -2.473016e-15
    outer loop
      vertex   -4.000000e+01 7.618802e+00 1.043993e+01
      vertex   -4.000000e+01 3.718605e+00 1.594092e+01
      vertex   -4.000000e+01 3.843691e+00 1.594879e+01
    endloop
  endfacet
  facet normal -1.000000e+00 6.855335e-16 -2.109855e-15
    outer loop
      vertex   -4.000000e+01 7.618802e+00 1.043993e+01
      vertex   -4.000000e+01 3.843691e+00 1.594879e+01
      vertex   -4.000000e+01 3.962890e+00 1.598752e+01
    endloop
  endfacet
  facet normal -1.000000e+00 0.000000e+00 0.000000e+00
    outer loop
      vertex   -4.000000e+01 -1.618802e+00 1.913993e+01
      vertex   -4.000000e+01 3.265708e+00 1.631559e+01
      vertex   -4.000000e+01 -1.618802e+00 1.043993e+01
    endloop
  endfacet
  facet normal -1.000000e+00 0.000000e+00 0.000000e+00
    outer loop
      vertex   -4.000000e+01 -1.618802e+00 1.043993e+01
      vertex   -4.000000e+01 3.265708e+00 1.631559e+01
      vertex   -4.000000e+01 3.311847e+00 1.619906e+01
    endloop
  endfacet
  facet normal -1.000000e+00 0.000000e+00 0.000000e+00
    outer loop
      vertex   -4.000000e+01 -1.618802e+00 1.043993e+01
      vertex   -4.000000e+01 3.311847e+00 1.619906e+01
      vertex   -4.000000e+01 3.385516e+00 1.609766e+01
    endloop
  endfacet
  facet normal -1.000000e+00 -2.825017e-14 -5.357405e-14
    outer loop
      vertex   -4.000000e+01 3.265708e+00 1.656428e+01
      vertex   -4.000000e+01 3.250000e+00 1.643993e+01
      vertex   -4.000000e+01 -1.618802e+00 1.913993e+01
    endloop
  endfacet
  facet normal -1.000000e+00 3.564519e-14 6.164591e-14
    outer loop
      vertex   -4.000000e+01 -1.618802e+00 1.913993e+01
      vertex   -4.000000e+01 3.250000e+00 1.643993e+01
      vertex   -4.000000e+01 3.265708e+00 1.631559e+01
    endloop
  endfacet
  facet normal -1.000000e+00 0.000000e+00 -0.000000e+00
    outer loop
      vertex   -4.000000e+01 3.385516e+00 1.609766e+01
      vertex   -4.000000e+01 3.482087e+00 1.601777e+01
      vertex   -4.000000e+01 -1.618802e+00 1.043993e+01
    endloop
  endfacet
  facet normal -1.000000e+00 0.000000e+00 0.000000e+00
    outer loop
      vertex   -4.000000e+01 -1.618802e+00 1.043993e+01
      vertex   -4.000000e+01 3.482087e+00 1.601777e+01
      vertex   -4.000000e+01 3.595492e+00 1.596440e+01
    endloop
  endfacet
  facet normal -1.000000e+00 0.000000e+00 0.000000e+00
    outer loop
      vertex   -4.000000e+01 -1.618802e+00 1.043993e+01
      vertex   -4.000000e+01 3.595492e+00 1.596440e+01
      vertex   -4.000000e+01 3.718605e+00 1.594092e+01
    endloop
  endfacet
  facet normal -1.000000e+00 1.146267e-15 -1.806228e-15
    outer loop
      vertex   -4.000000e+01 3.962890e+00 1.598752e+01
      vertex   -4.000000e+01 4.068712e+00 1.605468e+01
      vertex   -4.000000e+01 7.618802e+00 1.043993e+01
    endloop
  endfacet
  facet normal -1.000000e+00 1.610718e-15 -1.512565e-15
    outer loop
      vertex   -4.000000e+01 7.618802e+00 1.043993e+01
      vertex   -4.000000e+01 4.068712e+00 1.605468e+01
      vertex   -4.000000e+01 4.154508e+00 1.614604e+01
    endloop
  endfacet
  facet normal -1.000000e+00 2.152751e-15 -1.183485e-15
    outer loop
      vertex   -4.000000e+01 7.618802e+00 1.043993e+01
      vertex   -4.000000e+01 4.154508e+00 1.614604e+01
      vertex   -4.000000e+01 4.214888e+00 1.625587e+01
    endloop
  endfacet
  facet normal -1.000000e+00 3.508942e-15 9.009433e-16
    outer loop
      vertex   -4.000000e+01 4.246057e+00 1.650260e+01
      vertex   -4.000000e+01 4.214888e+00 1.662399e+01
      vertex   -4.000000e+01 7.618802e+00 1.913993e+01
    endloop
  endfacet
  facet normal -1.000000e+00 2.968596e-15 1.632000e-15
    outer loop
      vertex   -4.000000e+01 7.618802e+00 1.913993e+01
      vertex   -4.000000e+01 4.214888e+00 1.662399e+01
      vertex   -4.000000e+01 4.154508e+00 1.673382e+01
    endloop
  endfacet
  facet normal -1.000000e+00 2.482775e-15 2.331481e-15
    outer loop
      vertex   -4.000000e+01 7.618802e+00 1.913993e+01
      vertex   -4.000000e+01 4.154508e+00 1.673382e+01
      vertex   -4.000000e+01 4.068712e+00 1.682519e+01
    endloop
  endfacet
  facet normal -1.000000e+00 1.974404e-15 3.111163e-15
    outer loop
      vertex   -4.000000e+01 4.068712e+00 1.682519e+01
      vertex   -4.000000e+01 3.962890e+00 1.689235e+01
      vertex   -4.000000e+01 7.618802e+00 1.913993e+01
    endloop
  endfacet
  facet normal -1.000000e+00 1.344036e-15 4.136516e-15
    outer loop
      vertex   -4.000000e+01 7.618802e+00 1.913993e+01
      vertex   -4.000000e+01 3.962890e+00 1.689235e+01
      vertex   -4.000000e+01 3.843691e+00 1.693108e+01
    endloop
  endfacet
  facet normal -1.000000e+00 3.654691e-16 5.808964e-15
    outer loop
      vertex   -4.000000e+01 7.618802e+00 1.913993e+01
      vertex   -4.000000e+01 3.843691e+00 1.693108e+01
      vertex   -4.000000e+01 3.718605e+00 1.693895e+01
    endloop
  endfacet
  facet normal -1.000000e+00 -0.000000e+00 0.000000e+00
    outer loop
      vertex   -4.000000e+01 3.482087e+00 1.686210e+01
      vertex   -4.000000e+01 3.385516e+00 1.678221e+01
      vertex   -4.000000e+01 -1.618802e+00 1.913993e+01
    endloop
  endfacet
  facet normal -1.000000e+00 0.000000e+00 0.000000e+00
    outer loop
      vertex   -4.000000e+01 -1.618802e+00 1.913993e+01
      vertex   -4.000000e+01 3.385516e+00 1.678221e+01
      vertex   -4.000000e+01 3.311847e+00 1.668081e+01
    endloop
  endfacet
  facet normal -1.000000e+00 0.000000e+00 0.000000e+00
    outer loop
      vertex   -4.000000e+01 -1.618802e+00 1.913993e+01
      vertex   -4.000000e+01 3.311847e+00 1.668081e+01
      vertex   -4.000000e+01 3.265708e+00 1.656428e+01
    endloop
  endfacet
  facet normal -5.000000e-01 -8.660254e-01 -0.000000e+00
    outer loop
      vertex   -3.200000e+01 -6.237604e+00 1.913993e+01
      vertex   -4.000000e+01 -1.618802e+00 1.913993e+01
      vertex   -3.200000e+01 -6.237604e+00 1.043993e+01
    endloop
  endfacet
  facet normal -5.000000e-01 -8.660254e-01 -3.370249e-17
    outer loop
      vertex   -3.200000e+01 -6.237604e+00 1.043993e+01
      vertex   -4.000000e+01 -1.618802e+00 1.913993e+01
      vertex   -4.000000e+01 -1.618802e+00 1.043993e+01
    endloop
  endfacet
  facet normal 0.000000e+00 -0.000000e+00 -1.000000e+00
    outer loop
      vertex   -3.353167e+01 4.735871e+00 1.043993e+01
      vertex   -3.333668e+01 2.962394e+00 1.043993e+01
      vertex   -3.375064e+01 4.719210e+00 1.043993e+01
    endloop
  endfacet
  facet normal 0.000000e+00 0.000000e+00 -1.000000e+00
    outer loop
      vertex   -3.375064e+01 4.719210e+00 1.043993e+01
      vertex   -3.333668e+01 2.962394e+00 1.043993e+01
      vertex   -3.362500e+01 2.814583e+00 1.043993e+01
    endloop
  endfacet
  facet normal -0.000000e+00 -0.000000e+00 -1.000000e+00
    outer loop
      vertex   -3.375064e+01 4.719210e+00 1.043993e+01
      vertex   -3.362500e+01 2.814583e+00 1.043993e+01
      vertex   -3.403420e+01 4.754028e+00 1.043993e+01
    endloop
  endfacet
  facet normal 0.000000e+00 0.000000e+00 -1.000000e+00
    outer loop
      vertex   -3.403420e+01 4.754028e+00 1.043993e+01
      vertex   -3.362500e+01 2.814583e+00 1.043993e+01
      vertex   -3.389717e+01 2.638799e+00 1.043993e+01
    endloop
  endfacet
  facet normal -0.000000e+00 -0.000000e+00 -1.000000e+00
    outer loop
      vertex   -3.403420e+01 4.754028e+00 1.043993e+01
      vertex   -3.389717e+01 2.638799e+00 1.043993e+01
      vertex   -3.416903e+01 4.785528e+00 1.043993e+01
    endloop
  endfacet
  facet normal -0.000000e+00 -0.000000e+00 -1.000000e+00
    outer loop
      vertex   -3.416903e+01 4.785528e+00 1.043993e+01
      vertex   -3.389717e+01 2.638799e+00 1.043993e+01
      vertex   -3.429551e+01 4.833937e+00 1.043993e+01
    endloop
  endfacet
  facet normal 0.000000e+00 0.000000e+00 -1.000000e+00
    outer loop
      vertex   -3.429551e+01 4.833937e+00 1.043993e+01
      vertex   -3.389717e+01 2.638799e+00 1.043993e+01
      vertex   -3.415048e+01 2.436789e+00 1.043993e+01
    endloop
  endfacet
  facet normal -0.000000e+00 -0.000000e+00 -1.000000e+00
    outer loop
      vertex   -3.429551e+01 4.833937e+00 1.043993e+01
      vertex   -3.415048e+01 2.436789e+00 1.043993e+01
      vertex   -3.441165e+01 4.903316e+00 1.043993e+01
    endloop
  endfacet
  facet normal 0.000000e+00 0.000000e+00 -1.000000e+00
    outer loop
      vertex   -3.441165e+01 4.903316e+00 1.043993e+01
      vertex   -3.415048e+01 2.436789e+00 1.043993e+01
      vertex   -3.438242e+01 2.210561e+00 1.043993e+01
    endloop
  endfacet
  facet normal -0.000000e+00 -0.000000e+00 -1.000000e+00
    outer loop
      vertex   -3.441165e+01 4.903316e+00 1.043993e+01
      vertex   -3.438242e+01 2.210561e+00 1.043993e+01
      vertex   -3.451917e+01 4.990136e+00 1.043993e+01
    endloop
  endfacet
  facet normal 0.000000e+00 -0.000000e+00 -1.000000e+00
    outer loop
      vertex   -3.451917e+01 4.990136e+00 1.043993e+01
      vertex   -3.438242e+01 2.210561e+00 1.043993e+01
      vertex   -3.459068e+01 1.962364e+00 1.043993e+01
    endloop
  endfacet
  facet normal -0.000000e+00 0.000000e+00 -1.000000e+00
    outer loop
      vertex   -3.451917e+01 4.990136e+00 1.043993e+01
      vertex   -3.459068e+01 1.962364e+00 1.043993e+01
      vertex   -3.471988e+01 5.192843e+00 1.043993e+01
    endloop
  endfacet
  facet normal 0.000000e+00 -0.000000e+00 -1.000000e+00
    outer loop
      vertex   -3.471988e+01 5.192843e+00 1.043993e+01
      vertex   -3.459068e+01 1.962364e+00 1.043993e+01
      vertex   -3.477320e+01 1.694664e+00 1.043993e+01
    endloop
  endfacet
  facet normal -0.000000e+00 0.000000e+00 -1.000000e+00
    outer loop
      vertex   -3.471988e+01 5.192843e+00 1.043993e+01
      vertex   -3.477320e+01 1.694664e+00 1.043993e+01
      vertex   -3.482869e+01 5.375393e+00 1.043993e+01
    endloop
  endfacet
  facet normal 0.000000e+00 -0.000000e+00 -1.000000e+00
    outer loop
      vertex   -3.482869e+01 5.375393e+00 1.043993e+01
      vertex   -3.477320e+01 1.694664e+00 1.043993e+01
      vertex   -3.492815e+01 1.410122e+00 1.043993e+01
    endloop
  endfacet
  facet normal -0.000000e+00 0.000000e+00 -1.000000e+00
    outer loop
      vertex   -3.482869e+01 5.375393e+00 1.043993e+01
      vertex   -3.492815e+01 1.410122e+00 1.043993e+01
      vertex   -3.487544e+01 5.469167e+00 1.043993e+01
    endloop
  endfacet
  facet normal -0.000000e+00 0.000000e+00 -1.000000e+00
    outer loop
      vertex   -3.487544e+01 5.469167e+00 1.043993e+01
      vertex   -3.492815e+01 1.410122e+00 1.043993e+01
      vertex   -4.000000e+01 7.618802e+00 1.043993e+01
    endloop
  endfacet
  facet normal 0.000000e+00 0.000000e+00 -1.000000e+00
    outer loop
      vertex   -3.487544e+01 5.469167e+00 1.043993e+01
      vertex   -4.000000e+01 7.618802e+00 1.043993e+01
      vertex   -3.491299e+01 5.565942e+00 1.043993e+01
    endloop
  endfacet
  facet normal 0.000000e+00 0.000000e+00 -1.000000e+00
    outer loop
      vertex   -3.491299e+01 5.565942e+00 1.043993e+01
      vertex   -4.000000e+01 7.618802e+00 1.043993e+01
      vertex   -3.493938e+01 5.666357e+00 1.043993e+01
    endloop
  endfacet
  facet normal 0.000000e+00 0.000000e+00 -1.000000e+00
    outer loop
      vertex   -3.493938e+01 5.666357e+00 1.043993e+01
      vertex   -4.000000e+01 7.618802e+00 1.043993e+01
      vertex   -3.495670e+01 5.769733e+00 1.043993e+01
    endloop
  endfacet
  facet normal 0.000000e+00 0.000000e+00 -1.000000e+00
    outer loop
      vertex   -3.495670e+01 5.769733e+00 1.043993e+01
      vertex   -4.000000e+01 7.618802e+00 1.043993e+01
      vertex   -3.497623e+01 5.981417e+00 1.043993e+01
    endloop
  endfacet
  facet normal 0.000000e+00 0.000000e+00 -1.000000e+00
    outer loop
      vertex   -3.497623e+01 5.981417e+00 1.043993e+01
      vertex   -4.000000e+01 7.618802e+00 1.043993e+01
      vertex   -3.495521e+01 6.218880e+00 1.043993e+01
    endloop
  endfacet
  facet normal 0.000000e+00 0.000000e+00 -1.000000e+00
    outer loop
      vertex   -3.495521e+01 6.218880e+00 1.043993e+01
      vertex   -4.000000e+01 7.618802e+00 1.043993e+01
      vertex   -3.493503e+01 6.333963e+00 1.043993e+01
    endloop
  endfacet
  facet normal 0.000000e+00 0.000000e+00 -1.000000e+00
    outer loop
      vertex   -3.493503e+01 6.333963e+00 1.043993e+01
      vertex   -4.000000e+01 7.618802e+00 1.043993e+01
      vertex   -3.481753e+01 7.668429e+00 1.043993e+01
    endloop
  endfacet
  facet normal 0.000000e+00 0.000000e+00 -1.000000e+00
    outer loop
      vertex   -3.493503e+01 6.333963e+00 1.043993e+01
      vertex   -3.481753e+01 7.668429e+00 1.043993e+01
      vertex   -3.490326e+01 6.444669e+00 1.043993e+01
    endloop
  endfacet
  facet normal 0.000000e+00 0.000000e+00 -1.000000e+00
    outer loop
      vertex   -3.490326e+01 6.444669e+00 1.043993e+01
      vertex   -3.481753e+01 7.668429e+00 1.043993e+01
      vertex   -3.485681e+01 6.549839e+00 1.043993e+01
    endloop
  endfacet
  facet normal 0.000000e+00 0.000000e+00 -1.000000e+00
    outer loop
      vertex   -3.485681e+01 6.549839e+00 1.043993e+01
      vertex   -3.481753e+01 7.668429e+00 1.043993e+01
      vertex   -3.479780e+01 6.650270e+00 1.043993e+01
    endloop
  endfacet
  facet normal 0.000000e+00 0.000000e+00 -1.000000e+00
    outer loop
      vertex   -3.479780e+01 6.650270e+00 1.043993e+01
      vertex   -3.481753e+01 7.668429e+00 1.043993e+01
      vertex   -3.465884e+01 6.843234e+00 1.043993e+01
    endloop
  endfacet
  facet normal 0.000000e+00 0.000000e+00 -1.000000e+00
    outer loop
      vertex   -3.465884e+01 6.843234e+00 1.043993e+01
      vertex   -3.481753e+01 7.668429e+00 1.043993e+01
      vertex   -3.448973e+01 6.983087e+00 1.043993e+01
    endloop
  endfacet
  facet normal 0.000000e+00 0.000000e+00 -1.000000e+00
    outer loop
      vertex   -3.448973e+01 6.983087e+00 1.043993e+01
      vertex   -3.481753e+01 7.668429e+00 1.043993e+01
      vertex   -3.440102e+01 7.043336e+00 1.043993e+01
    endloop
  endfacet
  facet normal 0.000000e+00 0.000000e+00 -1.000000e+00
    outer loop
      vertex   -3.440102e+01 7.043336e+00 1.043993e+01
      vertex   -3.481753e+01 7.668429e+00 1.043993e+01
      vertex   -3.430733e+01 7.091972e+00 1.043993e+01
    endloop
  endfacet
  facet normal 0.000000e+00 0.000000e+00 -1.000000e+00
    outer loop
      vertex   -3.430733e+01 7.091972e+00 1.043993e+01
      vertex   -3.481753e+01 7.668429e+00 1.043993e+01
      vertex   -3.420756e+01 7.126391e+00 1.043993e+01
    endloop
  endfacet
  facet normal 0.000000e+00 0.000000e+00 -1.000000e+00
    outer loop
      vertex   -3.420756e+01 7.126391e+00 1.043993e+01
      vertex   -3.481753e+01 7.668429e+00 1.043993e+01
      vertex   -3.410278e+01 7.149156e+00 1.043993e+01
    endloop
  endfacet
  facet normal 0.000000e+00 0.000000e+00 -1.000000e+00
    outer loop
      vertex   -3.410278e+01 7.149156e+00 1.043993e+01
      vertex   -3.481753e+01 7.668429e+00 1.043993e+01
      vertex   -3.352359e+01 7.668429e+00 1.043993e+01
    endloop
  endfacet
  facet normal 0.000000e+00 0.000000e+00 -1.000000e+00
    outer loop
      vertex   -3.410278e+01 7.149156e+00 1.043993e+01
      vertex   -3.352359e+01 7.668429e+00 1.043993e+01
      vertex   -3.388492e+01 7.175265e+00 1.043993e+01
    endloop
  endfacet
  facet normal 0.000000e+00 0.000000e+00 -1.000000e+00
    outer loop
      vertex   -3.388492e+01 7.175265e+00 1.043993e+01
      vertex   -3.352359e+01 7.668429e+00 1.043993e+01
      vertex   -3.376310e+01 7.165683e+00 1.043993e+01
    endloop
  endfacet
  facet normal 0.000000e+00 0.000000e+00 -1.000000e+00
    outer loop
      vertex   -3.376310e+01 7.165683e+00 1.043993e+01
      vertex   -3.352359e+01 7.668429e+00 1.043993e+01
      vertex   -3.364384e+01 7.145540e+00 1.043993e+01
    endloop
  endfacet
  facet normal 0.000000e+00 0.000000e+00 -1.000000e+00
    outer loop
      vertex   -3.364384e+01 7.145540e+00 1.043993e+01
      vertex   -3.352359e+01 7.668429e+00 1.043993e+01
      vertex   -3.352877e+01 7.108121e+00 1.043993e+01
    endloop
  endfacet
  facet normal 0.000000e+00 0.000000e+00 -1.000000e+00
    outer loop
      vertex   -3.352877e+01 7.108121e+00 1.043993e+01
      vertex   -3.352359e+01 7.668429e+00 1.043993e+01
      vertex   -3.341617e+01 7.060519e+00 1.043993e+01
    endloop
  endfacet
  facet normal 0.000000e+00 0.000000e+00 -1.000000e+00
    outer loop
      vertex   -3.333668e+01 2.962394e+00 1.043993e+01
      vertex   -3.353167e+01 4.735871e+00 1.043993e+01
      vertex   -3.303508e+01 3.080764e+00 1.043993e+01
    endloop
  endfacet
  facet normal 0.000000e+00 0.000000e+00 -1.000000e+00
    outer loop
      vertex   -3.303508e+01 3.080764e+00 1.043993e+01
      vertex   -3.353167e+01 4.735871e+00 1.043993e+01
      vertex   -3.342497e+01 4.752402e+00 1.043993e+01
    endloop
  endfacet
  facet normal 0.000000e+00 0.000000e+00 -1.000000e+00
    outer loop
      vertex   -3.303508e+01 3.080764e+00 1.043993e+01
      vertex   -3.342497e+01 4.752402e+00 1.043993e+01
      vertex   -3.332162e+01 4.778773e+00 1.043993e+01
    endloop
  endfacet
  facet normal 0.000000e+00 0.000000e+00 -1.000000e+00
    outer loop
      vertex   -3.303508e+01 3.080764e+00 1.043993e+01
      vertex   -3.332162e+01 4.778773e+00 1.043993e+01
      vertex   -3.272319e+01 3.168516e+00 1.043993e+01
    endloop
  endfacet
  facet normal 0.000000e+00 0.000000e+00 -1.000000e+00
    outer loop
      vertex   -3.272319e+01 3.168516e+00 1.043993e+01
      vertex   -3.332162e+01 4.778773e+00 1.043993e+01
      vertex   -3.322252e+01 4.817689e+00 1.043993e+01
    endloop
  endfacet
  facet normal 0.000000e+00 0.000000e+00 -1.000000e+00
    outer loop
      vertex   -3.272319e+01 3.168516e+00 1.043993e+01
      vertex   -3.322252e+01 4.817689e+00 1.043993e+01
      vertex   -3.312713e+01 4.867506e+00 1.043993e+01
    endloop
  endfacet
  facet normal 0.000000e+00 0.000000e+00 -1.000000e+00
    outer loop
      vertex   -3.272319e+01 3.168516e+00 1.043993e+01
      vertex   -3.312713e+01 4.867506e+00 1.043993e+01
      vertex   -3.240412e+01 3.224777e+00 1.043993e+01
    endloop
  endfacet
  facet normal 0.000000e+00 0.000000e+00 -1.000000e+00
    outer loop
      vertex   -3.240412e+01 3.224777e+00 1.043993e+01
      vertex   -3.312713e+01 4.867506e+00 1.043993e+01
      vertex   -3.294253e+01 4.985323e+00 1.043993e+01
    endloop
  endfacet
  facet normal 0.000000e+00 0.000000e+00 -1.000000e+00
    outer loop
      vertex   -3.240412e+01 3.224777e+00 1.043993e+01
      vertex   -3.294253e+01 4.985323e+00 1.043993e+01
      vertex   -3.200259e+01 4.780245e+00 1.043993e+01
    endloop
  endfacet
  facet normal 0.000000e+00 0.000000e+00 -1.000000e+00
    outer loop
      vertex   -3.200259e+01 4.780245e+00 1.043993e+01
      vertex   -3.294253e+01 4.985323e+00 1.043993e+01
      vertex   -3.280202e+01 5.139233e+00 1.043993e+01
    endloop
  endfacet
  facet normal 0.000000e+00 0.000000e+00 -1.000000e+00
    outer loop
      vertex   -3.200259e+01 4.780245e+00 1.043993e+01
      vertex   -3.280202e+01 5.139233e+00 1.043993e+01
      vertex   -3.273997e+01 5.220523e+00 1.043993e+01
    endloop
  endfacet
  facet normal 0.000000e+00 0.000000e+00 -1.000000e+00
    outer loop
      vertex   -3.273997e+01 5.220523e+00 1.043993e+01
      vertex   -3.268775e+01 5.307016e+00 1.043993e+01
      vertex   -3.200259e+01 4.780245e+00 1.043993e+01
    endloop
  endfacet
  facet normal 0.000000e+00 0.000000e+00 -1.000000e+00
    outer loop
      vertex   -3.200259e+01 4.780245e+00 1.043993e+01
      vertex   -3.268775e+01 5.307016e+00 1.043993e+01
      vertex   -3.200259e+01 5.466280e+00 1.043993e+01
    endloop
  endfacet
  facet normal 0.000000e+00 0.000000e+00 -1.000000e+00
    outer loop
      vertex   -3.200259e+01 5.466280e+00 1.043993e+01
      vertex   -3.268775e+01 5.307016e+00 1.043993e+01
      vertex   -3.264720e+01 5.399680e+00 1.043993e+01
    endloop
  endfacet
  facet normal -0.000000e+00 0.000000e+00 -1.000000e+00
    outer loop
      vertex   -3.200259e+01 5.466280e+00 1.043993e+01
      vertex   -3.264720e+01 5.399680e+00 1.043993e+01
      vertex   -3.261596e+01 5.497269e+00 1.043993e+01
    endloop
  endfacet
  facet normal 0.000000e+00 0.000000e+00 -1.000000e+00
    outer loop
      vertex   -3.261596e+01 5.497269e+00 1.043993e+01
      vertex   -3.256900e+01 5.700655e+00 1.043993e+01
      vertex   -3.200259e+01 5.466280e+00 1.043993e+01
    endloop
  endfacet
  facet normal 0.000000e+00 0.000000e+00 -1.000000e+00
    outer loop
      vertex   -3.200259e+01 5.466280e+00 1.043993e+01
      vertex   -3.256900e+01 5.700655e+00 1.043993e+01
      vertex   -3.265201e+01 6.447726e+00 1.043993e+01
    endloop
  endfacet
  facet normal 0.000000e+00 0.000000e+00 -1.000000e+00
    outer loop
      vertex   -3.200259e+01 5.466280e+00 1.043993e+01
      vertex   -3.265201e+01 6.447726e+00 1.043993e+01
      vertex   -3.131656e+01 5.466280e+00 1.043993e+01
    endloop
  endfacet
  facet normal 0.000000e+00 0.000000e+00 -1.000000e+00
    outer loop
      vertex   -3.131656e+01 5.466280e+00 1.043993e+01
      vertex   -3.265201e+01 6.447726e+00 1.043993e+01
      vertex   -3.014468e+01 8.373995e+00 1.043993e+01
    endloop
  endfacet
  facet normal 0.000000e+00 0.000000e+00 -1.000000e+00
    outer loop
      vertex   -3.131656e+01 5.466280e+00 1.043993e+01
      vertex   -3.014468e+01 8.373995e+00 1.043993e+01
      vertex   -3.014468e+01 4.780245e+00 1.043993e+01
    endloop
  endfacet
  facet normal 0.000000e+00 -0.000000e+00 -1.000000e+00
    outer loop
      vertex   -3.265201e+01 6.447726e+00 1.043993e+01
      vertex   -3.256900e+01 5.700655e+00 1.043993e+01
      vertex   -3.320865e+01 6.367159e+00 1.043993e+01
    endloop
  endfacet
  facet normal 0.000000e+00 -0.000000e+00 -1.000000e+00
    outer loop
      vertex   -3.320865e+01 6.367159e+00 1.043993e+01
      vertex   -3.256900e+01 5.700655e+00 1.043993e+01
      vertex   -3.325259e+01 5.771456e+00 1.043993e+01
    endloop
  endfacet
  facet normal -0.000000e+00 0.000000e+00 -1.000000e+00
    outer loop
      vertex   -3.320865e+01 6.367159e+00 1.043993e+01
      vertex   -3.325259e+01 5.771456e+00 1.043993e+01
      vertex   -3.332189e+01 6.472508e+00 1.043993e+01
    endloop
  endfacet
  facet normal -0.000000e+00 -0.000000e+00 -1.000000e+00
    outer loop
      vertex   -3.332189e+01 6.472508e+00 1.043993e+01
      vertex   -3.325259e+01 5.771456e+00 1.043993e+01
      vertex   -3.338167e+01 6.518586e+00 1.043993e+01
    endloop
  endfacet
  facet normal -0.000000e+00 -0.000000e+00 -1.000000e+00
    outer loop
      vertex   -3.338167e+01 6.518586e+00 1.043993e+01
      vertex   -3.325259e+01 5.771456e+00 1.043993e+01
      vertex   -3.344525e+01 6.556750e+00 1.043993e+01
    endloop
  endfacet
  facet normal -0.000000e+00 -0.000000e+00 -1.000000e+00
    outer loop
      vertex   -3.344525e+01 6.556750e+00 1.043993e+01
      vertex   -3.325259e+01 5.771456e+00 1.043993e+01
      vertex   -3.351367e+01 6.584841e+00 1.043993e+01
    endloop
  endfacet
  facet normal -0.000000e+00 -0.000000e+00 -1.000000e+00
    outer loop
      vertex   -3.351367e+01 6.584841e+00 1.043993e+01
      vertex   -3.325259e+01 5.771456e+00 1.043993e+01
      vertex   -3.358626e+01 6.604208e+00 1.043993e+01
    endloop
  endfacet
  facet normal -0.000000e+00 -0.000000e+00 -1.000000e+00
    outer loop
      vertex   -3.358626e+01 6.604208e+00 1.043993e+01
      vertex   -3.325259e+01 5.771456e+00 1.043993e+01
      vertex   -3.373843e+01 6.628390e+00 1.043993e+01
    endloop
  endfacet
  facet normal 0.000000e+00 -0.000000e+00 -1.000000e+00
    outer loop
      vertex   -3.373843e+01 6.628390e+00 1.043993e+01
      vertex   -3.325259e+01 5.771456e+00 1.043993e+01
      vertex   -3.384718e+01 6.616373e+00 1.043993e+01
    endloop
  endfacet
  facet normal 0.000000e+00 -0.000000e+00 -1.000000e+00
    outer loop
      vertex   -3.384718e+01 6.616373e+00 1.043993e+01
      vertex   -3.325259e+01 5.771456e+00 1.043993e+01
      vertex   -3.419140e+01 6.349601e+00 1.043993e+01
    endloop
  endfacet
  facet normal 0.000000e+00 0.000000e+00 -1.000000e+00
    outer loop
      vertex   -3.384718e+01 6.616373e+00 1.043993e+01
      vertex   -3.419140e+01 6.349601e+00 1.043993e+01
      vertex   -3.394898e+01 6.588493e+00 1.043993e+01
    endloop
  endfacet
  facet normal 0.000000e+00 0.000000e+00 -1.000000e+00
    outer loop
      vertex   -3.394898e+01 6.588493e+00 1.043993e+01
      vertex   -3.419140e+01 6.349601e+00 1.043993e+01
      vertex   -3.403897e+01 6.533677e+00 1.043993e+01
    endloop
  endfacet
  facet normal 0.000000e+00 0.000000e+00 -1.000000e+00
    outer loop
      vertex   -3.403897e+01 6.533677e+00 1.043993e+01
      vertex   -3.419140e+01 6.349601e+00 1.043993e+01
      vertex   -3.412173e+01 6.462374e+00 1.043993e+01
    endloop
  endfacet
  facet normal 0.000000e+00 0.000000e+00 -1.000000e+00
    outer loop
      vertex   -3.327379e+01 5.668670e+00 1.043993e+01
      vertex   -3.424224e+01 5.691528e+00 1.043993e+01
      vertex   -3.325259e+01 5.771456e+00 1.043993e+01
    endloop
  endfacet
  facet normal -0.000000e+00 0.000000e+00 -1.000000e+00
    outer loop
      vertex   -3.325259e+01 5.771456e+00 1.043993e+01
      vertex   -3.424224e+01 5.691528e+00 1.043993e+01
      vertex   -3.426425e+01 5.827997e+00 1.043993e+01
    endloop
  endfacet
  facet normal 0.000000e+00 0.000000e+00 -1.000000e+00
    outer loop
      vertex   -3.325259e+01 5.771456e+00 1.043993e+01
      vertex   -3.426425e+01 5.827997e+00 1.043993e+01
      vertex   -3.427066e+01 5.969210e+00 1.043993e+01
    endloop
  endfacet
  facet normal -0.000000e+00 0.000000e+00 -1.000000e+00
    outer loop
      vertex   -3.327379e+01 5.668670e+00 1.043993e+01
      vertex   -3.330669e+01 5.571500e+00 1.043993e+01
      vertex   -3.424224e+01 5.691528e+00 1.043993e+01
    endloop
  endfacet
  facet normal 0.000000e+00 0.000000e+00 -1.000000e+00
    outer loop
      vertex   -3.424224e+01 5.691528e+00 1.043993e+01
      vertex   -3.330669e+01 5.571500e+00 1.043993e+01
      vertex   -3.335992e+01 5.484083e+00 1.043993e+01
    endloop
  endfacet
  facet normal 0.000000e+00 0.000000e+00 -1.000000e+00
    outer loop
      vertex   -3.424224e+01 5.691528e+00 1.043993e+01
      vertex   -3.335992e+01 5.484083e+00 1.043993e+01
      vertex   -3.419175e+01 5.563726e+00 1.043993e+01
    endloop
  endfacet
  facet normal 0.000000e+00 0.000000e+00 -1.000000e+00
    outer loop
      vertex   -3.419175e+01 5.563726e+00 1.043993e+01
      vertex   -3.335992e+01 5.484083e+00 1.043993e+01
      vertex   -3.342593e+01 5.402804e+00 1.043993e+01
    endloop
  endfacet
  facet normal 0.000000e+00 0.000000e+00 -1.000000e+00
    outer loop
      vertex   -3.419175e+01 5.563726e+00 1.043993e+01
      vertex   -3.342593e+01 5.402804e+00 1.043993e+01
      vertex   -3.349995e+01 5.346827e+00 1.043993e+01
    endloop
  endfacet
  facet normal -0.000000e+00 0.000000e+00 -1.000000e+00
    outer loop
      vertex   -3.349995e+01 5.346827e+00 1.043993e+01
      vertex   -3.357882e+01 5.302960e+00 1.043993e+01
      vertex   -3.419175e+01 5.563726e+00 1.043993e+01
    endloop
  endfacet
  facet normal 0.000000e+00 0.000000e+00 -1.000000e+00
    outer loop
      vertex   -3.419175e+01 5.563726e+00 1.043993e+01
      vertex   -3.357882e+01 5.302960e+00 1.043993e+01
      vertex   -3.366590e+01 5.279530e+00 1.043993e+01
    endloop
  endfacet
  facet normal 0.000000e+00 0.000000e+00 -1.000000e+00
    outer loop
      vertex   -3.419175e+01 5.563726e+00 1.043993e+01
      vertex   -3.366590e+01 5.279530e+00 1.043993e+01
      vertex   -3.375796e+01 5.268527e+00 1.043993e+01
    endloop
  endfacet
  facet normal 0.000000e+00 0.000000e+00 -1.000000e+00
    outer loop
      vertex   -3.375796e+01 5.268527e+00 1.043993e+01
      vertex   -3.386253e+01 5.282979e+00 1.043993e+01
      vertex   -3.419175e+01 5.563726e+00 1.043993e+01
    endloop
  endfacet
  facet normal 0.000000e+00 0.000000e+00 -1.000000e+00
    outer loop
      vertex   -3.419175e+01 5.563726e+00 1.043993e+01
      vertex   -3.386253e+01 5.282979e+00 1.043993e+01
      vertex   -3.395956e+01 5.313393e+00 1.043993e+01
    endloop
  endfacet
  facet normal 0.000000e+00 0.000000e+00 -1.000000e+00
    outer loop
      vertex   -3.419175e+01 5.563726e+00 1.043993e+01
      vertex   -3.395956e+01 5.313393e+00 1.043993e+01
      vertex   -3.404428e+01 5.369927e+00 1.043993e+01
    endloop
  endfacet
  facet normal 0.000000e+00 0.000000e+00 -1.000000e+00
    outer loop
      vertex   -3.404428e+01 5.369927e+00 1.043993e+01
      vertex   -3.412173e+01 5.441866e+00 1.043993e+01
      vertex   -3.419175e+01 5.563726e+00 1.043993e+01
    endloop
  endfacet
  facet normal 0.000000e+00 0.000000e+00 -1.000000e+00
    outer loop
      vertex   -3.427066e+01 5.969210e+00 1.043993e+01
      vertex   -3.426400e+01 6.102415e+00 1.043993e+01
      vertex   -3.325259e+01 5.771456e+00 1.043993e+01
    endloop
  endfacet
  facet normal 0.000000e+00 0.000000e+00 -1.000000e+00
    outer loop
      vertex   -3.325259e+01 5.771456e+00 1.043993e+01
      vertex   -3.426400e+01 6.102415e+00 1.043993e+01
      vertex   -3.424182e+01 6.230589e+00 1.043993e+01
    endloop
  endfacet
  facet normal 0.000000e+00 0.000000e+00 -1.000000e+00
    outer loop
      vertex   -3.325259e+01 5.771456e+00 1.043993e+01
      vertex   -3.424182e+01 6.230589e+00 1.043993e+01
      vertex   -3.419140e+01 6.349601e+00 1.043993e+01
    endloop
  endfacet
  facet normal 0.000000e+00 0.000000e+00 -1.000000e+00
    outer loop
      vertex   -3.265201e+01 6.447726e+00 1.043993e+01
      vertex   -3.300357e+01 8.310519e+00 1.043993e+01
      vertex   -3.014468e+01 8.373995e+00 1.043993e+01
    endloop
  endfacet
  facet normal -0.000000e+00 0.000000e+00 -1.000000e+00
    outer loop
      vertex   -3.014468e+01 8.373995e+00 1.043993e+01
      vertex   -3.300357e+01 8.310519e+00 1.043993e+01
      vertex   -3.200000e+01 1.223760e+01 1.043993e+01
    endloop
  endfacet
  facet normal 0.000000e+00 0.000000e+00 -1.000000e+00
    outer loop
      vertex   -3.014468e+01 8.373995e+00 1.043993e+01
      vertex   -3.200000e+01 1.223760e+01 1.043993e+01
      vertex   -2.958804e+01 8.373995e+00 1.043993e+01
    endloop
  endfacet
  facet normal 0.000000e+00 0.000000e+00 -1.000000e+00
    outer loop
      vertex   -2.958804e+01 8.373995e+00 1.043993e+01
      vertex   -3.200000e+01 1.223760e+01 1.043993e+01
      vertex   -2.400000e+01 7.618802e+00 1.043993e+01
    endloop
  endfacet
  facet normal 0.000000e+00 0.000000e+00 -1.000000e+00
    outer loop
      vertex   -2.958804e+01 8.373995e+00 1.043993e+01
      vertex   -2.400000e+01 7.618802e+00 1.043993e+01
      vertex   -2.857242e+01 7.468234e+00 1.043993e+01
    endloop
  endfacet
  facet normal 0.000000e+00 0.000000e+00 -1.000000e+00
    outer loop
      vertex   -2.857242e+01 7.468234e+00 1.043993e+01
      vertex   -2.400000e+01 7.618802e+00 1.043993e+01
      vertex   -2.857242e+01 6.845675e+00 1.043993e+01
    endloop
  endfacet
  facet normal 0.000000e+00 -0.000000e+00 -1.000000e+00
    outer loop
      vertex   -2.857242e+01 6.845675e+00 1.043993e+01
      vertex   -2.400000e+01 7.618802e+00 1.043993e+01
      vertex   -2.945865e+01 4.780245e+00 1.043993e+01
    endloop
  endfacet
  facet normal -0.000000e+00 0.000000e+00 -1.000000e+00
    outer loop
      vertex   -2.857242e+01 6.845675e+00 1.043993e+01
      vertex   -2.945865e+01 4.780245e+00 1.043993e+01
      vertex   -2.881361e+01 6.942317e+00 1.043993e+01
    endloop
  endfacet
  facet normal -6.708677e-15 2.001495e-15 -1.000000e+00
    outer loop
      vertex   -2.881361e+01 6.942317e+00 1.043993e+01
      vertex   -2.945865e+01 4.780245e+00 1.043993e+01
      vertex   -2.904417e+01 7.057012e+00 1.043993e+01
    endloop
  endfacet
  facet normal 7.903350e-15 -6.585588e-16 -1.000000e+00
    outer loop
      vertex   -2.904417e+01 7.057012e+00 1.043993e+01
      vertex   -2.945865e+01 4.780245e+00 1.043993e+01
      vertex   -2.925684e+01 7.202124e+00 1.043993e+01
    endloop
  endfacet
  facet normal -0.000000e+00 0.000000e+00 -1.000000e+00
    outer loop
      vertex   -2.925684e+01 7.202124e+00 1.043993e+01
      vertex   -2.945865e+01 4.780245e+00 1.043993e+01
      vertex   -2.945865e+01 7.365695e+00 1.043993e+01
    endloop
  endfacet
  facet normal -0.000000e+00 0.000000e+00 -1.000000e+00
    outer loop
      vertex   -3.300357e+01 8.310519e+00 1.043993e+01
      vertex   -3.481753e+01 8.310519e+00 1.043993e+01
      vertex   -3.200000e+01 1.223760e+01 1.043993e+01
    endloop
  endfacet
  facet normal 0.000000e+00 0.000000e+00 -1.000000e+00
    outer loop
      vertex   -3.200000e+01 1.223760e+01 1.043993e+01
      vertex   -3.481753e+01 8.310519e+00 1.043993e+01
      vertex   -4.000000e+01 7.618802e+00 1.043993e+01
    endloop
  endfacet
  facet normal 0.000000e+00 0.000000e+00 -1.000000e+00
    outer loop
      vertex   -4.000000e+01 7.618802e+00 1.043993e+01
      vertex   -3.481753e+01 8.310519e+00 1.043993e+01
      vertex   -3.481753e+01 7.668429e+00 1.043993e+01
    endloop
  endfacet
  facet normal -0.000000e+00 0.000000e+00 -1.000000e+00
    outer loop
      vertex   -3.131656e+01 4.780245e+00 1.043993e+01
      vertex   -3.175713e+01 3.240912e+00 1.043993e+01
      vertex   -3.200259e+01 4.780245e+00 1.043993e+01
    endloop
  endfacet
  facet normal 0.000000e+00 -0.000000e+00 -1.000000e+00
    outer loop
      vertex   -3.200259e+01 4.780245e+00 1.043993e+01
      vertex   -3.175713e+01 3.240912e+00 1.043993e+01
      vertex   -3.208102e+01 3.248990e+00 1.043993e+01
    endloop
  endfacet
  facet normal 0.000000e+00 0.000000e+00 -1.000000e+00
    outer loop
      vertex   -3.200259e+01 4.780245e+00 1.043993e+01
      vertex   -3.208102e+01 3.248990e+00 1.043993e+01
      vertex   -3.240412e+01 3.224777e+00 1.043993e+01
    endloop
  endfacet
  facet normal 0.000000e+00 0.000000e+00 -1.000000e+00
    outer loop
      vertex   -3.131656e+01 5.466280e+00 1.043993e+01
      vertex   -3.014468e+01 4.780245e+00 1.043993e+01
      vertex   -3.131656e+01 4.780245e+00 1.043993e+01
    endloop
  endfacet
  facet normal 0.000000e+00 0.000000e+00 -1.000000e+00
    outer loop
      vertex   -3.131656e+01 4.780245e+00 1.043993e+01
      vertex   -3.014468e+01 4.780245e+00 1.043993e+01
      vertex   -3.111977e+01 3.128529e+00 1.043993e+01
    endloop
  endfacet
  facet normal 0.000000e+00 -0.000000e+00 -1.000000e+00
    outer loop
      vertex   -3.131656e+01 4.780245e+00 1.043993e+01
      vertex   -3.111977e+01 3.128529e+00 1.043993e+01
      vertex   -3.143564e+01 3.200625e+00 1.043993e+01
    endloop
  endfacet
  facet normal 0.000000e+00 0.000000e+00 -1.000000e+00
    outer loop
      vertex   -2.945865e+01 4.780245e+00 1.043993e+01
      vertex   -3.023672e+01 2.730084e+00 1.043993e+01
      vertex   -3.014468e+01 4.780245e+00 1.043993e+01
    endloop
  endfacet
  facet normal 0.000000e+00 0.000000e+00 -1.000000e+00
    outer loop
      vertex   -3.014468e+01 4.780245e+00 1.043993e+01
      vertex   -3.023672e+01 2.730084e+00 1.043993e+01
      vertex   -3.051732e+01 2.892083e+00 1.043993e+01
    endloop
  endfacet
  facet normal 0.000000e+00 0.000000e+00 -1.000000e+00
    outer loop
      vertex   -3.014468e+01 4.780245e+00 1.043993e+01
      vertex   -3.051732e+01 2.892083e+00 1.043993e+01
      vertex   -3.081264e+01 3.025340e+00 1.043993e+01
    endloop
  endfacet
  facet normal 0.000000e+00 0.000000e+00 -1.000000e+00
    outer loop
      vertex   -2.857242e+01 7.468234e+00 1.043993e+01
      vertex   -2.872805e+01 7.533790e+00 1.043993e+01
      vertex   -2.958804e+01 8.373995e+00 1.043993e+01
    endloop
  endfacet
  facet normal 0.000000e+00 0.000000e+00 -1.000000e+00
    outer loop
      vertex   -2.958804e+01 8.373995e+00 1.043993e+01
      vertex   -2.872805e+01 7.533790e+00 1.043993e+01
      vertex   -2.887800e+01 7.609522e+00 1.043993e+01
    endloop
  endfacet
  facet normal 0.000000e+00 0.000000e+00 -1.000000e+00
    outer loop
      vertex   -2.958804e+01 8.373995e+00 1.043993e+01
      vertex   -2.887800e+01 7.609522e+00 1.043993e+01
      vertex   -2.901935e+01 7.700613e+00 1.043993e+01
    endloop
  endfacet
  facet normal 0.000000e+00 0.000000e+00 -1.000000e+00
    outer loop
      vertex   -2.901935e+01 7.700613e+00 1.043993e+01
      vertex   -2.915591e+01 7.800265e+00 1.043993e+01
      vertex   -2.958804e+01 8.373995e+00 1.043993e+01
    endloop
  endfacet
  facet normal 0.000000e+00 0.000000e+00 -1.000000e+00
    outer loop
      vertex   -2.958804e+01 8.373995e+00 1.043993e+01
      vertex   -2.915591e+01 7.800265e+00 1.043993e+01
      vertex   -2.929215e+01 7.922692e+00 1.043993e+01
    endloop
  endfacet
  facet normal 0.000000e+00 0.000000e+00 -1.000000e+00
    outer loop
      vertex   -2.958804e+01 8.373995e+00 1.043993e+01
      vertex   -2.929215e+01 7.922692e+00 1.043993e+01
      vertex   -2.950879e+01 8.209126e+00 1.043993e+01
    endloop
  endfacet
  facet normal 0.000000e+00 0.000000e+00 -1.000000e+00
    outer loop
      vertex   -2.950879e+01 8.209126e+00 1.043993e+01
      vertex   -2.929215e+01 7.922692e+00 1.043993e+01
      vertex   -2.941340e+01 8.056280e+00 1.043993e+01
    endloop
  endfacet
  facet normal 0.000000e+00 0.000000e+00 -1.000000e+00
    outer loop
      vertex   -2.876615e+01 -3.235955e-01 1.043993e+01
      vertex   -2.875000e+01 3.980102e-16 1.043993e+01
      vertex   -2.400000e+01 -1.618802e+00 1.043993e+01
    endloop
  endfacet
  facet normal 0.000000e+00 0.000000e+00 -1.000000e+00
    outer loop
      vertex   -2.400000e+01 -1.618802e+00 1.043993e+01
      vertex   -2.875000e+01 3.980102e-16 1.043993e+01
      vertex   -2.876615e+01 3.235955e-01 1.043993e+01
    endloop
  endfacet
  facet normal 0.000000e+00 0.000000e+00 -1.000000e+00
    outer loop
      vertex   -2.400000e+01 -1.618802e+00 1.043993e+01
      vertex   -2.876615e+01 3.235955e-01 1.043993e+01
      vertex   -2.881444e+01 6.439750e-01 1.043993e+01
    endloop
  endfacet
  facet normal 0.000000e+00 0.000000e+00 -1.000000e+00
    outer loop
      vertex   -2.881444e+01 6.439750e-01 1.043993e+01
      vertex   -2.889439e+01 9.579543e-01 1.043993e+01
      vertex   -2.400000e+01 -1.618802e+00 1.043993e+01
    endloop
  endfacet
  facet normal 0.000000e+00 0.000000e+00 -1.000000e+00
    outer loop
      vertex   -2.400000e+01 -1.618802e+00 1.043993e+01
      vertex   -2.889439e+01 9.579543e-01 1.043993e+01
      vertex   -2.900520e+01 1.262413e+00 1.043993e+01
    endloop
  endfacet
  facet normal 0.000000e+00 0.000000e+00 -1.000000e+00
    outer loop
      vertex   -2.400000e+01 -1.618802e+00 1.043993e+01
      vertex   -2.900520e+01 1.262413e+00 1.043993e+01
      vertex   -2.400000e+01 7.618802e+00 1.043993e+01
    endloop
  endfacet
  facet normal 0.000000e+00 0.000000e+00 -1.000000e+00
    outer loop
      vertex   -2.400000e+01 7.618802e+00 1.043993e+01
      vertex   -2.900520e+01 1.262413e+00 1.043993e+01
      vertex   -2.914578e+01 1.554325e+00 1.043993e+01
    endloop
  endfacet
  facet normal 0.000000e+00 0.000000e+00 -1.000000e+00
    outer loop
      vertex   -2.400000e+01 7.618802e+00 1.043993e+01
      vertex   -2.914578e+01 1.554325e+00 1.043993e+01
      vertex   -2.945865e+01 4.780245e+00 1.043993e+01
    endloop
  endfacet
  facet normal 0.000000e+00 0.000000e+00 -1.000000e+00
    outer loop
      vertex   -2.945865e+01 4.780245e+00 1.043993e+01
      vertex   -2.914578e+01 1.554325e+00 1.043993e+01
      vertex   -2.931472e+01 1.830790e+00 1.043993e+01
    endloop
  endfacet
  facet normal 0.000000e+00 -0.000000e+00 -1.000000e+00
    outer loop
      vertex   -2.945865e+01 4.780245e+00 1.043993e+01
      vertex   -2.931472e+01 1.830790e+00 1.043993e+01
      vertex   -2.951036e+01 2.089060e+00 1.043993e+01
    endloop
  endfacet
  facet normal 0.000000e+00 0.000000e+00 -1.000000e+00
    outer loop
      vertex   -2.951036e+01 2.089060e+00 1.043993e+01
      vertex   -2.973073e+01 2.326567e+00 1.043993e+01
      vertex   -2.945865e+01 4.780245e+00 1.043993e+01
    endloop
  endfacet
  facet normal 0.000000e+00 0.000000e+00 -1.000000e+00
    outer loop
      vertex   -2.945865e+01 4.780245e+00 1.043993e+01
      vertex   -2.973073e+01 2.326567e+00 1.043993e+01
      vertex   -2.997366e+01 2.540952e+00 1.043993e+01
    endloop
  endfacet
  facet normal 0.000000e+00 0.000000e+00 -1.000000e+00
    outer loop
      vertex   -2.945865e+01 4.780245e+00 1.043993e+01
      vertex   -2.997366e+01 2.540952e+00 1.043993e+01
      vertex   -3.023672e+01 2.730084e+00 1.043993e+01
    endloop
  endfacet
  facet normal 0.000000e+00 0.000000e+00 -1.000000e+00
    outer loop
      vertex   -3.081264e+01 3.025340e+00 1.043993e+01
      vertex   -3.111977e+01 3.128529e+00 1.043993e+01
      vertex   -3.014468e+01 4.780245e+00 1.043993e+01
    endloop
  endfacet
  facet normal 0.000000e+00 0.000000e+00 -1.000000e+00
    outer loop
      vertex   -3.143564e+01 3.200625e+00 1.043993e+01
      vertex   -3.175713e+01 3.240912e+00 1.043993e+01
      vertex   -3.131656e+01 4.780245e+00 1.043993e+01
    endloop
  endfacet
  facet normal -0.000000e+00 0.000000e+00 -1.000000e+00
    outer loop
      vertex   -3.492815e+01 1.410122e+00 1.043993e+01
      vertex   -3.505400e+01 1.111565e+00 1.043993e+01
      vertex   -4.000000e+01 7.618802e+00 1.043993e+01
    endloop
  endfacet
  facet normal 0.000000e+00 -0.000000e+00 -1.000000e+00
    outer loop
      vertex   -4.000000e+01 7.618802e+00 1.043993e+01
      vertex   -3.505400e+01 1.111565e+00 1.043993e+01
      vertex   -4.000000e+01 -1.618802e+00 1.043993e+01
    endloop
  endfacet
  facet normal 0.000000e+00 0.000000e+00 -1.000000e+00
    outer loop
      vertex   -4.000000e+01 -1.618802e+00 1.043993e+01
      vertex   -3.505400e+01 1.111565e+00 1.043993e+01
      vertex   -3.514950e+01 8.019615e-01 1.043993e+01
    endloop
  endfacet
  facet normal 0.000000e+00 0.000000e+00 -1.000000e+00
    outer loop
      vertex   -4.000000e+01 -1.618802e+00 1.043993e+01
      vertex   -3.514950e+01 8.019615e-01 1.043993e+01
      vertex   -3.521370e+01 4.843874e-01 1.043993e+01
    endloop
  endfacet
  facet normal 0.000000e+00 0.000000e+00 -1.000000e+00
    outer loop
      vertex   -3.521370e+01 4.843874e-01 1.043993e+01
      vertex   -3.524596e+01 1.619991e-01 1.043993e+01
      vertex   -4.000000e+01 -1.618802e+00 1.043993e+01
    endloop
  endfacet
  facet normal 0.000000e+00 0.000000e+00 -1.000000e+00
    outer loop
      vertex   -4.000000e+01 -1.618802e+00 1.043993e+01
      vertex   -3.524596e+01 1.619991e-01 1.043993e+01
      vertex   -3.524596e+01 -1.619991e-01 1.043993e+01
    endloop
  endfacet
  facet normal 0.000000e+00 0.000000e+00 -1.000000e+00
    outer loop
      vertex   -4.000000e+01 -1.618802e+00 1.043993e+01
      vertex   -3.524596e+01 -1.619991e-01 1.043993e+01
      vertex   -3.521370e+01 -4.843874e-01 1.043993e+01
    endloop
  endfacet
  facet normal 0.000000e+00 -0.000000e+00 -1.000000e+00
    outer loop
      vertex   -3.521370e+01 -4.843874e-01 1.043993e+01
      vertex   -3.514950e+01 -8.019615e-01 1.043993e+01
      vertex   -4.000000e+01 -1.618802e+00 1.043993e+01
    endloop
  endfacet
  facet normal 0.000000e+00 0.000000e+00 -1.000000e+00
    outer loop
      vertex   -4.000000e+01 -1.618802e+00 1.043993e+01
      vertex   -3.514950e+01 -8.019615e-01 1.043993e+01
      vertex   -3.505400e+01 -1.111565e+00 1.043993e+01
    endloop
  endfacet
  facet normal 0.000000e+00 0.000000e+00 -1.000000e+00
    outer loop
      vertex   -4.000000e+01 -1.618802e+00 1.043993e+01
      vertex   -3.505400e+01 -1.111565e+00 1.043993e+01
      vertex   -3.492815e+01 -1.410122e+00 1.043993e+01
    endloop
  endfacet
  facet normal 0.000000e+00 -0.000000e+00 -1.000000e+00
    outer loop
      vertex   -3.492815e+01 -1.410122e+00 1.043993e+01
      vertex   -3.477320e+01 -1.694664e+00 1.043993e+01
      vertex   -4.000000e+01 -1.618802e+00 1.043993e+01
    endloop
  endfacet
  facet normal 0.000000e+00 0.000000e+00 -1.000000e+00
    outer loop
      vertex   -4.000000e+01 -1.618802e+00 1.043993e+01
      vertex   -3.477320e+01 -1.694664e+00 1.043993e+01
      vertex   -3.459068e+01 -1.962364e+00 1.043993e+01
    endloop
  endfacet
  facet normal 0.000000e+00 0.000000e+00 -1.000000e+00
    outer loop
      vertex   -4.000000e+01 -1.618802e+00 1.043993e+01
      vertex   -3.459068e+01 -1.962364e+00 1.043993e+01
      vertex   -3.438242e+01 -2.210561e+00 1.043993e+01
    endloop
  endfacet
  facet normal -0.000000e+00 -0.000000e+00 -1.000000e+00
    outer loop
      vertex   -3.438242e+01 -2.210561e+00 1.043993e+01
      vertex   -3.415048e+01 -2.436789e+00 1.043993e+01
      vertex   -4.000000e+01 -1.618802e+00 1.043993e+01
    endloop
  endfacet
  facet normal 0.000000e+00 0.000000e+00 -1.000000e+00
    outer loop
      vertex   -4.000000e+01 -1.618802e+00 1.043993e+01
      vertex   -3.415048e+01 -2.436789e+00 1.043993e+01
      vertex   -3.200000e+01 -6.237604e+00 1.043993e+01
    endloop
  endfacet
  facet normal 0.000000e+00 0.000000e+00 -1.000000e+00
    outer loop
      vertex   -3.200000e+01 -6.237604e+00 1.043993e+01
      vertex   -3.415048e+01 -2.436789e+00 1.043993e+01
      vertex   -3.389717e+01 -2.638799e+00 1.043993e+01
    endloop
  endfacet
  facet normal 0.000000e+00 0.000000e+00 -1.000000e+00
    outer loop
      vertex   -3.200000e+01 -6.237604e+00 1.043993e+01
      vertex   -3.389717e+01 -2.638799e+00 1.043993e+01
      vertex   -3.362500e+01 -2.814583e+00 1.043993e+01
    endloop
  endfacet
  facet normal 0.000000e+00 0.000000e+00 -1.000000e+00
    outer loop
      vertex   -3.362500e+01 -2.814583e+00 1.043993e+01
      vertex   -3.333668e+01 -2.962394e+00 1.043993e+01
      vertex   -3.200000e+01 -6.237604e+00 1.043993e+01
    endloop
  endfacet
  facet normal 0.000000e+00 0.000000e+00 -1.000000e+00
    outer loop
      vertex   -3.200000e+01 -6.237604e+00 1.043993e+01
      vertex   -3.333668e+01 -2.962394e+00 1.043993e+01
      vertex   -3.303508e+01 -3.080764e+00 1.043993e+01
    endloop
  endfacet
  facet normal 0.000000e+00 0.000000e+00 -1.000000e+00
    outer loop
      vertex   -3.200000e+01 -6.237604e+00 1.043993e+01
      vertex   -3.303508e+01 -3.080764e+00 1.043993e+01
      vertex   -3.272319e+01 -3.168516e+00 1.043993e+01
    endloop
  endfacet
  facet normal 0.000000e+00 0.000000e+00 -1.000000e+00
    outer loop
      vertex   -3.272319e+01 -3.168516e+00 1.043993e+01
      vertex   -3.240412e+01 -3.224777e+00 1.043993e+01
      vertex   -3.200000e+01 -6.237604e+00 1.043993e+01
    endloop
  endfacet
  facet normal 0.000000e+00 0.000000e+00 -1.000000e+00
    outer loop
      vertex   -3.200000e+01 -6.237604e+00 1.043993e+01
      vertex   -3.240412e+01 -3.224777e+00 1.043993e+01
      vertex   -3.208102e+01 -3.248990e+00 1.043993e+01
    endloop
  endfacet
  facet normal 0.000000e+00 0.000000e+00 -1.000000e+00
    outer loop
      vertex   -3.200000e+01 -6.237604e+00 1.043993e+01
      vertex   -3.208102e+01 -3.248990e+00 1.043993e+01
      vertex   -3.175713e+01 -3.240912e+00 1.043993e+01
    endloop
  endfacet
  facet normal 0.000000e+00 -0.000000e+00 -1.000000e+00
    outer loop
      vertex   -3.175713e+01 -3.240912e+00 1.043993e+01
      vertex   -3.143564e+01 -3.200625e+00 1.043993e+01
      vertex   -3.200000e+01 -6.237604e+00 1.043993e+01
    endloop
  endfacet
  facet normal 0.000000e+00 0.000000e+00 -1.000000e+00
    outer loop
      vertex   -3.200000e+01 -6.237604e+00 1.043993e+01
      vertex   -3.143564e+01 -3.200625e+00 1.043993e+01
      vertex   -3.111977e+01 -3.128529e+00 1.043993e+01
    endloop
  endfacet
  facet normal 0.000000e+00 0.000000e+00 -1.000000e+00
    outer loop
      vertex   -3.200000e+01 -6.237604e+00 1.043993e+01
      vertex   -3.111977e+01 -3.128529e+00 1.043993e+01
      vertex   -3.081264e+01 -3.025340e+00 1.043993e+01
    endloop
  endfacet
  facet normal 0.000000e+00 -0.000000e+00 -1.000000e+00
    outer loop
      vertex   -3.081264e+01 -3.025340e+00 1.043993e+01
      vertex   -3.051732e+01 -2.892083e+00 1.043993e+01
      vertex   -3.200000e+01 -6.237604e+00 1.043993e+01
    endloop
  endfacet
  facet normal 0.000000e+00 0.000000e+00 -1.000000e+00
    outer loop
      vertex   -3.200000e+01 -6.237604e+00 1.043993e+01
      vertex   -3.051732e+01 -2.892083e+00 1.043993e+01
      vertex   -3.023672e+01 -2.730084e+00 1.043993e+01
    endloop
  endfacet
  facet normal 0.000000e+00 0.000000e+00 -1.000000e+00
    outer loop
      vertex   -3.200000e+01 -6.237604e+00 1.043993e+01
      vertex   -3.023672e+01 -2.730084e+00 1.043993e+01
      vertex   -2.997366e+01 -2.540952e+00 1.043993e+01
    endloop
  endfacet
  facet normal 0.000000e+00 0.000000e+00 -1.000000e+00
    outer loop
      vertex   -3.200000e+01 -6.237604e+00 1.043993e+01
      vertex   -2.997366e+01 -2.540952e+00 1.043993e+01
      vertex   -2.400000e+01 -1.618802e+00 1.043993e+01
    endloop
  endfacet
  facet normal 0.000000e+00 0.000000e+00 -1.000000e+00
    outer loop
      vertex   -2.400000e+01 -1.618802e+00 1.043993e+01
      vertex   -2.997366e+01 -2.540952e+00 1.043993e+01
      vertex   -2.973073e+01 -2.326567e+00 1.043993e+01
    endloop
  endfacet
  facet normal 0.000000e+00 0.000000e+00 -1.000000e+00
    outer loop
      vertex   -2.400000e+01 -1.618802e+00 1.043993e+01
      vertex   -2.973073e+01 -2.326567e+00 1.043993e+01
      vertex   -2.951036e+01 -2.089060e+00 1.043993e+01
    endloop
  endfacet
  facet normal 0.000000e+00 0.000000e+00 -1.000000e+00
    outer loop
      vertex   -2.951036e+01 -2.089060e+00 1.043993e+01
      vertex   -2.931472e+01 -1.830790e+00 1.043993e+01
      vertex   -2.400000e+01 -1.618802e+00 1.043993e+01
    endloop
  endfacet
  facet normal -0.000000e+00 0.000000e+00 -1.000000e+00
    outer loop
      vertex   -2.400000e+01 -1.618802e+00 1.043993e+01
      vertex   -2.931472e+01 -1.830790e+00 1.043993e+01
      vertex   -2.914578e+01 -1.554325e+00 1.043993e+01
    endloop
  endfacet
  facet normal 0.000000e+00 0.000000e+00 -1.000000e+00
    outer loop
      vertex   -2.400000e+01 -1.618802e+00 1.043993e+01
      vertex   -2.914578e+01 -1.554325e+00 1.043993e+01
      vertex   -2.900520e+01 -1.262413e+00 1.043993e+01
    endloop
  endfacet
  facet normal 0.000000e+00 0.000000e+00 -1.000000e+00
    outer loop
      vertex   -2.900520e+01 -1.262413e+00 1.043993e+01
      vertex   -2.889439e+01 -9.579543e-01 1.043993e+01
      vertex   -2.400000e+01 -1.618802e+00 1.043993e+01
    endloop
  endfacet
  facet normal 0.000000e+00 0.000000e+00 -1.000000e+00
    outer loop
      vertex   -2.400000e+01 -1.618802e+00 1.043993e+01
      vertex   -2.889439e+01 -9.579543e-01 1.043993e+01
      vertex   -2.881444e+01 -6.439750e-01 1.043993e+01
    endloop
  endfacet
  facet normal 0.000000e+00 0.000000e+00 -1.000000e+00
    outer loop
      vertex   -2.400000e+01 -1.618802e+00 1.043993e+01
      vertex   -2.881444e+01 -6.439750e-01 1.043993e+01
      vertex   -2.876615e+01 -3.235955e-01 1.043993e+01
    endloop
  endfacet
endsolid
